BCU_name,rcp,year,cap_km3_year
0|EEU,2p6,2025,0.23236685061728599
0|EEU,2p6,2030,0.37611501213653087
0|EEU,2p6,2035,0.5750068940313406
0|EEU,2p6,2040,0.815891899158869
0|EEU,2p6,2045,0.9852861487668505
0|EEU,2p6,2050,1.160316449708025
0|EEU,2p6,2055,1.4858818437939423
0|EEU,2p6,2060,1.6066365434734413
0|EEU,2p6,2065,1.6613005743212956
0|EEU,2p6,2070,1.5664666989002294
0|EEU,2p6,2075,1.5050321738762198
0|EEU,2p6,2080,1.4193889135053352
0|EEU,2p6,2085,1.344546231772409
0|EEU,2p6,2090,1.261166247114843
0|EEU,2p6,2095,1.202053870825386
0|EEU,2p6,2100,1.141152862137844
0|EEU,7p0,2025,0.21161907098123692
0|EEU,7p0,2030,0.31239919771934077
0|EEU,7p0,2035,0.47556802682621646
0|EEU,7p0,2040,0.6053713954242013
0|EEU,7p0,2045,0.7364345236132582
0|EEU,7p0,2050,0.818621776529547
0|EEU,7p0,2055,0.8454824169401447
0|EEU,7p0,2060,0.8676698316805933
0|EEU,7p0,2065,0.896389458683026
0|EEU,7p0,2070,0.8955525501366303
0|EEU,7p0,2075,0.9024925773344564
0|EEU,7p0,2080,0.9469743713149839
0|EEU,7p0,2085,1.0108861667519138
0|EEU,7p0,2090,1.0310352052871088
0|EEU,7p0,2095,1.0380740956537386
0|EEU,7p0,2100,1.0501640702646031
0|EEU,no_climate,2025,0.22199296079926145
0|EEU,no_climate,2030,0.3442571049279358
0|EEU,no_climate,2035,0.5252874604287785
0|EEU,no_climate,2040,0.710631647291535
0|EEU,no_climate,2045,0.8608603361900544
0|EEU,no_climate,2050,0.989469113118786
0|EEU,no_climate,2055,1.1656821303670435
0|EEU,no_climate,2060,1.2371531875770172
0|EEU,no_climate,2065,1.2788450165021608
0|EEU,no_climate,2070,1.2310096245184299
0|EEU,no_climate,2075,1.2037623756053382
0|EEU,no_climate,2080,1.1831816424101596
0|EEU,no_climate,2085,1.1777161992621614
0|EEU,no_climate,2090,1.146100726200976
0|EEU,no_climate,2095,1.1200639832395622
0|EEU,no_climate,2100,1.0956584662012236
0|WEU,2p6,2025,0.08465278251477969
0|WEU,2p6,2030,0.09861597464450443
0|WEU,2p6,2035,0.11444404913504438
0|WEU,2p6,2040,0.13235174638406527
0|WEU,2p6,2045,0.14644675300565604
0|WEU,2p6,2050,0.16437046255173163
0|WEU,2p6,2055,0.18135469390824108
0|WEU,2p6,2060,0.18446753009484546
0|WEU,2p6,2065,0.1726928524110929
0|WEU,2p6,2070,0.16159161569076483
0|WEU,2p6,2075,0.15651949171893043
0|WEU,2p6,2080,0.1479209979286806
0|WEU,2p6,2085,0.14311096413796554
0|WEU,2p6,2090,0.13807195589740417
0|WEU,2p6,2095,0.13276664088769452
0|WEU,2p6,2100,0.12855815189526673
0|WEU,7p0,2025,0.08431643720222771
0|WEU,7p0,2030,0.09833193108294645
0|WEU,7p0,2035,0.10821871580949531
0|WEU,7p0,2040,0.12191953741635432
0|WEU,7p0,2045,0.1300440676205013
0|WEU,7p0,2050,0.13314683824806287
0|WEU,7p0,2055,0.13444062007855262
0|WEU,7p0,2060,0.13669397471681796
0|WEU,7p0,2065,0.13847845342378323
0|WEU,7p0,2070,0.1417139030879329
0|WEU,7p0,2075,0.14518132109098636
0|WEU,7p0,2080,0.14728270864544518
0|WEU,7p0,2085,0.14635138509182558
0|WEU,7p0,2090,0.1503005905559729
0|WEU,7p0,2095,0.15129518105207745
0|WEU,7p0,2100,0.1517316382973967
0|WEU,no_climate,2025,0.0844846098585037
0|WEU,no_climate,2030,0.09847395286372544
0|WEU,no_climate,2035,0.11133138247226984
0|WEU,no_climate,2040,0.1271356419002098
0|WEU,no_climate,2045,0.1382454103130787
0|WEU,no_climate,2050,0.14875865039989725
0|WEU,no_climate,2055,0.15789765699339686
0|WEU,no_climate,2060,0.1605807524058317
0|WEU,no_climate,2065,0.15558565291743806
0|WEU,no_climate,2070,0.15165275938934886
0|WEU,no_climate,2075,0.1508504064049584
0|WEU,no_climate,2080,0.14760185328706288
0|WEU,no_climate,2085,0.14473117461489554
0|WEU,no_climate,2090,0.14418627322668853
0|WEU,no_climate,2095,0.142030910969886
0|WEU,no_climate,2100,0.1401448950963317
100|LAM,2p6,2025,0.4331745352919408
100|LAM,2p6,2030,0.5608990078276408
100|LAM,2p6,2035,0.7218507298343156
100|LAM,2p6,2040,0.9059710394236216
100|LAM,2p6,2045,1.1735364869078948
100|LAM,2p6,2050,1.6237636703541805
100|LAM,2p6,2055,1.8908165181390464
100|LAM,2p6,2060,2.032438742314456
100|LAM,2p6,2065,2.2961283199113725
100|LAM,2p6,2070,2.5858434934435475
100|LAM,2p6,2075,2.935447788479782
100|LAM,2p6,2080,2.95387190691485
100|LAM,2p6,2085,2.7631354630220732
100|LAM,2p6,2090,2.509859913909476
100|LAM,2p6,2095,2.2984763299535915
100|LAM,2p6,2100,2.171898147993561
100|LAM,7p0,2025,0.43160774891500503
100|LAM,7p0,2030,0.5669953943468055
100|LAM,7p0,2035,0.7213036083902655
100|LAM,7p0,2040,0.8510744538834318
100|LAM,7p0,2045,0.9930387814678386
100|LAM,7p0,2050,1.1717766552285944
100|LAM,7p0,2055,1.564344546149811
100|LAM,7p0,2060,1.8817883053452207
100|LAM,7p0,2065,2.033579877946262
100|LAM,7p0,2070,2.125413505700077
100|LAM,7p0,2075,2.189522120552789
100|LAM,7p0,2080,2.247984527450548
100|LAM,7p0,2085,2.330702167289982
100|LAM,7p0,2090,2.3774184364299114
100|LAM,7p0,2095,2.474422198119369
100|LAM,7p0,2100,2.53626444102005
100|LAM,no_climate,2025,0.4323911421034729
100|LAM,no_climate,2030,0.5639472010872231
100|LAM,no_climate,2035,0.7215771691122905
100|LAM,no_climate,2040,0.8785227466535267
100|LAM,no_climate,2045,1.0832876341878668
100|LAM,no_climate,2050,1.3977701627913874
100|LAM,no_climate,2055,1.7275805321444286
100|LAM,no_climate,2060,1.9571135238298383
100|LAM,no_climate,2065,2.164854098928817
100|LAM,no_climate,2070,2.355628499571812
100|LAM,no_climate,2075,2.562484954516285
100|LAM,no_climate,2080,2.600928217182699
100|LAM,no_climate,2085,2.546918815156028
100|LAM,no_climate,2090,2.443639175169694
100|LAM,no_climate,2095,2.3864492640364805
100|LAM,no_climate,2100,2.3540812945068055
101|LAM,2p6,2025,0.02159970939434033
101|LAM,2p6,2030,0.02796853134611366
101|LAM,2p6,2035,0.03599418876274784
101|LAM,2p6,2040,0.04517511898073651
101|LAM,2p6,2045,0.05851693720588197
101|LAM,2p6,2050,0.08096695568935088
101|LAM,2p6,2055,0.09428321376808708
101|LAM,2p6,2060,0.10134502981853274
101|LAM,2p6,2065,0.11449358261278034
101|LAM,2p6,2070,0.128939869376171
101|LAM,2p6,2075,0.14637245268974594
101|LAM,2p6,2080,0.1472911484385073
101|LAM,2p6,2085,0.1377803129130135
101|LAM,2p6,2090,0.12515104269555466
101|LAM,2p6,2095,0.11461066321294244
101|LAM,2p6,2100,0.10829899961490116
101|LAM,7p0,2025,0.021521583540515577
101|LAM,7p0,2030,0.028272520076847295
101|LAM,7p0,2035,0.035966907232482144
101|LAM,7p0,2040,0.042437769026380356
101|LAM,7p0,2045,0.0495166436377873
101|LAM,7p0,2050,0.05842918538817593
101|LAM,7p0,2055,0.07800409496990528
101|LAM,7p0,2060,0.09383303316694562
101|LAM,7p0,2065,0.10140193112740105
101|LAM,7p0,2070,0.10598110074727168
101|LAM,7p0,2075,0.10917779708483229
101|LAM,7p0,2080,0.11209295228580507
101|LAM,7p0,2085,0.11621756450732762
101|LAM,7p0,2090,0.118547013159544
101|LAM,7p0,2095,0.12338398507719844
101|LAM,7p0,2100,0.1264676715964179
101|LAM,no_climate,2025,0.021560646467427953
101|LAM,no_climate,2030,0.02812052571148048
101|LAM,no_climate,2035,0.03598054799761499
101|LAM,no_climate,2040,0.04380644400355843
101|LAM,no_climate,2045,0.05401679042183463
101|LAM,no_climate,2050,0.0696980705387634
101|LAM,no_climate,2055,0.08614365436899618
101|LAM,no_climate,2060,0.09758903149273918
101|LAM,no_climate,2065,0.1079477568700907
101|LAM,no_climate,2070,0.11746048506172134
101|LAM,no_climate,2075,0.12777512488728912
101|LAM,no_climate,2080,0.1296920503621562
101|LAM,no_climate,2085,0.12699893871017054
101|LAM,no_climate,2090,0.12184902792754933
101|LAM,no_climate,2095,0.11899732414507044
101|LAM,no_climate,2100,0.11738333560565953
103|NAM,2p6,2025,0.006996125726440734
103|NAM,2p6,2030,0.010878180604917197
103|NAM,2p6,2035,0.011899589444334438
103|NAM,2p6,2040,0.011625056398356837
103|NAM,2p6,2045,0.011191293491440954
103|NAM,2p6,2050,0.011240624982692616
103|NAM,2p6,2055,0.0108772608800021
103|NAM,2p6,2060,0.010735446475731915
103|NAM,2p6,2065,0.010371691558156761
103|NAM,2p6,2070,0.010315774989855838
103|NAM,2p6,2075,0.010189872381760253
103|NAM,2p6,2080,0.010066107274930123
103|NAM,2p6,2085,0.009880484829576394
103|NAM,2p6,2090,0.009668691140628696
103|NAM,2p6,2095,0.009454091795965415
103|NAM,2p6,2100,0.009123596671053315
103|NAM,7p0,2025,0.006937778054281413
103|NAM,7p0,2030,0.010713777013366553
103|NAM,7p0,2035,0.011913160441292307
103|NAM,7p0,2040,0.012586054865301935
103|NAM,7p0,2045,0.013001158838040322
103|NAM,7p0,2050,0.013674838616825231
103|NAM,7p0,2055,0.014272239712109915
103|NAM,7p0,2060,0.014694579899183489
103|NAM,7p0,2065,0.015106591567744706
103|NAM,7p0,2070,0.015550023876026253
103|NAM,7p0,2075,0.01597331978611152
103|NAM,7p0,2080,0.01632281634497586
103|NAM,7p0,2085,0.016683513164539334
103|NAM,7p0,2090,0.01759421955758704
103|NAM,7p0,2095,0.018045403017851906
103|NAM,7p0,2100,0.01814703647289208
103|NAM,no_climate,2025,0.006966951890361074
103|NAM,no_climate,2030,0.010795978809141876
103|NAM,no_climate,2035,0.011906374942813373
103|NAM,no_climate,2040,0.012105555631829386
103|NAM,no_climate,2045,0.012096226164740638
103|NAM,no_climate,2050,0.012457731799758924
103|NAM,no_climate,2055,0.012574750296056009
103|NAM,no_climate,2060,0.012715013187457703
103|NAM,no_climate,2065,0.012739141562950734
103|NAM,no_climate,2070,0.012932899432941045
103|NAM,no_climate,2075,0.013081596083935887
103|NAM,no_climate,2080,0.013194461809952991
103|NAM,no_climate,2085,0.013281998997057863
103|NAM,no_climate,2090,0.013631455349107868
103|NAM,no_climate,2095,0.01374974740690866
103|NAM,no_climate,2100,0.013635316571972698
104|NAM,2p6,2025,0.2966785128514087
104|NAM,2p6,2030,0.4613013788758434
104|NAM,2p6,2035,0.5046153596904444
104|NAM,2p6,2040,0.4929734797423207
104|NAM,2p6,2045,0.4745792799829379
104|NAM,2p6,2050,0.4766712368793059
104|NAM,2p6,2055,0.4612623769152279
104|NAM,2p6,2060,0.45524857896405935
104|NAM,2p6,2065,0.43982314605899825
104|NAM,2p6,2070,0.4374519416272974
104|NAM,2p6,2075,0.432112901136252
104|NAM,2p6,2080,0.4268645037699086
104|NAM,2p6,2085,0.4189929769859834
104|NAM,2p6,2090,0.4100116294337456
104|NAM,2p6,2095,0.4009113049222849
104|NAM,2p6,2100,0.3868962906132945
104|NAM,7p0,2025,0.2942042147496541
104|NAM,7p0,2030,0.45432966124870894
104|NAM,7p0,2035,0.5051908529495428
104|NAM,7p0,2040,0.5337256913482724
104|NAM,7p0,2045,0.5513286381971693
104|NAM,7p0,2050,0.5798967804408987
104|NAM,7p0,2055,0.6052302400519841
104|NAM,7p0,2060,0.6231400466389106
104|NAM,7p0,2065,0.6406118608809277
104|NAM,7p0,2070,0.6594161023876288
104|NAM,7p0,2075,0.6773664374745986
104|NAM,7p0,2080,0.6921872287789465
104|NAM,7p0,2085,0.7074829796277188
104|NAM,7p0,2090,0.746102499759059
104|NAM,7p0,2095,0.7652354375089686
104|NAM,7p0,2100,0.7695453175020216
104|NAM,no_climate,2025,0.29544136380053143
104|NAM,no_climate,2030,0.45781552006227616
104|NAM,no_climate,2035,0.5049031063199936
104|NAM,no_climate,2040,0.5133495855452965
104|NAM,no_climate,2045,0.5129539590900536
104|NAM,no_climate,2050,0.5282840086601023
104|NAM,no_climate,2055,0.533246308483606
104|NAM,no_climate,2060,0.539194312801485
104|NAM,no_climate,2065,0.540217503469963
104|NAM,no_climate,2070,0.548434022007463
104|NAM,no_climate,2075,0.5547396693054253
104|NAM,no_climate,2080,0.5595258662744276
104|NAM,no_climate,2085,0.5632379783068511
104|NAM,no_climate,2090,0.5780570645964023
104|NAM,no_climate,2095,0.5830733712156267
104|NAM,no_climate,2100,0.5782208040576581
105|CHN,2p6,2025,0.3506146545985055
105|CHN,2p6,2030,0.4379591168984081
105|CHN,2p6,2035,0.5179601958206409
105|CHN,2p6,2040,0.6168045821484387
105|CHN,2p6,2045,0.7878197864466407
105|CHN,2p6,2050,0.9537013622796132
105|CHN,2p6,2055,1.01315557461404
105|CHN,2p6,2060,1.2207260224298273
105|CHN,2p6,2065,1.691120117315947
105|CHN,2p6,2070,1.6822077086179876
105|CHN,2p6,2075,1.483805477628332
105|CHN,2p6,2080,1.2945727986362634
105|CHN,2p6,2085,1.1610564523235078
105|CHN,2p6,2090,1.034281068027065
105|CHN,2p6,2095,0.9204043056445946
105|CHN,2p6,2100,0.8392901874506332
105|CHN,7p0,2025,0.351442828629899
105|CHN,7p0,2030,0.42925260294875656
105|CHN,7p0,2035,0.49042499527164224
105|CHN,7p0,2040,0.5017387442110057
105|CHN,7p0,2045,0.5104303818703844
105|CHN,7p0,2050,0.49197785268205624
105|CHN,7p0,2055,0.4726689116344313
105|CHN,7p0,2060,0.46499892487465794
105|CHN,7p0,2065,0.4556419668542963
105|CHN,7p0,2070,0.44872536188225143
105|CHN,7p0,2075,0.4437309433902872
105|CHN,7p0,2080,0.43407654191756956
105|CHN,7p0,2085,0.4174467749765596
105|CHN,7p0,2090,0.40930041084601154
105|CHN,7p0,2095,0.40882146003579284
105|CHN,7p0,2100,0.40870491004001436
105|CHN,no_climate,2025,0.3510287416142023
105|CHN,no_climate,2030,0.43360585992358236
105|CHN,no_climate,2035,0.5041925955461416
105|CHN,no_climate,2040,0.5592716631797222
105|CHN,no_climate,2045,0.6491250841585126
105|CHN,no_climate,2050,0.7228396074808348
105|CHN,no_climate,2055,0.7429122431242356
105|CHN,no_climate,2060,0.8428624736522426
105|CHN,no_climate,2065,1.0733810420851215
105|CHN,no_climate,2070,1.0654665352501196
105|CHN,no_climate,2075,0.9637682105093096
105|CHN,no_climate,2080,0.8643246702769165
105|CHN,no_climate,2085,0.7892516136500337
105|CHN,no_climate,2090,0.7217907394365384
105|CHN,no_climate,2095,0.6646128828401937
105|CHN,no_climate,2100,0.6239975487453238
105|FSU,2p6,2025,0.02869388736986339
105|FSU,2p6,2030,0.042616617732041326
105|FSU,2p6,2035,0.06707085557202576
105|FSU,2p6,2040,0.08747132174353894
105|FSU,2p6,2045,0.1287556318090647
105|FSU,2p6,2050,0.16539282362604976
105|FSU,2p6,2055,0.20255685820428476
105|FSU,2p6,2060,0.2564507896335872
105|FSU,2p6,2065,0.3090880679717193
105|FSU,2p6,2070,0.36356119721706837
105|FSU,2p6,2075,0.3789749261106084
105|FSU,2p6,2080,0.37681575799050293
105|FSU,2p6,2085,0.3648229705883771
105|FSU,2p6,2090,0.3515933501916061
105|FSU,2p6,2095,0.34844388398594933
105|FSU,2p6,2100,0.34286844958549656
105|FSU,7p0,2025,0.02798505285252877
105|FSU,7p0,2030,0.04002138178781227
105|FSU,7p0,2035,0.05738715374477593
105|FSU,7p0,2040,0.06889245620753869
105|FSU,7p0,2045,0.07741006320441181
105|FSU,7p0,2050,0.08807208428953632
105|FSU,7p0,2055,0.09586694149344024
105|FSU,7p0,2060,0.102913935444144
105|FSU,7p0,2065,0.10768328459648246
105|FSU,7p0,2070,0.11521415863202057
105|FSU,7p0,2075,0.12328996659222345
105|FSU,7p0,2080,0.12811828026287894
105|FSU,7p0,2085,0.13521180319665696
105|FSU,7p0,2090,0.14401101653753023
105|FSU,7p0,2095,0.15431408040261102
105|FSU,7p0,2100,0.16545523028559964
105|FSU,no_climate,2025,0.02833947011119608
105|FSU,no_climate,2030,0.0413189997599268
105|FSU,no_climate,2035,0.062229004658400845
105|FSU,no_climate,2040,0.07818188897553882
105|FSU,no_climate,2045,0.10308284750673827
105|FSU,no_climate,2050,0.12673245395779303
105|FSU,no_climate,2055,0.14921189984886252
105|FSU,no_climate,2060,0.1796823625388656
105|FSU,no_climate,2065,0.20838567628410087
105|FSU,no_climate,2070,0.23938767792454446
105|FSU,no_climate,2075,0.2511324463514159
105|FSU,no_climate,2080,0.25246701912669095
105|FSU,no_climate,2085,0.250017386892517
105|FSU,no_climate,2090,0.24780218336456816
105|FSU,no_climate,2095,0.2513789821942802
105|FSU,no_climate,2100,0.2541618399355481
106|EEU,2p6,2025,0.326517987117604
106|EEU,2p6,2030,0.5285104840096216
106|EEU,2p6,2035,0.8079900085537067
106|EEU,2p6,2040,1.1464775630052588
106|EEU,2p6,2045,1.3845075111857439
106|EEU,2p6,2050,1.6304571438294688
106|EEU,2p6,2055,2.087936155442734
106|EEU,2p6,2060,2.257618626800409
106|EEU,2p6,2065,2.3344316028026246
106|EEU,2p6,2070,2.201172637374513
106|EEU,2p6,2075,2.1148458769219034
106|EEU,2p6,2080,1.9945014090591118
106|EEU,2p6,2085,1.8893337324950923
106|EEU,2p6,2090,1.7721695815675336
106|EEU,2p6,2095,1.6891058654286015
106|EEU,2p6,2100,1.603528793151457
106|EEU,7p0,2025,0.297363556414921
106|EEU,7p0,2030,0.4389780941020568
106|EEU,7p0,2035,0.6682601861852465
106|EEU,7p0,2040,0.8506576947933246
106|EEU,7p0,2045,1.034825396373577
106|EEU,7p0,2050,1.150313540735231
106|EEU,7p0,2055,1.1880576605021393
106|EEU,7p0,2060,1.2192350422205271
106|EEU,7p0,2065,1.2595913786544517
106|EEU,7p0,2070,1.258415368852517
106|EEU,7p0,2075,1.2681673782512581
106|EEU,7p0,2080,1.330672446402409
106|EEU,7p0,2085,1.4204802255400153
106|EEU,7p0,2090,1.4487933153262291
106|EEU,7p0,2095,1.4586842455856355
106|EEU,7p0,2100,1.4756728744014738
106|EEU,no_climate,2025,0.3119407717662625
106|EEU,no_climate,2030,0.4837442890558392
106|EEU,no_climate,2035,0.7381250973694766
106|EEU,no_climate,2040,0.9985676288992917
106|EEU,no_climate,2045,1.2096664537796604
106|EEU,no_climate,2050,1.3903853422823498
106|EEU,no_climate,2055,1.6379969079724366
106|EEU,no_climate,2060,1.7384268345104679
106|EEU,no_climate,2065,1.7970114907285382
106|EEU,no_climate,2070,1.7297940031135148
106|EEU,no_climate,2075,1.6915066275865809
106|EEU,no_climate,2080,1.6625869277307603
106|EEU,no_climate,2085,1.6549069790175537
106|EEU,no_climate,2090,1.6104814484468815
106|EEU,no_climate,2095,1.5738950555071185
106|EEU,no_climate,2100,1.5396008337764653
106|FSU,2p6,2025,0.023180876744442407
106|FSU,2p6,2030,0.03442860669861798
106|FSU,2p6,2035,0.054184405762753546
106|FSU,2p6,2040,0.07066529194437605
106|FSU,2p6,2045,0.10401756975785281
106|FSU,2p6,2050,0.1336155889047464
106|FSU,2p6,2055,0.16363922752086055
106|FSU,2p6,2060,0.2071784163952204
106|FSU,2p6,2065,0.24970239530372745
106|FSU,2p6,2070,0.29370949962681553
106|FSU,2p6,2075,0.30616175975622106
106|FSU,2p6,2080,0.30441743667383303
106|FSU,2p6,2085,0.2947288461037396
106|FSU,2p6,2090,0.28404105759184206
106|FSU,2p6,2095,0.2814967042603101
106|FSU,2p6,2100,0.27699248857256875
106|FSU,7p0,2025,0.022608231938015873
106|FSU,7p0,2030,0.03233199832449071
106|FSU,7p0,2035,0.04636125180686351
106|FSU,7p0,2040,0.05565601883717346
106|FSU,7p0,2045,0.06253712195879124
106|FSU,7p0,2050,0.07115062885087235
106|FSU,7p0,2055,0.07744784545854617
106|FSU,7p0,2060,0.08314088718846054
106|FSU,7p0,2065,0.08699389230507243
106|FSU,7p0,2070,0.09307784532773189
106|FSU,7p0,2075,0.09960203309372509
106|FSU,7p0,2080,0.10350267376468984
106|FSU,7p0,2085,0.1092333047765229
106|FSU,7p0,2090,0.11634190868486144
106|FSU,7p0,2095,0.12466542548368316
106|FSU,7p0,2100,0.13366600525525374
106|FSU,no_climate,2025,0.02289455434122914
106|FSU,no_climate,2030,0.03338030251155435
106|FSU,no_climate,2035,0.05027282878480853
106|FSU,no_climate,2040,0.06316065539077476
106|FSU,no_climate,2045,0.08327734585832203
106|FSU,no_climate,2050,0.10238310887780938
106|FSU,no_climate,2055,0.12054353648970337
106|FSU,no_climate,2060,0.14515965179184045
106|FSU,no_climate,2065,0.16834814380439994
106|FSU,no_climate,2070,0.1933936724772737
106|FSU,no_climate,2075,0.20288189642497306
106|FSU,no_climate,2080,0.20396005521926144
106|FSU,no_climate,2085,0.20198107544013127
106|FSU,no_climate,2090,0.20019148313835175
106|FSU,no_climate,2095,0.20308106487199662
106|FSU,no_climate,2100,0.20532924691391125
106|WEU,2p6,2025,0.09173520310519936
106|WEU,2p6,2030,0.10686661672168128
106|WEU,2p6,2035,0.12401893688198318
106|WEU,2p6,2040,0.14342487010099506
106|WEU,2p6,2045,0.15869912638400632
106|WEU,2p6,2050,0.17812241155860495
106|WEU,2p6,2055,0.1965276177052909
106|WEU,2p6,2060,0.1999008873289032
106|WEU,2p6,2065,0.1871410888116045
106|WEU,2p6,2070,0.17511107426269829
106|WEU,2p6,2075,0.16961459430175024
106|WEU,2p6,2080,0.16029671306010707
106|WEU,2p6,2085,0.15508425088667432
106|WEU,2p6,2090,0.14962365726335233
106|WEU,2p6,2095,0.14387447648636123
106|WEU,2p6,2100,0.13931388696977975
106|WEU,7p0,2025,0.0913707176784498
106|WEU,7p0,2030,0.10655880883827597
106|WEU,7p0,2035,0.11727276504862255
106|WEU,7p0,2040,0.13211985708123092
106|WEU,7p0,2045,0.14092412087824935
106|WEU,7p0,2050,0.14428648281429693
106|WEU,7p0,2055,0.14568850806932113
106|WEU,7p0,2060,0.1481303881737728
106|WEU,7p0,2065,0.1500641641437686
106|WEU,7p0,2070,0.15357030562264556
106|WEU,7p0,2075,0.15732782292227124
106|WEU,7p0,2080,0.1596050217146129
106|WEU,7p0,2085,0.15859577957501714
106|WEU,7p0,2090,0.16287539277372642
106|WEU,7p0,2095,0.16395319504384936
106|WEU,7p0,2100,0.1644261682038173
106|WEU,no_climate,2025,0.09155296039182459
106|WEU,no_climate,2030,0.10671271277997862
106|WEU,no_climate,2035,0.12064585096530286
106|WEU,no_climate,2040,0.137772363591113
106|WEU,no_climate,2045,0.14981162363112782
106|WEU,no_climate,2050,0.16120444718645094
106|WEU,no_climate,2055,0.171108062887306
106|WEU,no_climate,2060,0.174015637751338
106|WEU,no_climate,2065,0.16860262647768653
106|WEU,no_climate,2070,0.16434068994267192
106|WEU,no_climate,2075,0.16347120861201075
106|WEU,no_climate,2080,0.15995086738735997
106|WEU,no_climate,2085,0.15684001523084573
106|WEU,no_climate,2090,0.1562495250185394
106|WEU,no_climate,2095,0.1539138357651053
106|WEU,no_climate,2100,0.15187002758679852
107|AFR,2p6,2025,0.05481571624834204
107|AFR,2p6,2030,0.07775050679646296
107|AFR,2p6,2035,0.10921856243188624
107|AFR,2p6,2040,0.15729275595567524
107|AFR,2p6,2045,0.22692881901352635
107|AFR,2p6,2050,0.31010711332012075
107|AFR,2p6,2055,0.41609655067964224
107|AFR,2p6,2060,0.5458330638476382
107|AFR,2p6,2065,0.7023446038421074
107|AFR,2p6,2070,0.8914273070335219
107|AFR,2p6,2075,1.1500063340152538
107|AFR,2p6,2080,1.318607096564603
107|AFR,2p6,2085,1.5151682070487256
107|AFR,2p6,2090,1.7981761722465186
107|AFR,2p6,2095,2.0920279814356504
107|AFR,2p6,2100,2.382558767700058
107|AFR,7p0,2025,0.052697065767961904
107|AFR,7p0,2030,0.0709645533306923
107|AFR,7p0,2035,0.09311243576443373
107|AFR,7p0,2040,0.11680891542525916
107|AFR,7p0,2045,0.1508936889890057
107|AFR,7p0,2050,0.19038939140602004
107|AFR,7p0,2055,0.23284098394814268
107|AFR,7p0,2060,0.28955776223977836
107|AFR,7p0,2065,0.3569837075304009
107|AFR,7p0,2070,0.42924968262015833
107|AFR,7p0,2075,0.5118249252122488
107|AFR,7p0,2080,0.5866854735188614
107|AFR,7p0,2085,0.6493787250096251
107|AFR,7p0,2090,0.7111694187097377
107|AFR,7p0,2095,0.7983876321705761
107|AFR,7p0,2100,0.8851684100239267
107|AFR,no_climate,2025,0.05375639100815197
107|AFR,no_climate,2030,0.07435753006357763
107|AFR,no_climate,2035,0.10116549909815999
107|AFR,no_climate,2040,0.1370508356904672
107|AFR,no_climate,2045,0.18891125400126602
107|AFR,no_climate,2050,0.2502482523630704
107|AFR,no_climate,2055,0.32446876731389246
107|AFR,no_climate,2060,0.4176954130437083
107|AFR,no_climate,2065,0.5296641556862541
107|AFR,no_climate,2070,0.6603384948268401
107|AFR,no_climate,2075,0.8309156296137512
107|AFR,no_climate,2080,0.9526462850417322
107|AFR,no_climate,2085,1.0822734660291753
107|AFR,no_climate,2090,1.254672795478128
107|AFR,no_climate,2095,1.4452078068031131
107|AFR,no_climate,2100,1.6338635888619923
108|LAM,2p6,2025,0.005736930999019477
108|LAM,2p6,2030,0.007428504316757626
108|LAM,2p6,2035,0.009560136829973916
108|LAM,2p6,2040,0.011998612376372463
108|LAM,2p6,2045,0.015542229059436526
108|LAM,2p6,2050,0.021505004049368583
108|LAM,2p6,2055,0.02504183190052766
108|LAM,2p6,2060,0.026917465996780385
108|LAM,2p6,2065,0.030409750950268155
108|LAM,2p6,2070,0.03424671694090026
108|LAM,2p6,2075,0.0388768499569881
108|LAM,2p6,2080,0.039120857597253735
108|LAM,2p6,2085,0.0365947584652405
108|LAM,2p6,2090,0.03324039612254539
108|LAM,2p6,2095,0.030440847818850553
108|LAM,2p6,2100,0.02876445588737051
108|LAM,7p0,2025,0.005716180597963177
108|LAM,7p0,2030,0.007509244401767998
108|LAM,7p0,2035,0.009552890794676656
108|LAM,7p0,2040,0.011271566122110116
108|LAM,7p0,2045,0.013151731010207801
108|LAM,7p0,2050,0.01551892198090009
108|LAM,7p0,2055,0.020718061632836883
108|LAM,7p0,2060,0.024922262928617215
108|LAM,7p0,2065,0.02693257911134927
108|LAM,7p0,2070,0.028148816777439706
108|LAM,7p0,2075,0.028997866455775137
108|LAM,7p0,2080,0.02977213818018064
108|LAM,7p0,2085,0.03086764438725894
108|LAM,7p0,2090,0.03148635114574088
108|LAM,7p0,2095,0.03277106167721912
108|LAM,7p0,2100,0.03359009569570476
108|LAM,no_climate,2025,0.005726555798491326
108|LAM,no_climate,2030,0.0074688743592628126
108|LAM,no_climate,2035,0.009556513812325286
108|LAM,no_climate,2040,0.011635089249241289
108|LAM,no_climate,2045,0.014346980034822165
108|LAM,no_climate,2050,0.018511963015134338
108|LAM,no_climate,2055,0.02287994676668227
108|LAM,no_climate,2060,0.0259198644626988
108|LAM,no_climate,2065,0.028671165030808715
108|LAM,no_climate,2070,0.03119776685916998
108|LAM,no_climate,2075,0.03393735820638162
108|LAM,no_climate,2080,0.03444649788871719
108|LAM,no_climate,2085,0.03373120142624972
108|LAM,no_climate,2090,0.032363373634143135
108|LAM,no_climate,2095,0.031605954748034834
108|LAM,no_climate,2100,0.031177275791537635
109|NAM,2p6,2025,0.19784934138312588
109|NAM,2p6,2030,0.30763324621161575
109|NAM,2p6,2035,0.33651852844687574
109|NAM,2p6,2040,0.32875477684228516
109|NAM,2p6,2045,0.316488029673149
109|NAM,2p6,2050,0.3178831165305366
109|NAM,2p6,2055,0.3076072365348574
109|NAM,2p6,2060,0.3035967473611914
109|NAM,2p6,2065,0.29330981518169624
109|NAM,2p6,2070,0.29172850337523004
109|NAM,2p6,2075,0.28816799730885295
109|NAM,2p6,2080,0.2846679394439679
109|NAM,2p6,2085,0.27941856571982754
109|NAM,2p6,2090,0.27342907331990707
109|NAM,2p6,2095,0.2673602374151411
109|NAM,2p6,2100,0.25801388697048444
109|NAM,7p0,2025,0.19619927833975728
109|NAM,7p0,2030,0.30298393835449927
109|NAM,7p0,2035,0.33690231411840527
109|NAM,7p0,2040,0.35593166319192643
109|NAM,7p0,2045,0.3676707386206911
109|NAM,7p0,2050,0.38672229740443154
109|NAM,7p0,2055,0.403616706948407
109|NAM,7p0,2060,0.4155604213868615
109|NAM,7p0,2065,0.4272120469371174
109|NAM,7p0,2070,0.43975224326462636
109|NAM,7p0,2075,0.45172298540038097
109|NAM,7p0,2080,0.46160669342547356
109|NAM,7p0,2085,0.47180714307147026
109|NAM,7p0,2090,0.4975617774367333
109|NAM,7p0,2095,0.5103211751300873
109|NAM,7p0,2100,0.5131953533436371
109|NAM,no_climate,2025,0.1970243098614416
109|NAM,no_climate,2030,0.3053085922830575
109|NAM,no_climate,2035,0.3367104212826405
109|NAM,no_climate,2040,0.3423432200171058
109|NAM,no_climate,2045,0.3420793841469201
109|NAM,no_climate,2050,0.35230270696748406
109|NAM,no_climate,2055,0.35561197174163217
109|NAM,no_climate,2060,0.35957858437402646
109|NAM,no_climate,2065,0.3602609310594068
109|NAM,no_climate,2070,0.3657403733199282
109|NAM,no_climate,2075,0.36994549135461696
109|NAM,no_climate,2080,0.3731373164347207
109|NAM,no_climate,2085,0.3756128543956489
109|NAM,no_climate,2090,0.38549542537832016
109|NAM,no_climate,2095,0.38884070627261424
109|NAM,no_climate,2100,0.38560462015706076
10|FSU,2p6,2025,0.05816074338856603
10|FSU,2p6,2030,0.0863812607909344
10|FSU,2p6,2035,0.13594849556261904
10|FSU,2p6,2040,0.17729898470040886
10|FSU,2p6,2045,0.2609797398642035
10|FSU,2p6,2050,0.3352410724009487
10|FSU,2p6,2055,0.4105702827838781
10|FSU,2p6,2060,0.5198099642413563
10|FSU,2p6,2065,0.6265024872388493
10|FSU,2p6,2070,0.7369161670157636
10|FSU,2p6,2075,0.7681588466597792
10|FSU,2p6,2080,0.7637823457922766
10|FSU,2p6,2085,0.7394737039683998
10|FSU,2p6,2090,0.7126580778001286
10|FSU,2p6,2095,0.706274303673011
10|FSU,2p6,2100,0.69497324135041
10|FSU,7p0,2025,0.05672397945566803
10|FSU,7p0,2030,0.08112087728696836
10|FSU,7p0,2035,0.11632022805859328
10|FSU,7p0,2040,0.13964076791850027
10|FSU,7p0,2045,0.15690543298267318
10|FSU,7p0,2050,0.17851669339999457
10|FSU,7p0,2055,0.19431638912414104
10|FSU,7p0,2060,0.20860021207028268
10|FSU,7p0,2065,0.21826738921516017
10|FSU,7p0,2070,0.23353200730704585
10|FSU,7p0,2075,0.2499011729197195
10|FSU,7p0,2080,0.25968786751354567
10|FSU,7p0,2085,0.2740660018441934
10|FSU,7p0,2090,0.2919014656328077
10|FSU,7p0,2095,0.31278514186143663
10|FSU,7p0,2100,0.3353675668582884
10|FSU,no_climate,2025,0.05744236142211703
10|FSU,no_climate,2030,0.08375106903895138
10|FSU,no_climate,2035,0.12613436181060617
10|FSU,no_climate,2040,0.15846987630945458
10|FSU,no_climate,2045,0.20894258642343833
10|FSU,no_climate,2050,0.2568788829004716
10|FSU,no_climate,2055,0.3024433359540096
10|FSU,no_climate,2060,0.3642050881558195
10|FSU,no_climate,2065,0.42238493822700474
10|FSU,no_climate,2070,0.4852240871614047
10|FSU,no_climate,2075,0.5090300097897493
10|FSU,no_climate,2080,0.5117351066529111
10|FSU,no_climate,2085,0.5067698529062966
10|FSU,no_climate,2090,0.5022797717164682
10|FSU,no_climate,2095,0.5095297227672239
10|FSU,no_climate,2100,0.5151704041043492
10|SAS,2p6,2025,0.014535929748418108
10|SAS,2p6,2030,0.020820969504256763
10|SAS,2p6,2035,0.028779920890101236
10|SAS,2p6,2040,0.03848247880731591
10|SAS,2p6,2045,0.04798250965716692
10|SAS,2p6,2050,0.05735156464064514
10|SAS,2p6,2055,0.06823698434153985
10|SAS,2p6,2060,0.08307021180224697
10|SAS,2p6,2065,0.11399941839193944
10|SAS,2p6,2070,0.18327403072711834
10|SAS,2p6,2075,0.21830629476036367
10|SAS,2p6,2080,0.2656605064601193
10|SAS,2p6,2085,0.33873504477237215
10|SAS,2p6,2090,0.3418564194501534
10|SAS,2p6,2095,0.3185541310069695
10|SAS,2p6,2100,0.278020132985605
10|SAS,7p0,2025,0.01318195678411699
10|SAS,7p0,2030,0.015567759852253579
10|SAS,7p0,2035,0.017171137581240985
10|SAS,7p0,2040,0.019819335280848175
10|SAS,7p0,2045,0.023188159568708972
10|SAS,7p0,2050,0.027876990744363984
10|SAS,7p0,2055,0.03377903268184476
10|SAS,7p0,2060,0.03959180657365403
10|SAS,7p0,2065,0.044101584345175686
10|SAS,7p0,2070,0.04907933499957713
10|SAS,7p0,2075,0.053655463317502296
10|SAS,7p0,2080,0.06093973613276566
10|SAS,7p0,2085,0.06726675726544513
10|SAS,7p0,2090,0.0731967006151016
10|SAS,7p0,2095,0.07695727583726668
10|SAS,7p0,2100,0.08114551072219367
10|SAS,no_climate,2025,0.013858943266267548
10|SAS,no_climate,2030,0.018194364678255172
10|SAS,no_climate,2035,0.02297552923567111
10|SAS,no_climate,2040,0.02915090704408204
10|SAS,no_climate,2045,0.03558533461293795
10|SAS,no_climate,2050,0.04261427769250456
10|SAS,no_climate,2055,0.05100800851169231
10|SAS,no_climate,2060,0.061331009187950494
10|SAS,no_climate,2065,0.07905050136855757
10|SAS,no_climate,2070,0.11617668286334773
10|SAS,no_climate,2075,0.135980879038933
10|SAS,no_climate,2080,0.16330012129644247
10|SAS,no_climate,2085,0.20300090101890864
10|SAS,no_climate,2090,0.20752656003262748
10|SAS,no_climate,2095,0.1977557034221181
10|SAS,no_climate,2100,0.17958282185389934
110|PAS,2p6,2025,0.037255461340840054
110|PAS,2p6,2030,0.0529205195633937
110|PAS,2p6,2035,0.06963738856166293
110|PAS,2p6,2040,0.09234860496713714
110|PAS,2p6,2045,0.12096705146666088
110|PAS,2p6,2050,0.15315594039221234
110|PAS,2p6,2055,0.1873647765510365
110|PAS,2p6,2060,0.24045020824084704
110|PAS,2p6,2065,0.27198124234999677
110|PAS,2p6,2070,0.29765103141606714
110|PAS,2p6,2075,0.33392058282566456
110|PAS,2p6,2080,0.36956043498778146
110|PAS,2p6,2085,0.4279147752569474
110|PAS,2p6,2090,0.42723531387732516
110|PAS,2p6,2095,0.4083943795765308
110|PAS,2p6,2100,0.3817401548369198
110|PAS,7p0,2025,0.03810182868986186
110|PAS,7p0,2030,0.051403039648696316
110|PAS,7p0,2035,0.06513235590300413
110|PAS,7p0,2040,0.08180164210818425
110|PAS,7p0,2045,0.0993234857332588
110|PAS,7p0,2050,0.11280564306027768
110|PAS,7p0,2055,0.12054442045151575
110|PAS,7p0,2060,0.12617896016252111
110|PAS,7p0,2065,0.1366904986701655
110|PAS,7p0,2070,0.14433694286488333
110|PAS,7p0,2075,0.1503860740160494
110|PAS,7p0,2080,0.15604407711356202
110|PAS,7p0,2085,0.161281943140131
110|PAS,7p0,2090,0.1678200279873919
110|PAS,7p0,2095,0.1720862057641927
110|PAS,7p0,2100,0.17871743781040178
110|PAS,no_climate,2025,0.03767864501535095
110|PAS,no_climate,2030,0.05216177960604501
110|PAS,no_climate,2035,0.06738487223233353
110|PAS,no_climate,2040,0.0870751235376607
110|PAS,no_climate,2045,0.11014526859995985
110|PAS,no_climate,2050,0.132980791726245
110|PAS,no_climate,2055,0.15395459850127613
110|PAS,no_climate,2060,0.18331458420168406
110|PAS,no_climate,2065,0.20433587051008112
110|PAS,no_climate,2070,0.22099398714047525
110|PAS,no_climate,2075,0.24215332842085696
110|PAS,no_climate,2080,0.26280225605067176
110|PAS,no_climate,2085,0.29459835919853916
110|PAS,no_climate,2090,0.29752767093235855
110|PAS,no_climate,2095,0.2902402926703618
110|PAS,no_climate,2100,0.2802287963236608
111|LAM,2p6,2025,0.018333513006518976
111|LAM,2p6,2030,0.023739274628461666
111|LAM,2p6,2035,0.030551333621823967
111|LAM,2p6,2040,0.03834397103608206
111|LAM,2p6,2045,0.049668308484131625
111|LAM,2p6,2050,0.06872355123527323
111|LAM,2p6,2055,0.08002619361011197
111|LAM,2p6,2060,0.08602015834578632
111|LAM,2p6,2065,0.09718045496224928
111|LAM,2p6,2070,0.10944224892610341
111|LAM,2p6,2075,0.12423876711446365
111|LAM,2p6,2080,0.1250185424415967
111|LAM,2p6,2085,0.11694588629488054
111|LAM,2p6,2090,0.10622634902854614
111|LAM,2p6,2095,0.09727983123934149
111|LAM,2p6,2100,0.09192258478037837
111|LAM,7p0,2025,0.018267200940412346
111|LAM,7p0,2030,0.02399729575490333
111|LAM,7p0,2035,0.03052817746352422
111|LAM,7p0,2040,0.03602054899019414
111|LAM,7p0,2045,0.04202899277943104
111|LAM,7p0,2050,0.04959382604263725
111|LAM,7p0,2055,0.06620871899634073
111|LAM,7p0,2060,0.07964408699211867
111|LAM,7p0,2065,0.08606845533289756
111|LAM,7p0,2070,0.08995518659637246
111|LAM,7p0,2075,0.09266849504013862
111|LAM,7p0,2080,0.09514283554247241
111|LAM,7p0,2085,0.09864374522739366
111|LAM,7p0,2090,0.10062094669727165
111|LAM,7p0,2095,0.10472649672785311
111|LAM,7p0,2100,0.1073438841137663
111|LAM,no_climate,2025,0.01830035697346566
111|LAM,no_climate,2030,0.0238682851916825
111|LAM,no_climate,2035,0.030539755542674095
111|LAM,no_climate,2040,0.037182260013138096
111|LAM,no_climate,2045,0.04584865063178133
111|LAM,no_climate,2050,0.05915868863895524
111|LAM,no_climate,2055,0.07311745630322636
111|LAM,no_climate,2060,0.08283212266895248
111|LAM,no_climate,2065,0.09162445514757342
111|LAM,no_climate,2070,0.09969871776123793
111|LAM,no_climate,2075,0.10845363107730113
111|LAM,no_climate,2080,0.11008068899203455
111|LAM,no_climate,2085,0.1077948157611371
111|LAM,no_climate,2090,0.10342364786290889
111|LAM,no_climate,2095,0.1010031639835973
111|LAM,no_climate,2100,0.09963323444707234
113|LAM,2p6,2025,0.024828837820707998
113|LAM,2p6,2030,0.032149790360512964
113|LAM,2p6,2035,0.04137527310957187
113|LAM,2p6,2040,0.051928740439341
113|LAM,2p6,2045,0.06726514311484652
113|LAM,2p6,2050,0.09307141012619814
113|LAM,2p6,2055,0.10837843144669176
113|LAM,2p6,2060,0.11649597980047335
113|LAM,2p6,2065,0.13161022411484047
113|LAM,2p6,2070,0.14821621193677162
113|LAM,2p6,2075,0.16825494375425365
113|LAM,2p6,2080,0.16931098332108904
113|LAM,2p6,2085,0.15837829026995986
113|LAM,2p6,2090,0.14386096060137893
113|LAM,2p6,2095,0.13174480811225933
113|LAM,2p6,2100,0.12448955902563527
113|LAM,7p0,2025,0.02473903225347535
113|LAM,7p0,2030,0.032499225010623856
113|LAM,7p0,2035,0.04134391302605866
113|LAM,7p0,2040,0.04878216023150543
113|LAM,7p0,2045,0.056919317378897605
113|LAM,7p0,2050,0.06716427251466768
113|LAM,7p0,2055,0.08966560558756223
113|LAM,7p0,2060,0.10786094943192452
113|LAM,7p0,2065,0.1165613877809181
113|LAM,7p0,2070,0.12182513729576444
113|LAM,7p0,2075,0.12549973557291258
113|LAM,7p0,2080,0.12885070268018822
113|LAM,7p0,2085,0.13359193905757796
113|LAM,7p0,2090,0.13626963724979077
113|LAM,7p0,2095,0.1418297301702182
113|LAM,7p0,2100,0.1453744238083495
113|LAM,no_climate,2025,0.024783935037091673
113|LAM,no_climate,2030,0.03232450768556841
113|LAM,no_climate,2035,0.04135959306781527
113|LAM,no_climate,2040,0.05035545033542321
113|LAM,no_climate,2045,0.06209223024687206
113|LAM,no_climate,2050,0.08011784132043291
113|LAM,no_climate,2055,0.099022018517127
113|LAM,no_climate,2060,0.11217846461619893
113|LAM,no_climate,2065,0.12408580594787928
113|LAM,no_climate,2070,0.13502067461626804
113|LAM,no_climate,2075,0.14687733966358313
113|LAM,no_climate,2080,0.14908084300063862
113|LAM,no_climate,2085,0.1459851146637689
113|LAM,no_climate,2090,0.14006529892558484
113|LAM,no_climate,2095,0.13678726914123876
113|LAM,no_climate,2100,0.1349319914169924
114|PAS,2p6,2025,0.02238818814823331
114|PAS,2p6,2030,0.03180190249284951
114|PAS,2p6,2035,0.0418476889336243
114|PAS,2p6,2040,0.05549570100114938
114|PAS,2p6,2045,0.07269358667164902
114|PAS,2p6,2050,0.09203708358757207
114|PAS,2p6,2055,0.11259444169539608
114|PAS,2p6,2060,0.14449544599993347
114|PAS,2p6,2065,0.16344361356349446
114|PAS,2p6,2070,0.17886954164632968
114|PAS,2p6,2075,0.20066525995944448
114|PAS,2p6,2080,0.22208256864556744
114|PAS,2p6,2085,0.25714985548600616
114|PAS,2p6,2090,0.2567415419486359
114|PAS,2p6,2095,0.2454193259074595
114|PAS,2p6,2100,0.22940181392562423
114|PAS,7p0,2025,0.022896801671471307
114|PAS,7p0,2030,0.03088999254411489
114|PAS,7p0,2035,0.03914044776290699
114|PAS,7p0,2040,0.04915763993894964
114|PAS,7p0,2045,0.059687165481344825
114|PAS,7p0,2050,0.06778909373610241
114|PAS,7p0,2055,0.07243961202353547
114|PAS,7p0,2060,0.07582561586400854
114|PAS,7p0,2065,0.08214238911997583
114|PAS,7p0,2070,0.08673742096591483
114|PAS,7p0,2075,0.09037256817578672
114|PAS,7p0,2080,0.09377267203523186
114|PAS,7p0,2085,0.09692029995010931
114|PAS,7p0,2090,0.10084927756631536
114|PAS,7p0,2095,0.1034129819818107
114|PAS,7p0,2100,0.10739793520375289
114|PAS,no_climate,2025,0.02264249490985231
114|PAS,no_climate,2030,0.0313459475184822
114|PAS,no_climate,2035,0.04049406834826565
114|PAS,no_climate,2040,0.05232667047004951
114|PAS,no_climate,2045,0.06619037607649692
114|PAS,no_climate,2050,0.07991308866183724
114|PAS,no_climate,2055,0.09251702685946578
114|PAS,no_climate,2060,0.110160530931971
114|PAS,no_climate,2065,0.12279300134173515
114|PAS,no_climate,2070,0.13280348130612224
114|PAS,no_climate,2075,0.1455189140676156
114|PAS,no_climate,2080,0.15792762034039964
114|PAS,no_climate,2085,0.17703507771805774
114|PAS,no_climate,2090,0.17879540975747563
114|PAS,no_climate,2095,0.1744161539446351
114|PAS,no_climate,2100,0.16839987456468855
115|MEA,2p6,2025,0.21611627555872506
115|MEA,2p6,2030,0.25000923583281764
115|MEA,2p6,2035,0.28805729278422604
115|MEA,2p6,2040,0.3075856476448558
115|MEA,2p6,2045,0.3579393829699507
115|MEA,2p6,2050,0.44902156096549767
115|MEA,2p6,2055,0.5683098121083936
115|MEA,2p6,2060,0.6791407350764831
115|MEA,2p6,2065,0.7409899241746541
115|MEA,2p6,2070,0.7963349869476738
115|MEA,2p6,2075,0.8143645837363083
115|MEA,2p6,2080,0.7832338794729763
115|MEA,2p6,2085,0.7919387348880557
115|MEA,2p6,2090,0.7891430703716457
115|MEA,2p6,2095,0.77779468734524
115|MEA,2p6,2100,0.758366391817543
115|MEA,7p0,2025,0.1893098964727967
115|MEA,7p0,2030,0.225586247623193
115|MEA,7p0,2035,0.2553793956081779
115|MEA,7p0,2040,0.28639861876342715
115|MEA,7p0,2045,0.3050173998346631
115|MEA,7p0,2050,0.3013726351142034
115|MEA,7p0,2055,0.32138697542856326
115|MEA,7p0,2060,0.33028098530637273
115|MEA,7p0,2065,0.36496113099475547
115|MEA,7p0,2070,0.39803847419437377
115|MEA,7p0,2075,0.43057142040413665
115|MEA,7p0,2080,0.4794626961327528
115|MEA,7p0,2085,0.495075826170644
115|MEA,7p0,2090,0.5182883587628351
115|MEA,7p0,2095,0.5386450235925879
115|MEA,7p0,2100,0.562651661368562
115|MEA,no_climate,2025,0.20271308601576088
115|MEA,no_climate,2030,0.23779774172800533
115|MEA,no_climate,2035,0.271718344196202
115|MEA,no_climate,2040,0.2969921332041415
115|MEA,no_climate,2045,0.3314783914023069
115|MEA,no_climate,2050,0.3751970980398506
115|MEA,no_climate,2055,0.4448483937684784
115|MEA,no_climate,2060,0.5047108601914279
115|MEA,no_climate,2065,0.5529755275847048
115|MEA,no_climate,2070,0.5971867305710238
115|MEA,no_climate,2075,0.6224680020702225
115|MEA,no_climate,2080,0.6313482878028646
115|MEA,no_climate,2085,0.6435072805293498
115|MEA,no_climate,2090,0.6537157145672403
115|MEA,no_climate,2095,0.658219855468914
115|MEA,no_climate,2100,0.6605090265930524
115|SAS,2p6,2025,0.046913672302011766
115|SAS,2p6,2030,0.0671981880236579
115|SAS,2p6,2035,0.0928851336573752
115|SAS,2p6,2040,0.1241994445062588
115|SAS,2p6,2045,0.15486011374878966
115|SAS,2p6,2050,0.18509806776217233
115|SAS,2p6,2055,0.2202299803096454
115|SAS,2p6,2060,0.2681031596876997
115|SAS,2p6,2065,0.36792495902378713
115|SAS,2p6,2070,0.5915038093752868
115|SAS,2p6,2075,0.7045679327783378
115|SAS,2p6,2080,0.8574002598638613
115|SAS,2p6,2085,1.0932430991824067
115|SAS,2p6,2090,1.1033171124240544
115|SAS,2p6,2095,1.028110645219612
115|SAS,2p6,2100,0.8972900693653821
115|SAS,7p0,2025,0.04254382152174649
115|SAS,7p0,2030,0.05024383006972911
115|SAS,7p0,2035,0.055418616867405054
115|SAS,7p0,2040,0.06396548529760183
115|SAS,7p0,2045,0.07483812443518154
115|SAS,7p0,2050,0.08997099127351187
115|SAS,7p0,2055,0.10901940896401677
115|SAS,7p0,2060,0.12777972042986616
115|SAS,7p0,2065,0.14233470522890102
115|SAS,7p0,2070,0.15840003899450533
115|SAS,7p0,2075,0.17316916543049823
115|SAS,7p0,2080,0.19667863429339694
115|SAS,7p0,2085,0.21709864190238598
115|SAS,7p0,2090,0.23623710940258508
115|SAS,7p0,2095,0.24837409662618645
115|SAS,7p0,2100,0.261891324785376
115|SAS,no_climate,2025,0.04472874691187913
115|SAS,no_climate,2030,0.0587210090466935
115|SAS,no_climate,2035,0.07415187526239013
115|SAS,no_climate,2040,0.09408246490193031
115|SAS,no_climate,2045,0.1148491190919856
115|SAS,no_climate,2050,0.1375345295178421
115|SAS,no_climate,2055,0.1646246946368311
115|SAS,no_climate,2060,0.19794144005878295
115|SAS,no_climate,2065,0.2551298321263441
115|SAS,no_climate,2070,0.3749519241848961
115|SAS,no_climate,2075,0.438868549104418
115|SAS,no_climate,2080,0.527039447078629
115|SAS,no_climate,2085,0.6551708705423963
115|SAS,no_climate,2090,0.6697771109133197
115|SAS,no_climate,2095,0.6382423709228993
115|SAS,no_climate,2100,0.579590697075379
116|LAM,2p6,2025,0.12260255761753926
116|LAM,2p6,2030,0.15875275973566297
116|LAM,2p6,2035,0.2043073599331706
116|LAM,2p6,2040,0.2564194279931465
116|LAM,2p6,2045,0.3321491986029185
116|LAM,2p6,2050,0.4595782132430657
116|LAM,2p6,2055,0.5351629013766969
116|LAM,2p6,2060,0.5752466216436042
116|LAM,2p6,2065,0.6498793943403699
116|LAM,2p6,2070,0.7318782616831029
116|LAM,2p6,2075,0.8308277086921052
116|LAM,2p6,2080,0.8360423366490913
116|LAM,2p6,2085,0.7820576862439876
116|LAM,2p6,2090,0.7103724241307305
116|LAM,2p6,2095,0.6505439579585744
116|LAM,2p6,2100,0.6147181935552746
116|LAM,7p0,2025,0.12215910584140201
116|LAM,7p0,2030,0.16047823646289242
116|LAM,7p0,2035,0.20415250667448875
116|LAM,7p0,2040,0.2408818992527711
116|LAM,7p0,2045,0.2810624459706711
116|LAM,7p0,2050,0.3316511086939326
116|LAM,7p0,2055,0.4427606581807853
116|LAM,7p0,2060,0.5326076219476038
116|LAM,7p0,2065,0.5755696003407559
116|LAM,7p0,2070,0.6015615198111067
116|LAM,7p0,2075,0.6197063540658789
116|LAM,7p0,2080,0.6362531268472287
116|LAM,7p0,2085,0.6596649236592602
116|LAM,7p0,2090,0.6728871553748077
116|LAM,7p0,2095,0.7003423918042403
116|LAM,7p0,2100,0.7178457686897689
116|LAM,no_climate,2025,0.12238083172947063
116|LAM,no_climate,2030,0.1596154980992777
116|LAM,no_climate,2035,0.20422993330382966
116|LAM,no_climate,2040,0.2486506636229588
116|LAM,no_climate,2045,0.3066058222867948
116|LAM,no_climate,2050,0.3956146609684992
116|LAM,no_climate,2055,0.4889617797787411
116|LAM,no_climate,2060,0.553927121795604
116|LAM,no_climate,2065,0.6127244973405629
116|LAM,no_climate,2070,0.6667198907471048
116|LAM,no_climate,2075,0.7252670313789921
116|LAM,no_climate,2080,0.73614773174816
116|LAM,no_climate,2085,0.7208613049516239
116|LAM,no_climate,2090,0.6916297897527691
116|LAM,no_climate,2095,0.6754431748814074
116|LAM,no_climate,2100,0.6662819811225218
117|PAS,2p6,2025,0.04439563810170259
117|PAS,2p6,2030,0.06306297520237666
117|PAS,2p6,2035,0.08298370734553681
117|PAS,2p6,2040,0.11004763054225727
117|PAS,2p6,2045,0.14415093105441634
117|PAS,2p6,2050,0.18250896534530142
117|PAS,2p6,2055,0.22327407884351344
117|PAS,2p6,2060,0.2865335723231972
117|PAS,2p6,2065,0.3241076709627361
117|PAS,2p6,2070,0.35469719057969024
117|PAS,2p6,2075,0.39791796467668006
117|PAS,2p6,2080,0.44038835483268735
117|PAS,2p6,2085,0.5099265669233146
117|PAS,2p6,2090,0.5091168837137089
117|PAS,2p6,2095,0.48666499959761866
117|PAS,2p6,2100,0.45490237278177437
117|PAS,7p0,2025,0.04540421556057516
117|PAS,7p0,2030,0.06125466343559535
117|PAS,7p0,2035,0.0776152649118118
117|PAS,7p0,2040,0.09747929480553458
117|PAS,7p0,2045,0.11835927858393151
117|PAS,7p0,2050,0.13442535201259173
117|PAS,7p0,2055,0.14364730090399946
117|PAS,7p0,2060,0.15036172549777704
117|PAS,7p0,2065,0.16288784764690536
117|PAS,7p0,2070,0.1719997672693159
117|PAS,7p0,2075,0.17920824161781387
117|PAS,7p0,2080,0.18595062646167365
117|PAS,7p0,2085,0.19219235307494328
117|PAS,7p0,2090,0.1999834912949666
117|PAS,7p0,2095,0.20506730123422914
117|PAS,7p0,2100,0.21296943873290475
117|PAS,no_climate,2025,0.04489992683113887
117|PAS,no_climate,2030,0.06215881931898601
117|PAS,no_climate,2035,0.0802994861286743
117|PAS,no_climate,2040,0.10376346267389593
117|PAS,no_climate,2045,0.13125510481917393
117|PAS,no_climate,2050,0.15846715867894656
117|PAS,no_climate,2055,0.18346068987375647
117|PAS,no_climate,2060,0.21844764891048712
117|PAS,no_climate,2065,0.24349775930482076
117|PAS,no_climate,2070,0.2633484789245031
117|PAS,no_climate,2075,0.288563103147247
117|PAS,no_climate,2080,0.31316949064718047
117|PAS,no_climate,2085,0.35105945999912896
117|PAS,no_climate,2090,0.35455018750433775
117|PAS,no_climate,2095,0.3458661504159239
117|PAS,no_climate,2100,0.33393590575733956
118|CHN,2p6,2025,5.025586870412931e-05
118|CHN,2p6,2030,6.277551604859998e-05
118|CHN,2p6,2035,7.424258870450017e-05
118|CHN,2p6,2040,8.841059462290201e-05
118|CHN,2p6,2045,0.0001129233111933546
118|CHN,2p6,2050,0.00013670019155519292
118|CHN,2p6,2055,0.00014522214878030633
118|CHN,2p6,2060,0.0001749745651025304
118|CHN,2p6,2065,0.00024239919656542577
118|CHN,2p6,2070,0.00024112172331812215
118|CHN,2p6,2075,0.0002126834468785926
118|CHN,2p6,2080,0.00018555950170052763
118|CHN,2p6,2085,0.00016642173925351123
118|CHN,2p6,2090,0.00014825020254061104
118|CHN,2p6,2095,0.00013192750882634447
118|CHN,2p6,2100,0.00012030089704460086
118|CHN,7p0,2025,5.037457625054816e-05
118|CHN,7p0,2030,6.152755502875781e-05
118|CHN,7p0,2035,7.02957901169826e-05
118|CHN,7p0,2040,7.191746300997455e-05
118|CHN,7p0,2045,7.316329171480663e-05
118|CHN,7p0,2050,7.051837122450467e-05
118|CHN,7p0,2055,6.775069567706807e-05
118|CHN,7p0,2060,6.665130681095527e-05
118|CHN,7p0,2065,6.531011343077604e-05
118|CHN,7p0,2070,6.431871165451127e-05
118|CHN,7p0,2075,6.360282931276189e-05
118|CHN,7p0,2080,6.221900143658412e-05
118|CHN,7p0,2085,5.98353492617351e-05
118|CHN,7p0,2090,5.866767814248407e-05
118|CHN,7p0,2095,5.859902702160707e-05
118|CHN,7p0,2100,5.8582321156040735e-05
118|CHN,no_climate,2025,5.031522247733874e-05
118|CHN,no_climate,2030,6.21515355386789e-05
118|CHN,no_climate,2035,7.226918941074139e-05
118|CHN,no_climate,2040,8.016402881643828e-05
118|CHN,no_climate,2045,9.304330145408062e-05
118|CHN,no_climate,2050,0.00010360928138984879
118|CHN,no_climate,2055,0.00010648642222868719
118|CHN,no_climate,2060,0.00012081293595674284
118|CHN,no_climate,2065,0.0001538546549981009
118|CHN,no_climate,2070,0.0001527202174863167
118|CHN,no_climate,2075,0.00013814313809567725
118|CHN,no_climate,2080,0.00012388925156855588
118|CHN,no_climate,2085,0.00011312854425762316
118|CHN,no_climate,2090,0.00010345894034154756
118|CHN,no_climate,2095,9.526326792397577e-05
118|CHN,no_climate,2100,8.94416091003208e-05
119|WEU,2p6,2025,0.12699268844282413
119|WEU,2p6,2030,0.14793970583694033
119|WEU,2p6,2035,0.1716843444975303
119|WEU,2p6,2040,0.19854874930402655
119|WEU,2p6,2045,0.219693509479898
119|WEU,2p6,2050,0.24658193528831185
119|WEU,2p6,2055,0.2720609938263047
119|WEU,2p6,2060,0.27673074506513706
119|WEU,2p6,2065,0.259066848732534
119|WEU,2p6,2070,0.24241322135875543
119|WEU,2p6,2075,0.23480422564516398
119|WEU,2p6,2080,0.22190511222509288
119|WEU,2p6,2085,0.21468929362542563
119|WEU,2p6,2090,0.20712997679561312
119|WEU,2p6,2095,0.199171157296662
119|WEU,2p6,2100,0.19285775193001473
119|WEU,7p0,2025,0.1264881167770474
119|WEU,7p0,2030,0.1475135951475389
119|WEU,7p0,2035,0.1623453506454835
119|WEU,7p0,2040,0.18289877036829988
119|WEU,7p0,2045,0.19508686274174805
119|WEU,7p0,2050,0.19974151403506707
119|WEU,7p0,2055,0.2016823933308384
119|WEU,7p0,2060,0.20506278503241612
119|WEU,7p0,2065,0.20773978798181034
119|WEU,7p0,2070,0.21259347901199077
119|WEU,7p0,2075,0.21779515958387188
119|WEU,7p0,2080,0.2209475763984571
119|WEU,7p0,2085,0.21955044238382943
119|WEU,7p0,2090,0.22547488106388813
119|WEU,7p0,2095,0.22696692559270146
119|WEU,7p0,2100,0.22762168114032635
119|WEU,no_climate,2025,0.12674040260993577
119|WEU,no_climate,2030,0.1477266504922396
119|WEU,no_climate,2035,0.16701484757150692
119|WEU,no_climate,2040,0.19072375983616321
119|WEU,no_climate,2045,0.20739018611082302
119|WEU,no_climate,2050,0.22316172466168946
119|WEU,no_climate,2055,0.23687169357857157
119|WEU,no_climate,2060,0.2408967650487766
119|WEU,no_climate,2065,0.23340331835717215
119|WEU,no_climate,2070,0.2275033501853731
119|WEU,no_climate,2075,0.22629969261451793
119|WEU,no_climate,2080,0.221426344311775
119|WEU,no_climate,2085,0.21711986800462751
119|WEU,no_climate,2090,0.21630242892975063
119|WEU,no_climate,2095,0.21306904144468172
119|WEU,no_climate,2100,0.21023971653517054
11|CHN,2p6,2025,0.20824089173737
11|CHN,2p6,2030,0.26011747042310973
11|CHN,2p6,2035,0.30763258650915726
11|CHN,2p6,2040,0.3663393258943212
11|CHN,2p6,2045,0.4679105471100642
11|CHN,2p6,2050,0.5664327475406608
11|CHN,2p6,2055,0.6017444438194184
11|CHN,2p6,2060,0.7250269552163879
11|CHN,2p6,2065,1.0044085626373578
11|CHN,2p6,2070,0.9991152073527186
11|CHN,2p6,2075,0.8812779836026715
11|CHN,2p6,2080,0.7688868404991858
11|CHN,2p6,2085,0.6895873512935162
11|CHN,2p6,2090,0.614291528001504
11|CHN,2p6,2095,0.5466565953605814
11|CHN,2p6,2100,0.4984804108124956
11|CHN,7p0,2025,0.20873276991915507
11|CHN,7p0,2030,0.2549464024000819
11|CHN,7p0,2035,0.29127857893620845
11|CHN,7p0,2040,0.2979981644901085
11|CHN,7p0,2045,0.3031603970240559
11|CHN,7p0,2050,0.29220086899922904
11|CHN,7p0,2055,0.2807326914729185
11|CHN,7p0,2060,0.2761772490191568
11|CHN,7p0,2065,0.2706198621371381
11|CHN,7p0,2070,0.2665118764375013
11|CHN,7p0,2075,0.2635455367627743
11|CHN,7p0,2080,0.25781148901120077
11|CHN,7p0,2085,0.24793455588316
11|CHN,7p0,2090,0.24309617816929854
11|CHN,7p0,2095,0.2428117144638881
11|CHN,7p0,2100,0.24274249181522078
11|CHN,no_climate,2025,0.20848683082826253
11|CHN,no_climate,2030,0.2575319364115958
11|CHN,no_climate,2035,0.29945558272268286
11|CHN,no_climate,2040,0.33216874519221484
11|CHN,no_climate,2045,0.38553547206706007
11|CHN,no_climate,2050,0.4293168082699449
11|CHN,no_climate,2055,0.4412385676461684
11|CHN,no_climate,2060,0.5006021021177723
11|CHN,no_climate,2065,0.6375142123872479
11|CHN,no_climate,2070,0.63281354189511
11|CHN,no_climate,2075,0.5724117601827229
11|CHN,no_climate,2080,0.5133491647551933
11|CHN,no_climate,2085,0.46876095358833814
11|CHN,no_climate,2090,0.42869385308540126
11|CHN,no_climate,2095,0.39473415491223474
11|CHN,no_climate,2100,0.3706114513138582
11|FSU,2p6,2025,0.019828775125760322
11|FSU,2p6,2030,0.029450012078762838
11|FSU,2p6,2035,0.04634899745326417
11|FSU,2p6,2040,0.06044664309330634
11|FSU,2p6,2045,0.08897597026182555
11|FSU,2p6,2050,0.11429392834865279
11|FSU,2p6,2055,0.1399759586333249
11|FSU,2p6,2060,0.1772191049933809
11|FSU,2p6,2065,0.21359384717958907
11|FSU,2p6,2070,0.25123724545043297
11|FSU,2p6,2075,0.2618888298851179
11|FSU,2p6,2080,0.26039674697002124
11|FSU,2p6,2085,0.2521091879696481
11|FSU,2p6,2090,0.2429669213793686
11|FSU,2p6,2095,0.24079049765702074
11|FSU,2p6,2100,0.23693762009010313
11|FSU,7p0,2025,0.019338938385815244
11|FSU,7p0,2030,0.02765658655669656
11|FSU,7p0,2035,0.03965712111589757
11|FSU,7p0,2040,0.047607805955052054
11|FSU,7p0,2045,0.05349385797629145
11|FSU,7p0,2050,0.06086179720871116
11|FSU,7p0,2055,0.06624839640460671
11|FSU,7p0,2060,0.0711181882372692
11|FSU,7p0,2065,0.07441402440679709
11|FSU,7p0,2070,0.07961819928300952
11|FSU,7p0,2075,0.08519894816996142
11|FSU,7p0,2080,0.08853553149093085
11|FSU,7p0,2085,0.09343747695723377
11|FSU,7p0,2090,0.09951813171030903
11|FSU,7p0,2095,0.10663801525392408
11|FSU,7p0,2100,0.11433705417550968
11|FSU,no_climate,2025,0.019583856755787783
11|FSU,no_climate,2030,0.0285532993177297
11|FSU,no_climate,2035,0.04300305928458087
11|FSU,no_climate,2040,0.0540272245241792
11|FSU,no_climate,2045,0.0712349141190585
11|FSU,no_climate,2050,0.08757786277868197
11|FSU,no_climate,2055,0.10311217751896581
11|FSU,no_climate,2060,0.12416864661532505
11|FSU,no_climate,2065,0.1440039357931931
11|FSU,no_climate,2070,0.16542772236672124
11|FSU,no_climate,2075,0.17354388902753967
11|FSU,no_climate,2080,0.17446613923047605
11|FSU,no_climate,2085,0.17277333246344093
11|FSU,no_climate,2090,0.17124252654483882
11|FSU,no_climate,2095,0.1737142564554724
11|FSU,no_climate,2100,0.1756373371328064
120|MEA,2p6,2025,4.297260618330121
120|MEA,2p6,2030,4.9711889610611095
120|MEA,2p6,2035,5.727737334470591
120|MEA,2p6,2040,6.116039557736312
120|MEA,2p6,2045,7.117274301574708
120|MEA,2p6,2050,8.92835426545111
120|MEA,2p6,2055,11.300284387514258
120|MEA,2p6,2060,13.504048816327646
120|MEA,2p6,2065,14.733859407409216
120|MEA,2p6,2070,15.834341812349049
120|MEA,2p6,2075,16.19284269824423
120|MEA,2p6,2080,15.573839112763013
120|MEA,2p6,2085,15.746926642921348
120|MEA,2p6,2090,15.691337590234907
120|MEA,2p6,2095,15.465686100845588
120|MEA,2p6,2100,15.079373459483389
120|MEA,7p0,2025,3.7642420066213207
120|MEA,7p0,2030,4.485561744213008
120|MEA,7p0,2035,5.077969332216107
120|MEA,7p0,2040,5.694756224973868
120|MEA,7p0,2045,6.064972463671688
120|MEA,7p0,2050,5.992499884474132
120|MEA,7p0,2055,6.390465452834969
120|MEA,7p0,2060,6.567314134352083
120|MEA,7p0,2065,7.256894888598159
120|MEA,7p0,2070,7.914605484078439
120|MEA,7p0,2075,8.561491278237323
120|MEA,7p0,2080,9.533646444364141
120|MEA,7p0,2085,9.844098254008
120|MEA,7p0,2090,10.305656745622029
120|MEA,7p0,2095,10.710429101925534
120|MEA,7p0,2100,11.187777597898375
120|MEA,no_climate,2025,4.03075131247572
120|MEA,no_climate,2030,4.728375352637059
120|MEA,no_climate,2035,5.402853333343349
120|MEA,no_climate,2040,5.90539789135509
120|MEA,no_climate,2045,6.5911233826231985
120|MEA,no_climate,2050,7.460427074962621
120|MEA,no_climate,2055,8.845374920174613
120|MEA,no_climate,2060,10.035681475339864
120|MEA,no_climate,2065,10.995377148003687
120|MEA,no_climate,2070,11.874473648213744
120|MEA,no_climate,2075,12.377166988240777
120|MEA,no_climate,2080,12.553742778563578
120|MEA,no_climate,2085,12.795512448464674
120|MEA,no_climate,2090,12.998497167928468
120|MEA,no_climate,2095,13.088057601385561
120|MEA,no_climate,2100,13.133575528690882
121|AFR,2p6,2025,0.025760887433372435
121|AFR,2p6,2030,0.03653919332910151
121|AFR,2p6,2035,0.051327744760202416
121|AFR,2p6,2040,0.07392042387809952
121|AFR,2p6,2045,0.10664619861046536
121|AFR,2p6,2050,0.14573620460116352
121|AFR,2p6,2055,0.19554640780228827
121|AFR,2p6,2060,0.25651665393712864
121|AFR,2p6,2065,0.3300699419313038
121|AFR,2p6,2070,0.4189301916167054
121|AFR,2p6,2075,0.5404505449498399
121|AFR,2p6,2080,0.6196852163630026
121|AFR,2p6,2085,0.7120599765142633
121|AFR,2p6,2090,0.845060817024646
121|AFR,2p6,2095,0.9831577698094783
121|AFR,2p6,2100,1.119693993234507
121|AFR,7p0,2025,0.024765218302853977
121|AFR,7p0,2030,0.033350104590976905
121|AFR,7p0,2035,0.043758599550311424
121|AFR,7p0,2040,0.05489486460145334
121|AFR,7p0,2045,0.07091315415530407
121|AFR,7p0,2050,0.08947433357065934
121|AFR,7p0,2055,0.10942464657743486
121|AFR,7p0,2060,0.1360789464963666
121|AFR,7p0,2065,0.16776606664364715
121|AFR,7p0,2070,0.2017277801258904
121|AFR,7p0,2075,0.2405343793056029
121|AFR,7p0,2080,0.2757154239058459
121|AFR,7p0,2085,0.30517839374407224
121|AFR,7p0,2090,0.33421720257085175
121|AFR,7p0,2095,0.3752057863727183
121|AFR,7p0,2100,0.41598879538299055
121|AFR,no_climate,2025,0.025263052868113207
121|AFR,no_climate,2030,0.03494464896003921
121|AFR,no_climate,2035,0.04754317215525692
121|AFR,no_climate,2040,0.06440764423977643
121|AFR,no_climate,2045,0.08877967638288471
121|AFR,no_climate,2050,0.11760526908591143
121|AFR,no_climate,2055,0.15248552718986158
121|AFR,no_climate,2060,0.19629780021674761
121|AFR,no_climate,2065,0.24891800428747546
121|AFR,no_climate,2070,0.3103289858712979
121|AFR,no_climate,2075,0.3904924621277214
121|AFR,no_climate,2080,0.44770032013442423
121|AFR,no_climate,2085,0.5086191851291678
121|AFR,no_climate,2090,0.5896390097977489
121|AFR,no_climate,2095,0.6791817780910983
121|AFR,no_climate,2100,0.7678413943087488
122|LAM,2p6,2025,0.3918346577833921
122|LAM,2p6,2030,0.5073697848722014
122|LAM,2p6,2035,0.6529611291778611
122|LAM,2p6,2040,0.8195099740915527
122|LAM,2p6,2045,1.0615403960299101
122|LAM,2p6,2050,1.4688002877766864
122|LAM,2p6,2055,1.7103670298090639
122|LAM,2p6,2060,1.8384735809176025
122|LAM,2p6,2065,2.076998025409936
122|LAM,2p6,2070,2.339064321156356
122|LAM,2p6,2075,2.6553042386593635
122|LAM,2p6,2080,2.6719700570623317
122|LAM,2p6,2085,2.4994364865716805
122|LAM,2p6,2090,2.270332210983203
122|LAM,2p6,2095,2.0791219538415664
122|LAM,2p6,2100,1.9646237214426427
122|LAM,7p0,2025,0.39041739717869717
122|LAM,7p0,2030,0.5128843646335491
122|LAM,7p0,2035,0.6524662220992378
122|LAM,7p0,2040,0.7698524271766126
122|LAM,7p0,2045,0.8982684331613493
122|LAM,7p0,2050,1.0599485133414455
122|LAM,7p0,2055,1.4150518092731736
122|LAM,7p0,2060,1.7022004217048265
122|LAM,7p0,2065,1.8395058126240937
122|LAM,7p0,2070,1.9225753265780299
122|LAM,7p0,2075,1.9805657556434175
122|LAM,7p0,2080,2.0334488208599315
122|LAM,7p0,2085,2.1082723283804983
122|LAM,7p0,2090,2.1505302448552612
122|LAM,7p0,2095,2.2382764826152295
122|LAM,7p0,2100,2.294216830233342
122|LAM,no_climate,2025,0.39112602748104464
122|LAM,no_climate,2030,0.5101270747528752
122|LAM,no_climate,2035,0.6527136756385494
122|LAM,no_climate,2040,0.7946812006340827
122|LAM,no_climate,2045,0.9799044145956297
122|LAM,no_climate,2050,1.264374400559066
122|LAM,no_climate,2055,1.5627094195411186
122|LAM,no_climate,2060,1.7703370013112145
122|LAM,no_climate,2065,1.958251919017015
122|LAM,no_climate,2070,2.130819823867193
122|LAM,no_climate,2075,2.3179349971513905
122|LAM,no_climate,2080,2.3527094389611314
122|LAM,no_climate,2085,2.3038544074760896
122|LAM,no_climate,2090,2.210431227919232
122|LAM,no_climate,2095,2.158699218228398
122|LAM,no_climate,2100,2.1294202758379925
122|NAM,2p6,2025,0.5820456546222476
122|NAM,2p6,2030,0.90501486091921
122|NAM,2p6,2035,0.989991403626085
122|NAM,2p6,2040,0.9671515101322375
122|NAM,2p6,2045,0.9310644206517649
122|NAM,2p6,2050,0.9351685750426083
122|NAM,2p6,2055,0.9049383440138238
122|NAM,2p6,2060,0.8931400343498983
122|NAM,2p6,2065,0.8628772893106084
122|NAM,2p6,2070,0.8582252866346218
122|NAM,2p6,2075,0.8477507656192705
122|NAM,2p6,2080,0.8374540749305822
122|NAM,2p6,2085,0.8220111366611668
122|NAM,2p6,2090,0.8043908706527201
122|NAM,2p6,2095,0.7865371869240271
122|NAM,2p6,2100,0.7590415044776813
122|NAM,7p0,2025,0.577191395227036
122|NAM,7p0,2030,0.8913372342143757
122|NAM,7p0,2035,0.9911204484884961
122|NAM,7p0,2040,1.0471021862142984
122|NAM,7p0,2045,1.08163693773194
122|NAM,7p0,2050,1.1376840133822113
122|NAM,7p0,2055,1.187385051524349
122|NAM,7p0,2060,1.2225218229705053
122|NAM,7p0,2065,1.2567993089272536
122|NAM,7p0,2070,1.2936908483658527
122|NAM,7p0,2075,1.3289071315943481
122|NAM,7p0,2080,1.3579836464179187
122|NAM,7p0,2085,1.3879919716927978
122|NAM,7p0,2090,1.4637585773023563
122|NAM,7p0,2095,1.501294977126062
122|NAM,7p0,2100,1.509750415633522
122|NAM,no_climate,2025,0.5796185249246417
122|NAM,no_climate,2030,0.8981760475667928
122|NAM,no_climate,2035,0.9905559260572905
122|NAM,no_climate,2040,1.007126848173268
122|NAM,no_climate,2045,1.0063506791918524
122|NAM,no_climate,2050,1.0364262942124098
122|NAM,no_climate,2055,1.0461616977690864
122|NAM,no_climate,2060,1.0578309286602017
122|NAM,no_climate,2065,1.059838299118931
122|NAM,no_climate,2070,1.0759580675002374
122|NAM,no_climate,2075,1.0883289486068093
122|NAM,no_climate,2080,1.0977188606742505
122|NAM,no_climate,2085,1.1050015541769822
122|NAM,no_climate,2090,1.1340747239775382
122|NAM,no_climate,2095,1.1439160820250445
122|NAM,no_climate,2100,1.1343959600556017
123|CHN,2p6,2025,0.17017132432900922
123|CHN,2p6,2030,0.21256408409371474
123|CHN,2p6,2035,0.2513927222278949
123|CHN,2p6,2040,0.2993669865756044
123|CHN,2p6,2045,0.38236946069964284
123|CHN,2p6,2050,0.46288032090200537
123|CHN,2p6,2055,0.4917365079358106
123|CHN,2p6,2060,0.5924811218106255
123|CHN,2p6,2065,0.8207875688842095
123|CHN,2p6,2070,0.8164619185692509
123|CHN,2p6,2075,0.7201671118504572
123|CHN,2p6,2080,0.6283227603150612
123|CHN,2p6,2085,0.5635204105740612
123|CHN,2p6,2090,0.5019897963938041
123|CHN,2p6,2095,0.44671954681705556
123|CHN,2p6,2100,0.4073506934796143
123|CHN,7p0,2025,0.1705732797802396
123|CHN,7p0,2030,0.2083383650894769
123|CHN,7p0,2035,0.23802847323934756
123|CHN,7p0,2040,0.24351961747672138
123|CHN,7p0,2045,0.24773811625218775
123|CHN,7p0,2050,0.2387821548055869
123|CHN,7p0,2055,0.22941053263757524
123|CHN,7p0,2060,0.22568789358818575
123|CHN,7p0,2065,0.22114648062346173
123|CHN,7p0,2070,0.21778949650281423
123|CHN,7p0,2075,0.21536544834086824
123|CHN,7p0,2080,0.21067967077091007
123|CHN,7p0,2085,0.20260838958936614
123|CHN,7p0,2090,0.1986545401013887
123|CHN,7p0,2095,0.19842208064028402
123|CHN,7p0,2100,0.19836551293305318
123|CHN,no_climate,2025,0.1703723020546244
123|CHN,no_climate,2030,0.21045122459159582
123|CHN,no_climate,2035,0.24471059773362122
123|CHN,no_climate,2040,0.2714433020261629
123|CHN,no_climate,2045,0.3150537884759153
123|CHN,no_climate,2050,0.3508312378537961
123|CHN,no_climate,2055,0.36057352028669293
123|CHN,no_climate,2060,0.40908450769940563
123|CHN,no_climate,2065,0.5209670247538356
123|CHN,no_climate,2070,0.5171257075360326
123|CHN,no_climate,2075,0.46776628009566273
123|CHN,no_climate,2080,0.41950121554298564
123|CHN,no_climate,2085,0.38306440008171366
123|CHN,no_climate,2090,0.35032216824759643
123|CHN,no_climate,2095,0.3225708137286698
123|CHN,no_climate,2100,0.3028581032063337
123|FSU,2p6,2025,0.022012245014823455
123|FSU,2p6,2030,0.03269293627345934
123|FSU,2p6,2035,0.05145277414575343
123|FSU,2p6,2040,0.06710279932343656
123|FSU,2p6,2045,0.09877366833872195
123|FSU,2p6,2050,0.12687954442777274
123|FSU,2p6,2055,0.15538958297119698
123|FSU,2p6,2060,0.19673380406407945
123|FSU,2p6,2065,0.23711399559258403
123|FSU,2p6,2070,0.278902542826241
123|FSU,2p6,2075,0.2907270395430232
123|FSU,2p6,2080,0.2890706540879846
123|FSU,2p6,2085,0.27987050036522537
123|FSU,2p6,2090,0.26972152187816667
123|FSU,2p6,2095,0.2673054385886771
123|FSU,2p6,2100,0.2630282966836824
123|FSU,7p0,2025,0.021468469301570977
123|FSU,7p0,2030,0.030702025500747306
123|FSU,7p0,2035,0.04402401363922846
123|FSU,7p0,2040,0.05285019788939656
123|FSU,7p0,2045,0.05938439974703905
123|FSU,7p0,2050,0.067563668643364
123|FSU,7p0,2055,0.07354341981531931
123|FSU,7p0,2060,0.07894945474747667
123|FSU,7p0,2065,0.08260821595850648
123|FSU,7p0,2070,0.08838545493310926
123|FSU,7p0,2075,0.09458073482743798
123|FSU,7p0,2080,0.09828473011245871
123|FSU,7p0,2085,0.1037264593150549
123|FSU,7p0,2090,0.11047669282299133
123|FSU,7p0,2095,0.11838059107414739
123|FSU,7p0,2100,0.1269274191079393
123|FSU,no_climate,2025,0.021740357158197214
123|FSU,no_climate,2030,0.03169748088710332
123|FSU,no_climate,2035,0.047738393892490946
123|FSU,no_climate,2040,0.05997649860641656
123|FSU,no_climate,2045,0.0790790340428805
123|FSU,no_climate,2050,0.09722160653556837
123|FSU,no_climate,2055,0.11446650139325815
123|FSU,no_climate,2060,0.13784162940577804
123|FSU,no_climate,2065,0.15986110577554524
123|FSU,no_climate,2070,0.18364399887967514
123|FSU,no_climate,2075,0.19265388718523058
123|FSU,no_climate,2080,0.19367769210022165
123|FSU,no_climate,2085,0.19179847984014015
123|FSU,no_climate,2090,0.190099107350579
123|FSU,no_climate,2095,0.19284301483141225
123|FSU,no_climate,2100,0.19497785789581085
124|SAS,2p6,2025,0.954805304197508
124|SAS,2p6,2030,1.3676436571497865
124|SAS,2p6,2035,1.8904343647673303
124|SAS,2p6,2040,2.5277553978198095
124|SAS,2p6,2045,3.1517732626877124
124|SAS,2p6,2050,3.7671878628110123
124|SAS,2p6,2055,4.482206210361942
124|SAS,2p6,2060,5.456539775739318
124|SAS,2p6,2065,7.488151858184385
124|SAS,2p6,2070,12.03851557406937
124|SAS,2p6,2075,14.339640586085224
124|SAS,2p6,2080,17.450143545962202
124|SAS,2p6,2085,22.250108734973665
124|SAS,2p6,2090,22.455138970418883
124|SAS,2p6,2095,20.92450770082888
124|SAS,2p6,2100,18.261996462747124
124|SAS,7p0,2025,0.8658684016099443
124|SAS,7p0,2030,1.0225819702398014
124|SAS,7p0,2035,1.127901243706704
124|SAS,7p0,2040,1.3018504340172687
124|SAS,7p0,2045,1.5231346142953779
124|SAS,7p0,2050,1.8311246056125312
124|SAS,7p0,2055,2.2188054106959525
124|SAS,7p0,2060,2.600622565845885
124|SAS,7p0,2065,2.8968512771513657
124|SAS,7p0,2070,3.223819198024287
124|SAS,7p0,2075,3.5244062032083803
124|SAS,7p0,2080,4.002880056729313
124|SAS,7p0,2085,4.418475993267842
124|SAS,7p0,2090,4.807989527100028
124|SAS,7p0,2095,5.055006211350836
124|SAS,7p0,2100,5.330114095921379
124|SAS,no_climate,2025,0.9103368529037261
124|SAS,no_climate,2030,1.195112813694794
124|SAS,no_climate,2035,1.5091678042370171
124|SAS,no_climate,2040,1.9148029159185391
124|SAS,no_climate,2045,2.337453938491545
124|SAS,no_climate,2050,2.7991562342117717
124|SAS,no_climate,2055,3.350505810528947
124|SAS,no_climate,2060,4.028581170792601
124|SAS,no_climate,2065,5.192501567667875
124|SAS,no_climate,2070,7.631167386046829
124|SAS,no_climate,2075,8.932023394646802
124|SAS,no_climate,2080,10.726511801345758
124|SAS,no_climate,2085,13.334292364120753
124|SAS,no_climate,2090,13.631564248759455
124|SAS,no_climate,2095,12.989756956089858
124|SAS,no_climate,2100,11.79605527933425
125|LAM,2p6,2025,0.030603123083946332
125|LAM,2p6,2030,0.03962666310161568
125|LAM,2p6,2035,0.05099765783431327
125|LAM,2p6,2040,0.06400547809507333
125|LAM,2p6,2045,0.08290857062532515
125|LAM,2p6,2050,0.11471643740461114
125|LAM,2p6,2055,0.1335833155445522
125|LAM,2p6,2060,0.14358871060994152
125|LAM,2p6,2065,0.162217978818687
125|LAM,2p6,2070,0.18268591585685245
125|LAM,2p6,2075,0.20738492837950576
125|LAM,2p6,2080,0.2086865643674144
125|LAM,2p6,2085,0.19521132426561366
125|LAM,2p6,2090,0.1773177913541671
125|LAM,2p6,2095,0.16238386216239728
125|LAM,2p6,2100,0.1534413058331009
125|LAM,7p0,2025,0.03049243200579397
125|LAM,7p0,2030,0.040057363551002825
125|LAM,7p0,2035,0.05095900453516943
125|LAM,7p0,2040,0.0601271176945882
125|LAM,7p0,2045,0.07015668184629263
125|LAM,7p0,2050,0.08278424118972628
125|LAM,7p0,2055,0.1105185665155916
125|LAM,7p0,2060,0.13294548602123707
125|LAM,7p0,2065,0.14366933010935898
125|LAM,7p0,2070,0.15015723644831594
125|LAM,7p0,2075,0.1546864127300117
125|LAM,7p0,2080,0.15881669299422455
125|LAM,7p0,2085,0.16466056863089762
125|LAM,7p0,2090,0.16796100210062706
125|LAM,7p0,2095,0.17481417055058582
125|LAM,7p0,2100,0.17918323109566456
125|LAM,no_climate,2025,0.03054777754487015
125|LAM,no_climate,2030,0.03984201332630925
125|LAM,no_climate,2035,0.05097833118474135
125|LAM,no_climate,2040,0.062066297894830764
125|LAM,no_climate,2045,0.07653262623580889
125|LAM,no_climate,2050,0.09875033929716871
125|LAM,no_climate,2055,0.12205094103007189
125|LAM,no_climate,2060,0.1382670983155893
125|LAM,no_climate,2065,0.15294365446402297
125|LAM,no_climate,2070,0.16642157615258418
125|LAM,no_climate,2075,0.18103567055475872
125|LAM,no_climate,2080,0.18375162868081946
125|LAM,no_climate,2085,0.17993594644825564
125|LAM,no_climate,2090,0.1726393967273971
125|LAM,no_climate,2095,0.16859901635649155
125|LAM,no_climate,2100,0.16631226846438274
126|NAM,2p6,2025,0.05188115708184734
126|NAM,2p6,2030,0.08066930452599767
126|NAM,2p6,2035,0.08824376423622257
126|NAM,2p6,2040,0.08620791001640882
126|NAM,2p6,2045,0.08299125520059684
126|NAM,2p6,2050,0.08335708265235868
126|NAM,2p6,2055,0.08066248412358382
126|NAM,2p6,2060,0.0796108312985633
126|NAM,2p6,2065,0.0769133346045449
126|NAM,2p6,2070,0.07649867420864405
126|NAM,2p6,2075,0.07556501846215928
126|NAM,2p6,2080,0.07464721377999953
126|NAM,2p6,2085,0.07327069374278561
126|NAM,2p6,2090,0.0717000956610914
126|NAM,2p6,2095,0.07010869168330704
126|NAM,2p6,2100,0.06765783957446812
126|NAM,7p0,2025,0.05144846835339621
126|NAM,7p0,2030,0.0794501371051174
126|NAM,7p0,2035,0.08834440265417833
126|NAM,7p0,2040,0.09333438463514872
126|NAM,7p0,2045,0.0964126704260325
126|NAM,7p0,2050,0.1014084763610104
126|NAM,7p0,2055,0.10583862259869106
126|NAM,7p0,2060,0.10897056997132473
126|NAM,7p0,2065,0.11202592416763266
126|NAM,7p0,2070,0.11531428434592025
126|NAM,7p0,2075,0.11845331907198856
126|NAM,7p0,2080,0.12104508008072484
126|NAM,7p0,2085,0.12371989884276782
126|NAM,7p0,2090,0.13047342261873182
126|NAM,7p0,2095,0.13381926300096883
126|NAM,7p0,2100,0.1345729460323904
126|NAM,no_climate,2025,0.05166481271762177
126|NAM,no_climate,2030,0.08005972081555754
126|NAM,no_climate,2035,0.08829408344520046
126|NAM,no_climate,2040,0.08977114732577876
126|NAM,no_climate,2045,0.08970196281331468
126|NAM,no_climate,2050,0.09238277950668454
126|NAM,no_climate,2055,0.09325055336113744
126|NAM,no_climate,2060,0.09429070063494402
126|NAM,no_climate,2065,0.09446962938608877
126|NAM,no_climate,2070,0.09590647927728216
126|NAM,no_climate,2075,0.09700916876707391
126|NAM,no_climate,2080,0.09784614693036219
126|NAM,no_climate,2085,0.09849529629277672
126|NAM,no_climate,2090,0.10108675913991161
126|NAM,no_climate,2095,0.10196397734213794
126|NAM,no_climate,2100,0.10111539280342927
127|FSU,2p6,2025,0.019736429915546312
127|FSU,2p6,2030,0.029312859504336524
127|FSU,2p6,2035,0.046133144084315035
127|FSU,2p6,2040,0.06016513513692578
127|FSU,2p6,2045,0.08856159748157504
127|FSU,2p6,2050,0.11376164651214997
127|FSU,2p6,2055,0.13932407220852458
127|FSU,2p6,2060,0.1763937723442002
127|FSU,2p6,2065,0.21259911257832806
127|FSU,2p6,2070,0.2500672005990711
127|FSU,2p6,2075,0.2606691792059883
127|FSU,2p6,2080,0.2591840451170081
127|FSU,2p6,2085,0.25093508236744705
127|FSU,2p6,2090,0.24183539251348926
127|FSU,2p6,2095,0.23966910468228345
127|FSU,2p6,2100,0.23583417047225952
127|FSU,7p0,2025,0.019248874409637826
127|FSU,7p0,2030,0.027527786200487864
127|FSU,7p0,2035,0.039472432694010524
127|FSU,7p0,2040,0.04738609014956917
127|FSU,7p0,2045,0.05324473005342942
127|FSU,7p0,2050,0.06057835582508585
127|FSU,7p0,2055,0.0659398689210116
127|FSU,7p0,2060,0.07078698149347604
127|FSU,7p0,2065,0.0740674685210637
127|FSU,7p0,2070,0.07924740687132402
127|FSU,7p0,2075,0.08480216547769384
127|FSU,7p0,2080,0.08812320989188677
127|FSU,7p0,2085,0.09300232635429649
127|FSU,7p0,2090,0.09905466269950994
127|FSU,7p0,2095,0.10614138801028587
127|FSU,7p0,2100,0.11380457149636673
127|FSU,no_climate,2025,0.01949265216259207
127|FSU,no_climate,2030,0.028420322852412194
127|FSU,no_climate,2035,0.04280278838916278
127|FSU,no_climate,2040,0.05377561264324747
127|FSU,no_climate,2045,0.07090316376750222
127|FSU,no_climate,2050,0.08717000116861791
127|FSU,no_climate,2055,0.10263197056476808
127|FSU,no_climate,2060,0.12359037691883812
127|FSU,no_climate,2065,0.14333329054969587
127|FSU,no_climate,2070,0.16465730373519757
127|FSU,no_climate,2075,0.17273567234184106
127|FSU,no_climate,2080,0.17365362750444743
127|FSU,no_climate,2085,0.17196870436087178
127|FSU,no_climate,2090,0.1704450276064996
127|FSU,no_climate,2095,0.17290524634628465
127|FSU,no_climate,2100,0.17481937098431313
127|WEU,2p6,2025,0.0006770299068677041
127|WEU,2p6,2030,0.000788703715882935
127|WEU,2p6,2035,0.0009152923462844746
127|WEU,2p6,2040,0.0010585132333073306
127|WEU,2p6,2045,0.0011712412587405073
127|WEU,2p6,2050,0.001314590207755676
127|WEU,2p6,2055,0.001450425465994347
127|WEU,2p6,2060,0.001475321082309655
127|WEU,2p6,2065,0.0013811504159852916
127|WEU,2p6,2070,0.0012923657471344144
127|WEU,2p6,2075,0.0012518002805512816
127|WEU,2p6,2080,0.0011830318682548636
127|WEU,2p6,2085,0.0011445625275832826
127|WEU,2p6,2090,0.001104261911602736
127|WEU,2p6,2095,0.0010618314465875966
127|WEU,2p6,2100,0.0010281730974352852
127|WEU,7p0,2025,0.0006743399086317607
127|WEU,7p0,2030,0.0007864320128116935
127|WEU,7p0,2035,0.0008655038252647308
127|WEU,7p0,2040,0.000975079266271449
127|WEU,7p0,2045,0.0010400570468482083
127|WEU,7p0,2050,0.0010648721615627553
127|WEU,7p0,2055,0.0010752194763961533
127|WEU,7p0,2060,0.0010932411932914998
127|WEU,7p0,2065,0.001107512968145128
127|WEU,7p0,2070,0.0011333892136709258
127|WEU,7p0,2075,0.0011611206788152502
127|WEU,7p0,2080,0.0011779270043490839
127|WEU,7p0,2085,0.0011704785321306934
127|WEU,7p0,2090,0.0012020632022167153
127|WEU,7p0,2095,0.0012100176662159538
127|WEU,7p0,2100,0.001213508332433554
127|WEU,no_climate,2025,0.0006756849077497323
127|WEU,no_climate,2030,0.0007875678643473143
127|WEU,no_climate,2035,0.0008903980857746026
127|WEU,no_climate,2040,0.0010167962497893898
127|WEU,no_climate,2045,0.0011056491527943577
127|WEU,no_climate,2050,0.0011897311846592157
127|WEU,no_climate,2055,0.0012628224711952502
127|WEU,no_climate,2060,0.0012842811378005773
127|WEU,no_climate,2065,0.0012443316920652098
127|WEU,no_climate,2070,0.0012128774804026701
127|WEU,no_climate,2075,0.001206460479683266
127|WEU,no_climate,2080,0.0011804794363019736
127|WEU,no_climate,2085,0.0011575205298569881
127|WEU,no_climate,2090,0.0011531625569097257
127|WEU,no_climate,2095,0.0011359245564017753
127|WEU,no_climate,2100,0.0011208407149344195
128|WEU,2p6,2025,0.03673064017285106
128|WEU,2p6,2030,0.04278923589227424
128|WEU,2p6,2035,0.0496569996145075
128|WEU,2p6,2040,0.05742710668527392
128|WEU,2p6,2045,0.06354289639793001
128|WEU,2p6,2050,0.0713199511661493
128|WEU,2p6,2055,0.07868936859149483
128|WEU,2p6,2060,0.08004002077906153
128|WEU,2p6,2065,0.07493101625132843
128|WEU,2p6,2070,0.0701142161493729
128|WEU,2p6,2075,0.06791343367079324
128|WEU,2p6,2080,0.06418256774936862
128|WEU,2p6,2085,0.06209550557447598
128|WEU,2p6,2090,0.059909091932611624
128|WEU,2p6,2095,0.057607128419584167
128|WEU,2p6,2100,0.05578107509611213
128|WEU,7p0,2025,0.03658470074496498
128|WEU,7p0,2030,0.04266599006924202
128|WEU,7p0,2035,0.04695584235134395
128|WEU,7p0,2040,0.052900596127465845
128|WEU,7p0,2045,0.05642581038075847
128|WEU,7p0,2050,0.05777209514629419
128|WEU,7p0,2055,0.05833346399284798
128|WEU,7p0,2060,0.059311189189128435
128|WEU,7p0,2065,0.06008547023854594
128|WEU,7p0,2070,0.06148932412120485
128|WEU,7p0,2075,0.06299382851214777
128|WEU,7p0,2080,0.06390561555367896
128|WEU,7p0,2085,0.06350151648786821
128|WEU,7p0,2090,0.06521506730761743
128|WEU,7p0,2095,0.06564661774868387
128|WEU,7p0,2100,0.06583599550511916
128|WEU,no_climate,2025,0.036657670458908026
128|WEU,no_climate,2030,0.04272761298075813
128|WEU,no_climate,2035,0.04830642098292573
128|WEU,no_climate,2040,0.05516385140636988
128|WEU,no_climate,2045,0.05998435338934424
128|WEU,no_climate,2050,0.06454602315622174
128|WEU,no_climate,2055,0.0685114162921714
128|WEU,no_climate,2060,0.06967560498409497
128|WEU,no_climate,2065,0.06750824324493719
128|WEU,no_climate,2070,0.06580177013528887
128|WEU,no_climate,2075,0.06545363109147051
128|WEU,no_climate,2080,0.06404409165152379
128|WEU,no_climate,2085,0.0627985110311721
128|WEU,no_climate,2090,0.06256207962011454
128|WEU,no_climate,2095,0.06162687308413402
128|WEU,no_climate,2100,0.06080853530061565
129|AFR,2p6,2025,0.005374867702417344
129|AFR,2p6,2030,0.007623702040735968
129|AFR,2p6,2035,0.010709252088580583
129|AFR,2p6,2040,0.015423090523531068
129|AFR,2p6,2045,0.02225114371465328
129|AFR,2p6,2050,0.030407058809974154
129|AFR,2p6,2055,0.04079968418551705
129|AFR,2p6,2060,0.0535207912361249
129|AFR,2p6,2065,0.0688672808735255
129|AFR,2p6,2070,0.0874074840128038
129|AFR,2p6,2075,0.11276203843201472
129|AFR,2p6,2080,0.1292939175216516
129|AFR,2p6,2085,0.14856740397042809
129|AFR,2p6,2090,0.1763172989964641
129|AFR,2p6,2095,0.20513046986432337
129|AFR,2p6,2100,0.23361800312168024
129|AFR,7p0,2025,0.005167126805844627
129|AFR,7p0,2030,0.006958316187743835
129|AFR,7p0,2035,0.009129991504923583
129|AFR,7p0,2040,0.011453512055360838
129|AFR,7p0,2045,0.014795640209666054
129|AFR,7p0,2050,0.018668328369823364
129|AFR,7p0,2055,0.022830851625692292
129|AFR,7p0,2060,0.028392124937232723
129|AFR,7p0,2065,0.035003468552732536
129|AFR,7p0,2070,0.042089393577116066
129|AFR,7p0,2075,0.050186177397594345
129|AFR,7p0,2080,0.05752650916404527
129|AFR,7p0,2085,0.06367379603101977
129|AFR,7p0,2090,0.0697325840321479
129|AFR,7p0,2095,0.07828462696212385
129|AFR,7p0,2100,0.08679377784070488
129|AFR,no_climate,2025,0.005270997254130986
129|AFR,no_climate,2030,0.007291009114239902
129|AFR,no_climate,2035,0.009919621796752083
129|AFR,no_climate,2040,0.013438301289445953
129|AFR,no_climate,2045,0.018523391962159665
129|AFR,no_climate,2050,0.02453769358989876
129|AFR,no_climate,2055,0.03181526790560467
129|AFR,no_climate,2060,0.04095645808667881
129|AFR,no_climate,2065,0.05193537471312902
129|AFR,no_climate,2070,0.06474843879495992
129|AFR,no_climate,2075,0.08147410791480453
129|AFR,no_climate,2080,0.09341021334284844
129|AFR,no_climate,2085,0.10612060000072393
129|AFR,no_climate,2090,0.12302494151430599
129|AFR,no_climate,2095,0.1417075484132236
129|AFR,no_climate,2100,0.16020589048119255
12|SAS,2p6,2025,0.048652700889783164
12|SAS,2p6,2030,0.06968913712837267
12|SAS,2p6,2035,0.09632826430315533
12|SAS,2p6,2040,0.12880335577526533
12|SAS,2p6,2045,0.16060057599998562
12|SAS,2p6,2050,0.1919594114938559
12|SAS,2p6,2055,0.2283936181757517
12|SAS,2p6,2060,0.2780413938162771
12|SAS,2p6,2065,0.3815634569392349
12|SAS,2p6,2070,0.6134300833974379
12|SAS,2p6,2075,0.7306853462530444
12|SAS,2p6,2080,0.8891829681853741
12|SAS,2p6,2085,1.1337681936713426
12|SAS,2p6,2090,1.1442156374325207
12|SAS,2p6,2095,1.0662213646687124
12|SAS,2p6,2100,0.9305514408501053
12|SAS,7p0,2025,0.044120865445809294
12|SAS,7p0,2030,0.052106303258523584
12|SAS,7p0,2035,0.057472912647252475
12|SAS,7p0,2040,0.06633660233246313
12|SAS,7p0,2045,0.07761227600895192
12|SAS,7p0,2050,0.09330609846545213
12|SAS,7p0,2055,0.1130606161325768
12|SAS,7p0,2060,0.13251634785341246
12|SAS,7p0,2065,0.14761086693782907
12|SAS,7p0,2070,0.1642717216532883
12|SAS,7p0,2075,0.17958832032558916
12|SAS,7p0,2080,0.20396925450829292
12|SAS,7p0,2085,0.22514620514160835
12|SAS,7p0,2090,0.24499411064731513
12|SAS,7p0,2095,0.25758100014280394
12|SAS,7p0,2100,0.271599294303498
12|SAS,no_climate,2025,0.04638678316779623
12|SAS,no_climate,2030,0.06089772019344813
12|SAS,no_climate,2035,0.0769005884752039
12|SAS,no_climate,2040,0.09756997905386423
12|SAS,no_climate,2045,0.11910642600446877
12|SAS,no_climate,2050,0.142632754979654
12|SAS,no_climate,2055,0.17072711715416425
12|SAS,no_climate,2060,0.2052788708348448
12|SAS,no_climate,2065,0.264587161938532
12|SAS,no_climate,2070,0.3888509025253631
12|SAS,no_climate,2075,0.45513683328931676
12|SAS,no_climate,2080,0.5465761113468335
12|SAS,no_climate,2085,0.6794571994064755
12|SAS,no_climate,2090,0.694604874039918
12|SAS,no_climate,2095,0.6619011824057581
12|SAS,no_climate,2100,0.6010753675768017
130|AFR,2p6,2025,0.024345909755862576
130|AFR,2p6,2030,0.034532191705084585
130|AFR,2p6,2035,0.048508446967746595
130|AFR,2p6,2040,0.069860169743994
130|AFR,2p6,2045,0.10078840388909244
130|AFR,2p6,2050,0.13773129883660076
130|AFR,2p6,2055,0.18480555880502006
130|AFR,2p6,2060,0.2424268699508694
130|AFR,2p6,2065,0.3119400696177929
130|AFR,2p6,2070,0.3959194598977103
130|AFR,2p6,2075,0.5107650203777562
130|AFR,2p6,2080,0.5856475400405403
130|AFR,2p6,2085,0.6729483979856982
130|AFR,2p6,2090,0.7986438527286462
130|AFR,2p6,2095,0.9291555037249413
130|AFR,2p6,2100,1.0581921521132949
130|AFR,7p0,2025,0.02340493010751018
130|AFR,7p0,2030,0.031518271209425054
130|AFR,7p0,2035,0.041355054962690915
130|AFR,7p0,2040,0.051879634313992166
130|AFR,7p0,2045,0.06701808142416894
130|AFR,7p0,2050,0.08455974415521313
130|AFR,7p0,2055,0.10341423902928908
130|AFR,7p0,2060,0.12860448847664885
130|AFR,7p0,2065,0.15855111859659865
130|AFR,7p0,2070,0.1906474046322274
130|AFR,7p0,2075,0.22732245955821864
130|AFR,7p0,2080,0.26057110206596484
130|AFR,7p0,2085,0.2884157485936274
130|AFR,7p0,2090,0.31585953215671436
130|AFR,7p0,2095,0.35459672103818507
130|AFR,7p0,2100,0.3931396268097599
130|AFR,no_climate,2025,0.023875419931686376
130|AFR,no_climate,2030,0.03302523145725482
130|AFR,no_climate,2035,0.04493175096521876
130|AFR,no_climate,2040,0.06086990202899309
130|AFR,no_climate,2045,0.08390324265663068
130|AFR,no_climate,2050,0.11114552149590695
130|AFR,no_climate,2055,0.14410989891715456
130|AFR,no_climate,2060,0.1855156792137591
130|AFR,no_climate,2065,0.23524559410719578
130|AFR,no_climate,2070,0.2932834322649689
130|AFR,no_climate,2075,0.3690437399679874
130|AFR,no_climate,2080,0.4231093210532526
130|AFR,no_climate,2085,0.4806820732896628
130|AFR,no_climate,2090,0.5572516924426802
130|AFR,no_climate,2095,0.6418761123815632
130|AFR,no_climate,2100,0.7256658894615273
131|FSU,2p6,2025,0.015736197563356005
131|FSU,2p6,2030,0.02337165081430428
131|FSU,2p6,2035,0.036782755170818075
131|FSU,2p6,2040,0.04797070478257613
131|FSU,2p6,2045,0.07061169626218594
131|FSU,2p6,2050,0.09070413201922332
131|FSU,2p6,2055,0.11108549697114424
131|FSU,2p6,2060,0.14064181123089112
131|FSU,2p6,2065,0.16950895636355667
131|FSU,2p6,2070,0.19938291218730955
131|FSU,2p6,2075,0.20783605344106326
131|FSU,2p6,2080,0.20665193029760362
131|FSU,2p6,2085,0.20007488935983966
131|FSU,2p6,2090,0.19281954896039125
131|FSU,2p6,2095,0.19109233013526336
131|FSU,2p6,2100,0.18803467063809798
131|FSU,7p0,2025,0.015347461110162183
131|FSU,7p0,2030,0.021948380937501052
131|FSU,7p0,2035,0.03147205456291504
131|FSU,7p0,2040,0.03778175077962055
131|FSU,7p0,2045,0.042452945893134274
131|FSU,7p0,2050,0.04830017279750982
131|FSU,7p0,2055,0.052575000092873414
131|FSU,7p0,2060,0.056439686937379455
131|FSU,7p0,2065,0.05905527608856039
131|FSU,7p0,2070,0.06318533069288848
131|FSU,7p0,2075,0.06761423598227592
131|FSU,7p0,2080,0.07026216224057324
131|FSU,7p0,2085,0.07415236634109416
131|FSU,7p0,2090,0.07897799898365927
131|FSU,7p0,2095,0.08462836787229822
131|FSU,7p0,2100,0.09073835685294095
131|FSU,no_climate,2025,0.015541829336759093
131|FSU,no_climate,2030,0.02266001587590267
131|FSU,no_climate,2035,0.03412740486686656
131|FSU,no_climate,2040,0.04287622778109834
131|FSU,no_climate,2045,0.05653232107766011
131|FSU,no_climate,2050,0.06950215240836657
131|FSU,no_climate,2055,0.08183024853200882
131|FSU,no_climate,2060,0.09854074908413529
131|FSU,no_climate,2065,0.11428211622605854
131|FSU,no_climate,2070,0.13128412144009902
131|FSU,no_climate,2075,0.13772514471166958
131|FSU,no_climate,2080,0.13845704626908845
131|FSU,no_climate,2085,0.1371136278504669
131|FSU,no_climate,2090,0.13589877397202527
131|FSU,no_climate,2095,0.1378603490037808
131|FSU,no_climate,2100,0.13938651374551947
132|FSU,2p6,2025,0.015967763308457023
132|FSU,2p6,2030,0.02371557594064217
132|FSU,2p6,2035,0.03732403117308646
132|FSU,2p6,2040,0.04867661686529336
132|FSU,2p6,2045,0.07165078146634454
132|FSU,2p6,2050,0.09203888711683875
132|FSU,2p6,2055,0.11272017369482373
132|FSU,2p6,2060,0.1427114233896681
132|FSU,2p6,2065,0.1720033625009725
132|FSU,2p6,2070,0.20231692800880505
132|FSU,2p6,2075,0.2108944613175637
132|FSU,2p6,2080,0.20969291323031425
132|FSU,2p6,2085,0.20301908795953838
132|FSU,2p6,2090,0.19565698172299398
132|FSU,2p6,2095,0.193904346038896
132|FSU,2p6,2100,0.19080169160589078
132|FSU,7p0,2025,0.015573306410659649
132|FSU,7p0,2030,0.022271361960400048
132|FSU,7p0,2035,0.03193518104155637
132|FSU,7p0,2040,0.03833772748462056
132|FSU,7p0,2045,0.043077661489637015
132|FSU,7p0,2050,0.04901093316114483
132|FSU,7p0,2055,0.0533486666041876
132|FSU,7p0,2060,0.05727022418160907
132|FSU,7p0,2065,0.059924302990042526
132|FSU,7p0,2070,0.06411513334200016
132|FSU,7p0,2075,0.06860921211114278
132|FSU,7p0,2080,0.07129610388283725
132|FSU,7p0,2085,0.07524355421501644
132|FSU,7p0,2090,0.0801401983718918
132|FSU,7p0,2095,0.08587371516691189
132|FSU,7p0,2100,0.0920736155855094
132|FSU,no_climate,2025,0.015770534859558337
132|FSU,no_climate,2030,0.02299346895052111
132|FSU,no_climate,2035,0.034629606107321416
132|FSU,no_climate,2040,0.04350717217495696
132|FSU,no_climate,2045,0.05736422147799078
132|FSU,no_climate,2050,0.07052491013899179
132|FSU,no_climate,2055,0.08303442014950567
132|FSU,no_climate,2060,0.09999082378563859
132|FSU,no_climate,2065,0.11596383274550752
132|FSU,no_climate,2070,0.1332160306754026
132|FSU,no_climate,2075,0.13975183671435323
132|FSU,no_climate,2080,0.14049450855657575
132|FSU,no_climate,2085,0.1391313210872774
132|FSU,no_climate,2090,0.1378985900474429
132|FSU,no_climate,2095,0.13988903060290395
132|FSU,no_climate,2100,0.1414376535957001
134|LAM,2p6,2025,0.003792439406587689
134|LAM,2p6,2030,0.00491066608744177
134|LAM,2p6,2035,0.006319797057444145
134|LAM,2p6,2040,0.00793176881651583
134|LAM,2p6,2045,0.010274302054756036
134|LAM,2p6,2050,0.014216037252250794
134|LAM,2p6,2055,0.016554082684441813
134|LAM,2p6,2060,0.01779398406380023
134|LAM,2p6,2065,0.02010258409383439
134|LAM,2p6,2070,0.022639037996992198
134|LAM,2p6,2075,0.025699820654297195
134|LAM,2p6,2080,0.025861123655956098
134|LAM,2p6,2085,0.024191227696804537
134|LAM,2p6,2090,0.021973802398402836
134|LAM,2p6,2095,0.02012314090196988
134|LAM,2p6,2100,0.019014949985447234
134|LAM,7p0,2025,0.003778722205059231
134|LAM,7p0,2030,0.004964039900049401
134|LAM,7p0,2035,0.006315007013811487
134|LAM,7p0,2040,0.007451149672665614
134|LAM,7p0,2045,0.008694046164487266
134|LAM,7p0,2050,0.01025889474323196
134|LAM,7p0,2055,0.013695823320502227
134|LAM,7p0,2060,0.016475040757502852
134|LAM,7p0,2065,0.017803974696641574
134|LAM,7p0,2070,0.01860797733384358
134|LAM,7p0,2075,0.01916924771670512
134|LAM,7p0,2080,0.019681085596495534
134|LAM,7p0,2085,0.020405277836317706
134|LAM,7p0,2090,0.020814278379010318
134|LAM,7p0,2095,0.02166354549525575
134|LAM,7p0,2100,0.02220497381077352
134|LAM,no_climate,2025,0.0037855808058234602
134|LAM,no_climate,2030,0.004937352993745586
134|LAM,no_climate,2035,0.006317402035627816
134|LAM,no_climate,2040,0.007691459244590722
134|LAM,no_climate,2045,0.00948417410962165
134|LAM,no_climate,2050,0.012237465997741377
134|LAM,no_climate,2055,0.015124953002472019
134|LAM,no_climate,2060,0.01713451241065154
134|LAM,no_climate,2065,0.018953279395237985
134|LAM,no_climate,2070,0.020623507665417887
134|LAM,no_climate,2075,0.022434534185501155
134|LAM,no_climate,2080,0.022771104626225815
134|LAM,no_climate,2085,0.02229825276656112
134|LAM,no_climate,2090,0.021394040388706577
134|LAM,no_climate,2095,0.020893343198612815
134|LAM,no_climate,2100,0.020609961898110377
135|AFR,2p6,2025,0.09323567396478998
135|AFR,2p6,2030,0.13224530113645036
135|AFR,2p6,2035,0.18576910008195693
135|AFR,2p6,2040,0.26753816450861717
135|AFR,2p6,2045,0.38598166421659985
135|AFR,2p6,2050,0.5274590517195233
135|AFR,2p6,2055,0.7077357552217377
135|AFR,2p6,2060,0.9284036962964985
135|AFR,2p6,2065,1.1946130959610133
135|AFR,2p6,2070,1.5162225626195664
135|AFR,2p6,2075,1.956037847429068
135|AFR,2p6,2080,2.242809722415588
135|AFR,2p6,2085,2.577139160495475
135|AFR,2p6,2090,3.058505457947041
135|AFR,2p6,2095,3.5583159749053093
135|AFR,2p6,2100,4.052477786860137
135|AFR,7p0,2025,0.08963207596491812
135|AFR,7p0,2030,0.12070311965681009
135|AFR,7p0,2035,0.1583743002402668
135|AFR,7p0,2040,0.1986794791739968
135|AFR,7p0,2045,0.25665403560879085
135|AFR,7p0,2050,0.3238320036367922
135|AFR,7p0,2055,0.3960376248059432
135|AFR,7p0,2060,0.4925068020976321
135|AFR,7p0,2065,0.607191127727955
135|AFR,7p0,2070,0.7301078266850731
135|AFR,7p0,2075,0.8705594876831623
135|AFR,7p0,2080,0.9978892783424578
135|AFR,7p0,2085,1.1045237977073714
135|AFR,7p0,2090,1.209623162746794
135|AFR,7p0,2095,1.3579720208951562
135|AFR,7p0,2100,1.5055768478336455
135|AFR,no_climate,2025,0.09143387496485406
135|AFR,no_climate,2030,0.12647421039663023
135|AFR,no_climate,2035,0.17207170016111187
135|AFR,no_climate,2040,0.233108821841307
135|AFR,no_climate,2045,0.32131784991269535
135|AFR,no_climate,2050,0.4256455276781578
135|AFR,no_climate,2055,0.5518866900138404
135|AFR,no_climate,2060,0.7104552491970653
135|AFR,no_climate,2065,0.9009021118444842
135|AFR,no_climate,2070,1.1231651946523198
135|AFR,no_climate,2075,1.4132986675561152
135|AFR,no_climate,2080,1.620349500379023
135|AFR,no_climate,2085,1.840831479101423
135|AFR,no_climate,2090,2.1340643103469175
135|AFR,no_climate,2095,2.458143997900233
135|AFR,no_climate,2100,2.779027317346891
136|AFR,2p6,2025,0.10783006815572149
136|AFR,2p6,2030,0.15294596186651246
136|AFR,2p6,2035,0.21484796399529718
136|AFR,2p6,2040,0.3094165278851889
136|AFR,2p6,2045,0.4464002606454321
136|AFR,2p6,2050,0.6100234285617688
136|AFR,2p6,2055,0.81851925852567
136|AFR,2p6,2060,1.073728859250604
136|AFR,2p6,2065,1.3816086276787143
136|AFR,2p6,2070,1.7535603628312213
136|AFR,2p6,2075,2.2622209443469035
136|AFR,2p6,2080,2.5938818795874026
136|AFR,2p6,2085,2.980544672503263
136|AFR,2p6,2090,3.537260342104918
136|AFR,2p6,2095,4.115307347255645
136|AFR,2p6,2100,4.686821442634705
136|AFR,7p0,2025,0.10366239068412679
136|AFR,7p0,2030,0.13959705620959262
136|AFR,7p0,2035,0.18316499321356233
136|AFR,7p0,2040,0.2297792343793842
136|AFR,7p0,2045,0.2968286812898273
136|AFR,7p0,2050,0.3745221709487089
136|AFR,7p0,2055,0.45803030384252025
136|AFR,7p0,2060,0.5696000230276635
136|AFR,7p0,2065,0.7022361495577384
136|AFR,7p0,2070,0.8443932817197013
136|AFR,7p0,2075,1.0068301638054966
136|AFR,7p0,2080,1.1540911790498403
136|AFR,7p0,2085,1.2774174446508542
136|AFR,7p0,2090,1.3989682546938405
136|AFR,7p0,2095,1.570538500338253
136|AFR,7p0,2100,1.741248249858608
136|AFR,no_climate,2025,0.10574622941992415
136|AFR,no_climate,2030,0.14627150903805253
136|AFR,no_climate,2035,0.19900647860442977
136|AFR,no_climate,2040,0.26959788113228655
136|AFR,no_climate,2045,0.3716144709676297
136|AFR,no_climate,2050,0.49227279975523885
136|AFR,no_climate,2055,0.6382747811840951
136|AFR,no_climate,2060,0.8216644411391338
136|AFR,no_climate,2065,1.0419223886182263
136|AFR,no_climate,2070,1.2989768222754612
136|AFR,no_climate,2075,1.6345255540762
136|AFR,no_climate,2080,1.8739865293186213
136|AFR,no_climate,2085,2.1289810585770583
136|AFR,no_climate,2090,2.4681142983993793
136|AFR,no_climate,2095,2.842922923796949
136|AFR,no_climate,2100,3.2140348462466566
137|LAM,2p6,2025,0.026738050736709523
137|LAM,2p6,2030,0.034621947754518705
137|LAM,2p6,2035,0.04455682378843617
137|LAM,2p6,2040,0.05592179974700591
137|LAM,2p6,2045,0.07243749475526229
137|LAM,2p6,2050,0.10022813407786096
137|LAM,2p6,2055,0.11671218845248421
137|LAM,2p6,2060,0.12545393550115522
137|LAM,2p6,2065,0.14173038928617768
137|LAM,2p6,2070,0.1596132941616389
137|LAM,2p6,2075,0.18119290380362865
137|LAM,2p6,2080,0.18233014750878782
137|LAM,2p6,2085,0.17055678527569282
137|LAM,2p6,2090,0.15492314587448355
137|LAM,2p6,2095,0.14187532211699802
137|LAM,2p6,2100,0.13406218081789842
137|LAM,7p0,2025,0.026641339572439773
137|LAM,7p0,2030,0.03499825217405287
137|LAM,7p0,2035,0.0445230522720189
137|LAM,7p0,2040,0.05253326332610007
137|LAM,7p0,2045,0.061296126986117576
137|LAM,7p0,2050,0.07232886771259119
137|LAM,7p0,2055,0.09656044027717038
137|LAM,7p0,2060,0.1161549146700343
137|LAM,7p0,2065,0.12552437302675937
137|LAM,7p0,2070,0.13119287844008598
137|LAM,7p0,2075,0.13515003486766017
137|LAM,7p0,2080,0.138758674513961
137|LAM,7p0,2085,0.1438644881540843
137|LAM,7p0,2090,0.1467480878875067
137|LAM,7p0,2095,0.15273572402580454
137|LAM,7p0,2100,0.15655298680011767
137|LAM,no_climate,2025,0.026689695154574648
137|LAM,no_climate,2030,0.03481009996428579
137|LAM,no_climate,2035,0.04453993803022754
137|LAM,no_climate,2040,0.05422753153655299
137|LAM,no_climate,2045,0.06686681087068994
137|LAM,no_climate,2050,0.08627850089522607
137|LAM,no_climate,2055,0.10663631436482729
137|LAM,no_climate,2060,0.12080442508559476
137|LAM,no_climate,2065,0.13362738115646852
137|LAM,no_climate,2070,0.14540308630086246
137|LAM,no_climate,2075,0.1581714693356444
137|LAM,no_climate,2080,0.1605444110113744
137|LAM,no_climate,2085,0.15721063671488855
137|LAM,no_climate,2090,0.15083561688099512
137|LAM,no_climate,2095,0.14730552307140127
137|LAM,no_climate,2100,0.14530758380900805
139|LAM,2p6,2025,0.03750033136342049
139|LAM,2p6,2030,0.04855756038561773
139|LAM,2p6,2035,0.06249130398551706
139|LAM,2p6,2040,0.07843077424011352
139|LAM,2p6,2045,0.10159416941822526
139|LAM,2p6,2050,0.14057076474527133
139|LAM,2p6,2055,0.16368978368004825
139|LAM,2p6,2060,0.17595015427506297
139|LAM,2p6,2065,0.1987780117120205
139|LAM,2p6,2070,0.22385892973307936
139|LAM,2p6,2075,0.2541245059426736
139|LAM,2p6,2080,0.2557194993924347
139|LAM,2p6,2085,0.2392072641008588
139|LAM,2p6,2090,0.21728095901098665
139|LAM,2p6,2095,0.19898128117375954
139|LAM,2p6,2100,0.1880232876165404
139|LAM,7p0,2025,0.03736469317713795
139|LAM,7p0,2030,0.04908533036275659
139|LAM,7p0,2035,0.062443939161926754
139|LAM,7p0,2040,0.07367832463665279
139|LAM,7p0,2045,0.0859683114490412
139|LAM,7p0,2050,0.10144181911657807
139|LAM,7p0,2055,0.13542679466982274
139|LAM,7p0,2060,0.16290820271486117
139|LAM,7p0,2065,0.1760489434716497
139|LAM,7p0,2070,0.18399906793765072
139|LAM,7p0,2075,0.18954901167708668
139|LAM,7p0,2080,0.1946101578256975
139|LAM,7p0,2085,0.20177110255087227
139|LAM,7p0,2090,0.20581537438607928
139|LAM,7p0,2095,0.21421308226242367
139|LAM,7p0,2100,0.21956682402720604
139|LAM,no_climate,2025,0.03743251227027922
139|LAM,no_climate,2030,0.04882144537418716
139|LAM,no_climate,2035,0.062467621573721904
139|LAM,no_climate,2040,0.07605454943838316
139|LAM,no_climate,2045,0.09378124043363323
139|LAM,no_climate,2050,0.1210062919309247
139|LAM,no_climate,2055,0.1495582891749355
139|LAM,no_climate,2060,0.16942917849496208
139|LAM,no_climate,2065,0.1874134775918351
139|LAM,no_climate,2070,0.20392899883536503
139|LAM,no_climate,2075,0.22183675880988013
139|LAM,no_climate,2080,0.22516482860906611
139|LAM,no_climate,2085,0.22048918332586553
139|LAM,no_climate,2090,0.21154816669853296
139|LAM,no_climate,2095,0.2065971817180916
139|LAM,no_climate,2100,0.20379505582187324
13|AFR,2p6,2025,0.00044076523419974827
13|AFR,2p6,2030,0.0006251805628523305
13|AFR,2p6,2035,0.0008782106400134142
13|AFR,2p6,2040,0.0012647682665064871
13|AFR,2p6,2045,0.0018247017626481258
13|AFR,2p6,2050,0.00249352637864483
13|AFR,2p6,2055,0.003345772091695821
13|AFR,2p6,2060,0.004388964601516944
13|AFR,2p6,2065,0.005647451223639883
13|AFR,2p6,2070,0.007167837851039029
13|AFR,2p6,2075,0.009247034351371053
13|AFR,2p6,2080,0.010602728660912575
13|AFR,2p6,2085,0.012183248078091903
13|AFR,2p6,2090,0.014458874132044492
13|AFR,2p6,2095,0.01682169396478151
13|AFR,2p6,2100,0.01915780993323685
13|AFR,7p0,2025,0.00042372947257727004
13|AFR,7p0,2030,0.0005706156939913957
13|AFR,7p0,2035,0.0007487036084812806
13|AFR,7p0,2040,0.0009392435689571086
13|AFR,7p0,2045,0.0012133142959436327
13|AFR,7p0,2050,0.0015308935180566965
13|AFR,7p0,2055,0.0018722406244998584
13|AFR,7p0,2060,0.002328292023217541
13|AFR,7p0,2065,0.002870454282532351
13|AFR,7p0,2070,0.0034515345203751523
13|AFR,7p0,2075,0.004115510084888635
13|AFR,7p0,2080,0.004717452910139662
13|AFR,7p0,2085,0.005221560264148851
13|AFR,7p0,2090,0.0057184102817005025
13|AFR,7p0,2095,0.006419719302427068
13|AFR,7p0,2100,0.007117510966797144
13|AFR,no_climate,2025,0.0004322473533885092
13|AFR,no_climate,2030,0.0005978981284218631
13|AFR,no_climate,2035,0.0008134571242473474
13|AFR,no_climate,2040,0.0011020059177317978
13|AFR,no_climate,2045,0.0015190080292958792
13|AFR,no_climate,2050,0.0020122099483507634
13|AFR,no_climate,2055,0.0026090063580978397
13|AFR,no_climate,2060,0.003358628312367243
13|AFR,no_climate,2065,0.004258952753086117
13|AFR,no_climate,2070,0.00530968618570709
13|AFR,no_climate,2075,0.006681272218129844
13|AFR,no_climate,2080,0.007660090785526119
13|AFR,no_climate,2085,0.008702404171120377
13|AFR,no_climate,2090,0.010088642206872497
13|AFR,no_climate,2095,0.011620706633604289
13|AFR,no_climate,2100,0.013137660450016997
141|SAS,2p6,2025,0.017331986193500386
141|SAS,2p6,2030,0.02482598376772857
141|SAS,2p6,2035,0.03431587797619564
141|SAS,2p6,2040,0.04588476987188626
141|SAS,2p6,2045,0.05721217763851806
141|SAS,2p6,2050,0.06838341569692037
141|SAS,2p6,2055,0.08136269856576445
141|SAS,2p6,2060,0.09904916912551688
141|SAS,2p6,2065,0.13592775830876533
141|SAS,2p6,2070,0.2185276776351556
141|SAS,2p6,2075,0.2602985672211723
141|SAS,2p6,2080,0.31676159074903276
141|SAS,2p6,2085,0.40389237020689395
141|SAS,2p6,2090,0.4076141564122747
141|SAS,2p6,2095,0.3798295599974372
141|SAS,2p6,2100,0.3314986512607521
141|SAS,7p0,2025,0.015717569975907314
141|SAS,7p0,2030,0.01856229381215551
141|SAS,7p0,2035,0.02047408900811124
141|SAS,7p0,2040,0.023631680353256964
141|SAS,7p0,2045,0.02764851429894154
141|SAS,7p0,2050,0.033239264846490854
141|SAS,7p0,2055,0.04027659311818323
141|SAS,7p0,2060,0.04720748220353683
141|SAS,7p0,2065,0.05258473755799908
141|SAS,7p0,2070,0.05851998264448295
141|SAS,7p0,2075,0.06397635139410465
141|SAS,7p0,2080,0.07266178934330597
141|SAS,7p0,2085,0.08020584361541193
141|SAS,7p0,2090,0.08727644027096265
141|SAS,7p0,2095,0.09176038033934925
141|SAS,7p0,2100,0.09675424247662265
141|SAS,no_climate,2025,0.016524778084703852
141|SAS,no_climate,2030,0.02169413878994204
141|SAS,no_climate,2035,0.02739498349215344
141|SAS,no_climate,2040,0.034758225112571615
141|SAS,no_climate,2045,0.0424303459687298
141|SAS,no_climate,2050,0.05081134027170561
141|SAS,no_climate,2055,0.06081964584197384
141|SAS,no_climate,2060,0.07312832566452686
141|SAS,no_climate,2065,0.0942562479333822
141|SAS,no_climate,2070,0.13852383013981928
141|SAS,no_climate,2075,0.16213745930763845
141|SAS,no_climate,2080,0.19471169004616937
141|SAS,no_climate,2085,0.24204910691115294
141|SAS,no_climate,2090,0.24744529834161869
141|SAS,no_climate,2095,0.23579497016839324
141|SAS,no_climate,2100,0.21412644686868737
142|NAM,2p6,2025,0.13678985574677055
142|NAM,2p6,2030,0.21269268362490829
142|NAM,2p6,2035,0.2326635036566749
142|NAM,2p6,2040,0.22729577053903371
142|NAM,2p6,2045,0.21881473863860934
142|NAM,2p6,2050,0.21977927927666344
142|NAM,2p6,2055,0.2126747009523003
142|NAM,2p6,2060,0.20990191317497114
142|NAM,2p6,2065,0.2027896935482953
142|NAM,2p6,2070,0.2016963999725623
142|NAM,2p6,2075,0.19923472328564276
142|NAM,2p6,2080,0.19681483951400133
142|NAM,2p6,2085,0.19318550686388367
142|NAM,2p6,2090,0.18904446805296868
142|NAM,2p6,2095,0.18484857241763164
142|NAM,2p6,2100,0.17838665588990557
142|NAM,7p0,2025,0.13564902867048328
142|NAM,7p0,2030,0.20947822687387088
142|NAM,7p0,2035,0.23292884690360816
142|NAM,7p0,2040,0.246085433104627
142|NAM,7p0,2045,0.2542016412419675
142|NAM,7p0,2050,0.26737358287978397
142|NAM,7p0,2055,0.2790541061925817
142|NAM,7p0,2060,0.28731179845324517
142|NAM,7p0,2065,0.2953675451496596
142|NAM,7p0,2070,0.3040376354046198
142|NAM,7p0,2075,0.3123140141809371
142|NAM,7p0,2080,0.31914745110594334
142|NAM,7p0,2085,0.32619987809849077
142|NAM,7p0,2090,0.3440062184936962
142|NAM,7p0,2095,0.3528278610510489
142|NAM,7p0,2100,0.3548150216878925
142|NAM,no_climate,2025,0.13621944220862692
142|NAM,no_climate,2030,0.2110854552493896
142|NAM,no_climate,2035,0.23279617528014152
142|NAM,no_climate,2040,0.23669060182183035
142|NAM,no_climate,2045,0.2365081899402884
142|NAM,no_climate,2050,0.2435764310782237
142|NAM,no_climate,2055,0.245864403572441
142|NAM,no_climate,2060,0.24860685581410816
142|NAM,no_climate,2065,0.24907861934897746
142|NAM,no_climate,2070,0.25286701768859104
142|NAM,no_climate,2075,0.25577436873328996
142|NAM,no_climate,2080,0.25798114530997235
142|NAM,no_climate,2085,0.2596926924811872
142|NAM,no_climate,2090,0.26652534327333244
142|NAM,no_climate,2095,0.2688382167343403
142|NAM,no_climate,2100,0.266600838788899
143|PAS,2p6,2025,0.06291739483479675
143|PAS,2p6,2030,0.08937270146169525
143|PAS,2p6,2035,0.11760431662123425
143|PAS,2p6,2040,0.15595924549163093
143|PAS,2p6,2045,0.20429036348520135
143|PAS,2p6,2050,0.2586512802725137
143|PAS,2p6,2055,0.3164235041017269
143|PAS,2p6,2060,0.40607471080795227
143|PAS,2p6,2065,0.4593246358174726
143|PAS,2p6,2070,0.502676031716721
143|PAS,2p6,2075,0.5639284120225595
143|PAS,2p6,2080,0.6241173499563268
143|PAS,2p6,2085,0.7226667420427545
143|PAS,2p6,2090,0.7215192608854127
143|PAS,2p6,2095,0.6897005030497646
143|PAS,2p6,2100,0.6446865823626748
143|PAS,7p0,2025,0.06434674845859177
143|PAS,7p0,2030,0.08680996624085324
143|PAS,7p0,2035,0.10999617251759987
143|PAS,7p0,2040,0.13814742938140495
143|PAS,7p0,2045,0.1677384937224572
143|PAS,7p0,2050,0.19050729553673015
143|PAS,7p0,2055,0.20357662000995502
143|PAS,7p0,2060,0.2130922868934314
143|PAS,7p0,2065,0.23084427800571536
143|PAS,7p0,2070,0.24375766925538744
143|PAS,7p0,2075,0.2539735022996603
143|PAS,7p0,2080,0.26352879438437987
143|PAS,7p0,2085,0.2723745547917043
143|PAS,7p0,2090,0.28341613771655666
143|PAS,7p0,2095,0.290620901312496
143|PAS,7p0,2100,0.30181979215632326
143|PAS,no_climate,2025,0.06363207164669427
143|PAS,no_climate,2030,0.08809133385127424
143|PAS,no_climate,2035,0.11380024456941706
143|PAS,no_climate,2040,0.14705333743651794
143|PAS,no_climate,2045,0.18601442860382927
143|PAS,no_climate,2050,0.22457928790462195
143|PAS,no_climate,2055,0.260000062055841
143|PAS,no_climate,2060,0.3095834988506918
143|PAS,no_climate,2065,0.345084456911594
143|PAS,no_climate,2070,0.37321685048605424
143|PAS,no_climate,2075,0.4089509571611099
143|PAS,no_climate,2080,0.4438230721703533
143|PAS,no_climate,2085,0.4975206484172294
143|PAS,no_climate,2090,0.5024676993009847
143|PAS,no_climate,2095,0.4901607021811303
143|PAS,no_climate,2100,0.47325318725949905
144|PAS,2p6,2025,0.054245648175254534
144|PAS,2p6,2030,0.07705468627067065
144|PAS,2p6,2035,0.10139520875073627
144|PAS,2p6,2040,0.13446377401402293
144|PAS,2p6,2045,0.17613353528560632
144|PAS,2p6,2050,0.22300202331298985
144|PAS,2p6,2055,0.2728116464922437
144|PAS,2p6,2060,0.3501064523284083
144|PAS,2p6,2065,0.3960170737870639
144|PAS,2p6,2070,0.43339345556560865
144|PAS,2p6,2075,0.48620357398662417
144|PAS,2p6,2080,0.5380968216293517
144|PAS,2p6,2085,0.623063398281839
144|PAS,2p6,2090,0.6220740715731866
144|PAS,2p6,2095,0.5946408132913035
144|PAS,2p6,2100,0.5558310483448657
144|PAS,7p0,2025,0.05547799757557536
144|PAS,7p0,2030,0.07484516641497496
144|PAS,7p0,2035,0.094835676058767
144|PAS,7p0,2040,0.11910691582536696
144|PAS,7p0,2045,0.1446195180173491
144|PAS,7p0,2050,0.1642501530083908
144|PAS,7p0,2055,0.17551816528264838
144|PAS,7p0,2060,0.18372231167601594
144|PAS,7p0,2065,0.19902759039608506
144|PAS,7p0,2070,0.21016116133172894
144|PAS,7p0,2075,0.2189689717407874
144|PAS,7p0,2080,0.22720728189333722
144|PAS,7p0,2085,0.23483385333925058
144|PAS,7p0,2090,0.24435360259479638
144|PAS,7p0,2095,0.2505653517022954
144|PAS,7p0,2100,0.26022072752105635
144|PAS,no_climate,2025,0.054861822875414946
144|PAS,no_climate,2030,0.0759499263428228
144|PAS,no_climate,2035,0.09811544240475163
144|PAS,no_climate,2040,0.12678534491969495
144|PAS,no_climate,2045,0.16037652665147772
144|PAS,no_climate,2050,0.19362608816069032
144|PAS,no_climate,2055,0.22416490588744603
144|PAS,no_climate,2060,0.2669143820022121
144|PAS,no_climate,2065,0.29752233209157447
144|PAS,no_climate,2070,0.3217773084486688
144|PAS,no_climate,2075,0.3525862728637058
144|PAS,no_climate,2080,0.3826520517613444
144|PAS,no_climate,2085,0.42894862581054477
144|PAS,no_climate,2090,0.4332138370839915
144|PAS,no_climate,2095,0.42260308249679945
144|PAS,no_climate,2100,0.408025887932961
145|WEU,2p6,2025,0.0002454283939129675
145|WEU,2p6,2030,0.00028591098310249845
145|WEU,2p6,2035,0.00033180030635386116
145|WEU,2p6,2040,0.00038371894675696337
145|WEU,2p6,2045,0.00042458369726561555
145|WEU,2p6,2050,0.0004765487610966577
145|WEU,2p6,2055,0.0005257900559465536
145|WEU,2p6,2060,0.000534814902656809
145|WEU,2p6,2065,0.0005006773333186516
145|WEU,2p6,2070,0.000468492228260326
145|WEU,2p6,2075,0.0004537869438839094
145|WEU,2p6,2080,0.0004288578812078751
145|WEU,2p6,2085,0.0004149124581177813
145|WEU,2p6,2090,0.000400303184061382
145|WEU,2p6,2095,0.0003849218238348818
145|WEU,2p6,2100,0.0003727204210749475
145|WEU,7p0,2025,0.0002444532494769843
145|WEU,7p0,2030,0.0002850874737854559
145|WEU,7p0,2035,0.00031375159591252833
145|WEU,7p0,2040,0.00035347351103885526
145|WEU,7p0,2045,0.000377028441427033
145|WEU,7p0,2050,0.0003860241057062292
145|WEU,7p0,2055,0.0003897750845553348
145|WEU,7p0,2060,0.00039630809142595063
145|WEU,7p0,2065,0.0004014817163206304
145|WEU,7p0,2070,0.000410862048438123
145|WEU,7p0,2075,0.00042091491151283335
145|WEU,7p0,2080,0.00042700732994443644
145|WEU,7p0,2085,0.00042430720317733023
145|WEU,7p0,2090,0.0004357568817998701
145|WEU,7p0,2095,0.00043864043436374984
145|WEU,7p0,2100,0.00043990582691846793
145|WEU,no_climate,2025,0.0002449408216949759
145|WEU,no_climate,2030,0.0002854992284439772
145|WEU,no_climate,2035,0.00032277595113319475
145|WEU,no_climate,2040,0.0003685962288979093
145|WEU,no_climate,2045,0.0004008060693463243
145|WEU,no_climate,2050,0.00043128643340144344
145|WEU,no_climate,2055,0.00045778257025094423
145|WEU,no_climate,2060,0.0004655614970413798
145|WEU,no_climate,2065,0.000451079524819641
145|WEU,no_climate,2070,0.0004396771383492245
145|WEU,no_climate,2075,0.0004373509276983714
145|WEU,no_climate,2080,0.00042793260557615574
145|WEU,no_climate,2085,0.00041960983064755577
145|WEU,no_climate,2090,0.000418030032930626
145|WEU,no_climate,2095,0.0004117811290993158
145|WEU,no_climate,2100,0.0004063131239967077
146|FSU,2p6,2025,0.04258676078895722
146|FSU,2p6,2030,0.06325053421987824
146|FSU,2p6,2035,0.09954491161614112
146|FSU,2p6,2040,0.12982278096269464
146|FSU,2p6,2045,0.19109593696400556
146|FSU,2p6,2050,0.24547195453797124
146|FSU,2p6,2055,0.3006298991599363
146|FSU,2p6,2060,0.3806179445638761
146|FSU,2p6,2065,0.45874089640630056
146|FSU,2p6,2070,0.5395885729408543
146|FSU,2p6,2075,0.5624652496627562
146|FSU,2p6,2080,0.559260665527856
146|FSU,2p6,2085,0.5414612658960178
146|FSU,2p6,2090,0.5218261892016788
146|FSU,2p6,2095,0.5171518290432126
146|FSU,2p6,2100,0.508876906651345
146|FSU,7p0,2025,0.04153472605976294
146|FSU,7p0,2030,0.059398748962511336
146|FSU,7p0,2035,0.08517259991250598
146|FSU,7p0,2040,0.1022484864060484
146|FSU,7p0,2045,0.11489010888802552
146|FSU,7p0,2050,0.1307144179342758
146|FSU,7p0,2055,0.14228335297775074
146|FSU,7p0,2060,0.1527423278036939
146|FSU,7p0,2065,0.15982087832741895
146|FSU,7p0,2070,0.17099801605536835
146|FSU,7p0,2075,0.1829839312903996
146|FSU,7p0,2080,0.19014999549967845
146|FSU,7p0,2085,0.20067802749610522
146|FSU,7p0,2090,0.21373760317675497
146|FSU,7p0,2095,0.22902915675957067
146|FSU,7p0,2100,0.24556457696474912
146|FSU,no_climate,2025,0.04206074342436008
146|FSU,no_climate,2030,0.06132464159119479
146|FSU,no_climate,2035,0.09235875576432355
146|FSU,no_climate,2040,0.11603563368437153
146|FSU,no_climate,2045,0.15299302292601555
146|FSU,no_climate,2050,0.18809318623612353
146|FSU,no_climate,2055,0.22145662606884353
146|FSU,no_climate,2060,0.266680136183785
146|FSU,no_climate,2065,0.30928088736685977
146|FSU,no_climate,2070,0.3552932944981113
146|FSU,no_climate,2075,0.3727245904765779
146|FSU,no_climate,2080,0.37470533051376725
146|FSU,no_climate,2085,0.3710696466960615
146|FSU,no_climate,2090,0.36778189618921686
146|FSU,no_climate,2095,0.3730904929013916
146|FSU,no_climate,2100,0.37722074180804704
148|CHN,2p6,2025,0.5691080729163298
148|CHN,2p6,2030,0.7108832040109857
148|CHN,2p6,2035,0.8407387569934911
148|CHN,2p6,2040,1.001180248767492
148|CHN,2p6,2045,1.2787674291122266
148|CHN,2p6,2050,1.5480218447975356
148|CHN,2p6,2055,1.64452628853549
148|CHN,2p6,2060,1.9814489356681233
148|CHN,2p6,2065,2.7449797046783755
148|CHN,2p6,2070,2.7305133277810762
148|CHN,2p6,2075,2.408472278270122
148|CHN,2p6,2080,2.101314993594464
148|CHN,2p6,2085,1.8845949291125796
148|CHN,2p6,2090,1.6788166089428351
148|CHN,2p6,2095,1.493974977426744
148|CHN,2p6,2100,1.3623127696832185
148|CHN,7p0,2025,0.5704523422469584
148|CHN,7p0,2030,0.6967510298114237
148|CHN,7p0,2035,0.7960443760933266
148|CHN,7p0,2040,0.8144085424848123
148|CHN,7p0,2045,0.8285165698987843
148|CHN,7p0,2050,0.7985649315714384
148|CHN,7p0,2055,0.7672231890471495
148|CHN,7p0,2060,0.7547734772997986
148|CHN,7p0,2065,0.7395855201580046
148|CHN,7p0,2070,0.7283586770265573
148|CHN,7p0,2075,0.7202518741704295
148|CHN,7p0,2080,0.7045811149901247
148|CHN,7p0,2085,0.6775881342555248
148|CHN,7p0,2090,0.6643651798501539
148|CHN,7p0,2095,0.663587760055943
148|CHN,7p0,2100,0.6633985793054354
148|CHN,no_climate,2025,0.569780207581644
148|CHN,no_climate,2030,0.7038171169112046
148|CHN,no_climate,2035,0.8183915665434088
148|CHN,no_climate,2040,0.907794395626152
148|CHN,no_climate,2045,1.0536419995055055
148|CHN,no_climate,2050,1.173293388184487
148|CHN,no_climate,2055,1.2058747387913198
148|CHN,no_climate,2060,1.368111206483961
148|CHN,no_climate,2065,1.74228261241819
148|CHN,no_climate,2070,1.729436002403817
148|CHN,no_climate,2075,1.5643620762202757
148|CHN,no_climate,2080,1.4029480542922943
148|CHN,no_climate,2085,1.2810915316840523
148|CHN,no_climate,2090,1.1715908943964946
148|CHN,no_climate,2095,1.0787813687413434
148|CHN,no_climate,2100,1.012855674494327
148|FSU,2p6,2025,0.018608775845404286
148|FSU,2p6,2030,0.027638049750545676
148|FSU,2p6,2035,0.04349729616664535
148|FSU,2p6,2040,0.056727560063413736
148|FSU,2p6,2045,0.08350157161642537
148|FSU,2p6,2050,0.10726179905927118
148|FSU,2p6,2055,0.13136369853572824
148|FSU,2p6,2060,0.16631539666112077
148|FSU,2p6,2065,0.20045212066371162
148|FSU,2p6,2070,0.23577944451698232
148|FSU,2p6,2075,0.24577567201395684
148|FSU,2p6,2080,0.24437539205043451
148|FSU,2p6,2085,0.2365977392824049
148|FSU,2p6,2090,0.22801796626977833
148|FSU,2p6,2095,0.22597545073682562
148|FSU,2p6,2100,0.22235962804743462
148|FSU,7p0,2025,0.018149077148098495
148|FSU,7p0,2030,0.025954967798993266
148|FSU,7p0,2035,0.037217148958488176
148|FSU,7p0,2040,0.044678654323843256
148|FSU,7p0,2045,0.050202556934213535
148|FSU,7p0,2050,0.0571171711122994
148|FSU,7p0,2055,0.0621723505860548
148|FSU,7p0,2060,0.0667425201529116
148|FSU,7p0,2065,0.06983557436896562
148|FSU,7p0,2070,0.07471955349110056
148|FSU,7p0,2075,0.07995693726433527
148|FSU,7p0,2080,0.0830882315936946
148|FSU,7p0,2085,0.08768857648692607
148|FSU,7p0,2090,0.09339510856344692
148|FSU,7p0,2095,0.10007692910295111
148|FSU,7p0,2100,0.10730227149592134
148|FSU,no_climate,2025,0.01837892649675139
148|FSU,no_climate,2030,0.02679650877476947
148|FSU,no_climate,2035,0.04035722256256676
148|FSU,no_climate,2040,0.0507031071936285
148|FSU,no_climate,2045,0.06685206427531945
148|FSU,no_climate,2050,0.08218948508578529
148|FSU,no_climate,2055,0.09676802456089152
148|FSU,no_climate,2060,0.11652895840701619
148|FSU,no_climate,2065,0.13514384751633862
148|FSU,no_climate,2070,0.15524949900404145
148|FSU,no_climate,2075,0.16286630463914606
148|FSU,no_climate,2080,0.16373181182206456
148|FSU,no_climate,2085,0.1621431578846655
148|FSU,no_climate,2090,0.16070653741661262
148|FSU,no_climate,2095,0.16302618991988838
148|FSU,no_climate,2100,0.16483094977167798
148|SAS,2p6,2025,0.015130929267941273
148|SAS,2p6,2030,0.02167323468890293
148|SAS,2p6,2035,0.029957969999989682
148|SAS,2p6,2040,0.04005768292543605
148|SAS,2p6,2045,0.04994657873879115
148|SAS,2p6,2050,0.059699137447867826
148|SAS,2p6,2055,0.07103013026337841
148|SAS,2p6,2060,0.08647052653714746
148|SAS,2p6,2065,0.11866575899368224
148|SAS,2p6,2070,0.19077599049928748
148|SAS,2p6,2075,0.22724223093640597
148|SAS,2p6,2080,0.27653479358421973
148|SAS,2p6,2085,0.3526004935172075
148|SAS,2p6,2090,0.35584963549062626
148|SAS,2p6,2095,0.331593513982241
148|SAS,2p6,2100,0.289400336963421
148|SAS,7p0,2025,0.013721534099684182
148|SAS,7p0,2030,0.016204995295218686
148|SAS,7p0,2035,0.01787400411866467
148|SAS,7p0,2040,0.020630600550663923
148|SAS,7p0,2045,0.024137320994279964
148|SAS,7p0,2050,0.029018080195518863
148|SAS,7p0,2055,0.035161710540331396
148|SAS,7p0,2060,0.04121241882867279
148|SAS,7p0,2065,0.04590679542900371
148|SAS,7p0,2070,0.05108830045611718
148|SAS,7p0,2075,0.055851743531169465
148|SAS,7p0,2080,0.06343418363949016
148|SAS,7p0,2085,0.07002018886187789
148|SAS,7p0,2090,0.07619286270796023
148|SAS,7p0,2095,0.08010736963515178
148|SAS,7p0,2100,0.08446704162711713
148|SAS,no_climate,2025,0.014426231683812726
148|SAS,no_climate,2030,0.01893911499206081
148|SAS,no_climate,2035,0.023915987059327175
148|SAS,no_climate,2040,0.030344141738049987
148|SAS,no_climate,2045,0.037041949866535556
148|SAS,no_climate,2050,0.044358608821693346
148|SAS,no_climate,2055,0.0530959204018549
148|SAS,no_climate,2060,0.06384147268291013
148|SAS,no_climate,2065,0.08228627721134298
148|SAS,no_climate,2070,0.12093214547770233
148|SAS,no_climate,2075,0.14154698723378772
148|SAS,no_climate,2080,0.16998448861185494
148|SAS,no_climate,2085,0.2113103411895427
148|SAS,no_climate,2090,0.21602124909929324
148|SAS,no_climate,2095,0.20585044180869638
148|SAS,no_climate,2100,0.18693368929526905
149|PAO,2p6,2025,0.2269047841037012
149|PAO,2p6,2030,0.2647681636193347
149|PAO,2p6,2035,0.3305158608806598
149|PAO,2p6,2040,0.3787297938909284
149|PAO,2p6,2045,0.40023479618278535
149|PAO,2p6,2050,0.412253001872509
149|PAO,2p6,2055,0.42589836203729237
149|PAO,2p6,2060,0.4167006188053634
149|PAO,2p6,2065,0.435700515728617
149|PAO,2p6,2070,0.4535321334749487
149|PAO,2p6,2075,0.44433468940964627
149|PAO,2p6,2080,0.42676392119074724
149|PAO,2p6,2085,0.39886432175581893
149|PAO,2p6,2090,0.38083249229657734
149|PAO,2p6,2095,0.3656534660313068
149|PAO,2p6,2100,0.353177529331914
149|PAO,7p0,2025,0.24197458046870146
149|PAO,7p0,2030,0.32297167867933885
149|PAO,7p0,2035,0.36837837569100423
149|PAO,7p0,2040,0.399127198600386
149|PAO,7p0,2045,0.42883104580633663
149|PAO,7p0,2050,0.4449220664797329
149|PAO,7p0,2055,0.4400504270833776
149|PAO,7p0,2060,0.39526648337120723
149|PAO,7p0,2065,0.41041020885164925
149|PAO,7p0,2070,0.43913194418833273
149|PAO,7p0,2075,0.46766388129418784
149|PAO,7p0,2080,0.4776433881968148
149|PAO,7p0,2085,0.4833874431153557
149|PAO,7p0,2090,0.49016105179474756
149|PAO,7p0,2095,0.49599910781597256
149|PAO,7p0,2100,0.5009792959249644
149|PAO,no_climate,2025,0.23443968228620132
149|PAO,no_climate,2030,0.29386992114933674
149|PAO,no_climate,2035,0.349447118285832
149|PAO,no_climate,2040,0.3889284962456572
149|PAO,no_climate,2045,0.41453292099456096
149|PAO,no_climate,2050,0.42858753417612094
149|PAO,no_climate,2055,0.432974394560335
149|PAO,no_climate,2060,0.4059835510882853
149|PAO,no_climate,2065,0.42305536229013313
149|PAO,no_climate,2070,0.44633203883164074
149|PAO,no_climate,2075,0.455999285351917
149|PAO,no_climate,2080,0.452203654693781
149|PAO,no_climate,2085,0.4411258824355873
149|PAO,no_climate,2090,0.43549677204566245
149|PAO,no_climate,2095,0.43082628692363967
149|PAO,no_climate,2100,0.42707841262843915
14|MEA,2p6,2025,2.454291702649342
14|MEA,2p6,2030,2.839191965083885
14|MEA,2p6,2035,3.2712789526851345
14|MEA,2p6,2040,3.4930497525794357
14|MEA,2p6,2045,4.0648843100938254
14|MEA,2p6,2050,5.099245249064192
14|MEA,2p6,2055,6.453924179406978
14|MEA,2p6,2060,7.7125587451485895
14|MEA,2p6,2065,8.414939679794967
14|MEA,2p6,2070,9.043457490382163
14|MEA,2p6,2075,9.248207871564976
14|MEA,2p6,2080,8.894676750534876
14|MEA,2p6,2085,8.99353212069503
14|MEA,2p6,2090,8.961783580663615
14|MEA,2p6,2095,8.832907390158354
14|MEA,2p6,2100,8.612272898901404
14|MEA,7p0,2025,2.149869124578448
14|MEA,7p0,2030,2.561836003984616
14|MEA,7p0,2035,2.9001773700215456
14|MEA,7p0,2040,3.2524424727572705
14|MEA,7p0,2045,3.4638838358773847
14|MEA,7p0,2050,3.4224926181710504
14|MEA,7p0,2055,3.649782438155876
14|MEA,7p0,2060,3.750785912280885
14|MEA,7p0,2065,4.144625726471742
14|MEA,7p0,2070,4.5202635573136325
14|MEA,7p0,2075,4.889719026314911
14|MEA,7p0,2080,5.444945383249228
14|MEA,7p0,2085,5.622253526309324
14|MEA,7p0,2090,5.88586313179233
14|MEA,7p0,2095,6.11704050821209
14|MEA,7p0,2100,6.389668248764056
14|MEA,no_climate,2025,2.302080413613895
14|MEA,no_climate,2030,2.7005139845342505
14|MEA,no_climate,2035,3.08572816135334
14|MEA,no_climate,2040,3.372746112668353
14|MEA,no_climate,2045,3.764384072985605
14|MEA,no_climate,2050,4.260868933617621
14|MEA,no_climate,2055,5.051853308781427
14|MEA,no_climate,2060,5.731672328714737
14|MEA,no_climate,2065,6.279782703133355
14|MEA,no_climate,2070,6.781860523847898
14|MEA,no_climate,2075,7.068963448939943
14|MEA,no_climate,2080,7.169811066892052
14|MEA,no_climate,2085,7.3078928235021765
14|MEA,no_climate,2090,7.423823356227972
14|MEA,no_climate,2095,7.474973949185222
14|MEA,no_climate,2100,7.5009705738327295
150|WEU,2p6,2025,0.1336766534923052
150|WEU,2p6,2030,0.15572616847010065
150|WEU,2p6,2035,0.18072055100859424
150|WEU,2p6,2040,0.20899890133434434
150|WEU,2p6,2045,0.23125656682569634
150|WEU,2p6,2050,0.2595602024429798
150|WEU,2p6,2055,0.28638029201866344
150|WEU,2p6,2060,0.29129582476234345
150|WEU,2p6,2065,0.27270223029378876
150|WEU,2p6,2070,0.2551720779430346
150|WEU,2p6,2075,0.24716260042190827
150|WEU,2p6,2080,0.23358457214204298
150|WEU,2p6,2085,0.2259889656985639
150|WEU,2p6,2090,0.21803178179381996
150|WEU,2p6,2095,0.20965406832531508
150|WEU,2p6,2100,0.20300837153834028
150|WEU,7p0,2025,0.13314552486942832
150|WEU,7p0,2030,0.15527763043476228
150|WEU,7p0,2035,0.17089002091717959
150|WEU,7p0,2040,0.192525222124892
150|WEU,7p0,2045,0.20535480641762222
150|WEU,7p0,2050,0.2102544444652462
150|WEU,7p0,2055,0.21229747743251837
150|WEU,7p0,2060,0.21585578819592516
150|WEU,7p0,2065,0.21867368897471817
150|WEU,7p0,2070,0.22378284275322297
150|WEU,7p0,2075,0.22925830169429479
150|WEU,7p0,2080,0.23257663864230224
150|WEU,7p0,2085,0.23110596972548675
150|WEU,7p0,2090,0.23734222746820854
150|WEU,7p0,2095,0.23891280229356998
150|WEU,7p0,2100,0.23960201937791753
150|WEU,no_climate,2025,0.13341108918086675
150|WEU,no_climate,2030,0.15550189945243148
150|WEU,no_climate,2035,0.17580528596288691
150|WEU,no_climate,2040,0.2007620617296182
150|WEU,no_climate,2045,0.21830568662165928
150|WEU,no_climate,2050,0.23490732345411297
150|WEU,no_climate,2055,0.2493388847255909
150|WEU,no_climate,2060,0.2535758064791343
150|WEU,no_climate,2065,0.24568795963425347
150|WEU,no_climate,2070,0.23947746034812878
150|WEU,no_climate,2075,0.2382104510581015
150|WEU,no_climate,2080,0.23308060539217262
150|WEU,no_climate,2085,0.22854746771202533
150|WEU,no_climate,2090,0.22768700463101427
150|WEU,no_climate,2095,0.22428343530944253
150|WEU,no_climate,2100,0.2213051954581289
151|MEA,2p6,2025,0.31180742696576363
151|MEA,2p6,2030,0.3607073846760102
151|MEA,2p6,2035,0.41560221713781514
151|MEA,2p6,2040,0.4437772634929554
151|MEA,2p6,2045,0.5164264363016298
151|MEA,2p6,2050,0.6478376383955325
151|MEA,2p6,2055,0.8199438925864866
151|MEA,2p6,2060,0.9798481146520309
151|MEA,2p6,2065,1.069082655006579
151|MEA,2p6,2070,1.1489331964519163
151|MEA,2p6,2075,1.1749458702746554
151|MEA,2p6,2080,1.1300312298992985
151|MEA,2p6,2085,1.1425903884451682
151|MEA,2p6,2090,1.138556870112189
151|MEA,2p6,2095,1.122183692744879
151|MEA,2p6,2100,1.0941530096176584
151|MEA,7p0,2025,0.2731318202006408
151|MEA,7p0,2030,0.3254704776324731
151|MEA,7p0,2035,0.3684553235927862
151|MEA,7p0,2040,0.413209121674444
151|MEA,7p0,2045,0.4400718565797725
151|MEA,7p0,2050,0.4348132766489272
151|MEA,7p0,2055,0.4636894912685982
151|MEA,7p0,2060,0.476521557378558
151|MEA,7p0,2065,0.5265572474992408
151|MEA,7p0,2070,0.574280452275338
151|MEA,7p0,2075,0.6212182140105725
151|MEA,7p0,2080,0.6917573848647874
151|MEA,7p0,2085,0.7142836378802568
151|MEA,7p0,2090,0.7477741283221175
151|MEA,7p0,2095,0.7771442406181946
151|MEA,7p0,2100,0.8117804471494865
151|MEA,no_climate,2025,0.2924696235832022
151|MEA,no_climate,2030,0.34308893115424166
151|MEA,no_climate,2035,0.3920287703653007
151|MEA,no_climate,2040,0.42849319258369967
151|MEA,no_climate,2045,0.47824914644070116
151|MEA,no_climate,2050,0.5413254575222299
151|MEA,no_climate,2055,0.6418166919275424
151|MEA,no_climate,2060,0.7281848360152945
151|MEA,no_climate,2065,0.7978199512529099
151|MEA,no_climate,2070,0.8616068243636271
151|MEA,no_climate,2075,0.8980820421426139
151|MEA,no_climate,2080,0.910894307382043
151|MEA,no_climate,2085,0.9284370131627125
151|MEA,no_climate,2090,0.9431654992171533
151|MEA,no_climate,2095,0.9496639666815367
151|MEA,no_climate,2100,0.9529667283835724
151|WEU,2p6,2025,0.07957043433006383
151|WEU,2p6,2030,0.09269531019817064
151|WEU,2p6,2035,0.1075731054035554
151|WEU,2p6,2040,0.12440566785012473
151|WEU,2p6,2045,0.13765444438702462
151|WEU,2p6,2050,0.15450205779108658
151|WEU,2p6,2055,0.17046659700234992
151|WEU,2p6,2060,0.1733925460380264
151|WEU,2p6,2065,0.1623247915052191
151|WEU,2p6,2070,0.15189004617026058
151|WEU,2p6,2075,0.1471224402460923
151|WEU,2p6,2080,0.13904017921285242
151|WEU,2p6,2085,0.13451892820964223
151|WEU,2p6,2090,0.12978244982838838
151|WEU,2p6,2095,0.12479565309188771
151|WEU,2p6,2100,0.1208398315931401
151|WEU,7p0,2025,0.07925428237605134
151|WEU,7p0,2030,0.09242831992460367
151|WEU,7p0,2035,0.10172152602426121
151|WEU,7p0,2040,0.11459978346070351
151|WEU,7p0,2045,0.12223653653445898
151|WEU,7p0,2050,0.12515302432289682
151|WEU,7p0,2055,0.12636913062350708
151|WEU,7p0,2060,0.12848719930288136
151|WEU,7p0,2065,0.1301645422270928
151|WEU,7p0,2070,0.13320574332387308
151|WEU,7p0,2075,0.13646498594190132
151|WEU,7p0,2080,0.13844021127338862
151|WEU,7p0,2085,0.1375648021319302
151|WEU,7p0,2090,0.14127690685791486
151|WEU,7p0,2095,0.14221178454775069
151|WEU,7p0,2100,0.14262203795637893
151|WEU,no_climate,2025,0.07941235835305759
151|WEU,no_climate,2030,0.09256181506138715
151|WEU,no_climate,2035,0.10464731571390831
151|WEU,no_climate,2040,0.11950272565541412
151|WEU,no_climate,2045,0.1299454904607418
151|WEU,no_climate,2050,0.1398275410569917
151|WEU,no_climate,2055,0.14841786381292849
151|WEU,no_climate,2060,0.1509398726704539
151|WEU,no_climate,2065,0.14624466686615595
151|WEU,no_climate,2070,0.14254789474706683
151|WEU,no_climate,2075,0.1417937130939968
151|WEU,no_climate,2080,0.13874019524312053
151|WEU,no_climate,2085,0.1360418651707862
151|WEU,no_climate,2090,0.1355296783431516
151|WEU,no_climate,2095,0.1335037188198192
151|WEU,no_climate,2100,0.1317309347747595
152|LAM,2p6,2025,0.022080301191295303
152|LAM,2p6,2030,0.02859082891930889
152|LAM,2p6,2035,0.036795056568032204
152|LAM,2p6,2040,0.04618026174503202
152|LAM,2p6,2045,0.0598189343527253
152|LAM,2p6,2050,0.08276846394199963
152|LAM,2p6,2055,0.09638100769208162
152|LAM,2p6,2060,0.10359994858173176
152|LAM,2p6,2065,0.11704105561823228
152|LAM,2p6,2070,0.1318087711003243
152|LAM,2p6,2075,0.14962922799068143
152|LAM,2p6,2080,0.15056836464597034
152|LAM,2p6,2085,0.1408459137949047
152|LAM,2p6,2090,0.1279356433307653
152|LAM,2p6,2095,0.11716074125233226
152|LAM,2p6,2100,0.11070864364682453
152|LAM,7p0,2025,0.022000437043505905
152|LAM,7p0,2030,0.02890158137485429
152|LAM,7p0,2035,0.03676716802591211
152|LAM,7p0,2040,0.04338200597433172
152|LAM,7p0,2045,0.05061838497655266
152|LAM,7p0,2050,0.05972923006413238
152|LAM,7p0,2055,0.07973967980982244
152|LAM,7p0,2060,0.09592081060876871
152|LAM,7p0,2065,0.10365811594014632
152|LAM,7p0,2070,0.10833917171579792
152|LAM,7p0,2075,0.11160699428978789
152|LAM,7p0,2080,0.11458701145954278
152|LAM,7p0,2085,0.11880339597128899
152|LAM,7p0,2090,0.1211846746686807
152|LAM,7p0,2095,0.1261292688225091
152|LAM,7p0,2100,0.1292815671187882
152|LAM,no_climate,2025,0.022040369117400604
152|LAM,no_climate,2030,0.02874620514708159
152|LAM,no_climate,2035,0.03678111229697216
152|LAM,no_climate,2040,0.04478113385968187
152|LAM,no_climate,2045,0.05521865966463898
152|LAM,no_climate,2050,0.07124884700306601
152|LAM,no_climate,2055,0.08806034375095204
152|LAM,no_climate,2060,0.09976037959525023
152|LAM,no_climate,2065,0.1103495857791893
152|LAM,no_climate,2070,0.12007397140806111
152|LAM,no_climate,2075,0.13061811114023467
152|LAM,no_climate,2080,0.13257768805275655
152|LAM,no_climate,2085,0.12982465488309683
152|LAM,no_climate,2090,0.124560158999723
152|LAM,no_climate,2095,0.12164500503742068
152|LAM,no_climate,2100,0.11999510538280636
153|NAM,2p6,2025,0.3940757815360357
153|NAM,2p6,2030,0.6127430654042585
153|NAM,2p6,2035,0.6702766922142989
153|NAM,2p6,2040,0.6548128728260599
153|NAM,2p6,2045,0.6303799990859275
153|NAM,2p6,2050,0.633158729304549
153|NAM,2p6,2055,0.6126912594006377
153|NAM,2p6,2060,0.6047031779422629
153|NAM,2p6,2065,0.5842136943286039
153|NAM,2p6,2070,0.5810640417615095
153|NAM,2p6,2075,0.5739722354357341
153|NAM,2p6,2080,0.5670008296737357
153|NAM,2p6,2085,0.556545141327978
153|NAM,2p6,2090,0.5446152866112411
153|NAM,2p6,2095,0.5325273957167577
153|NAM,2p6,2100,0.513911360251391
153|NAM,7p0,2025,0.3907891904417543
153|NAM,7p0,2030,0.6034825866248681
153|NAM,7p0,2035,0.6710411154739016
153|NAM,7p0,2040,0.7089437213448426
153|NAM,7p0,2045,0.7323255799437182
153|NAM,7p0,2050,0.7702724230552341
153|NAM,7p0,2055,0.8039226621618669
153|NAM,7p0,2060,0.8277121201851959
153|NAM,7p0,2065,0.8509197963532499
153|NAM,7p0,2070,0.8758973253853475
153|NAM,7p0,2075,0.8997406171028512
153|NAM,7p0,2080,0.9194269599394442
153|NAM,7p0,2085,0.9397441878774493
153|NAM,7p0,2090,0.9910421987513509
153|NAM,7p0,2095,1.0164563324693945
153|NAM,7p0,2100,1.0221811128394493
153|NAM,no_climate,2025,0.392432485988895
153|NAM,no_climate,2030,0.6081128260145633
153|NAM,no_climate,2035,0.6706589038441002
153|NAM,no_climate,2040,0.6818782970854513
153|NAM,no_climate,2045,0.6813527895148228
153|NAM,no_climate,2050,0.7017155761798916
153|NAM,no_climate,2055,0.7083069607812523
153|NAM,no_climate,2060,0.7162076490637295
153|NAM,no_climate,2065,0.7175667453409269
153|NAM,no_climate,2070,0.7284806835734285
153|NAM,no_climate,2075,0.7368564262692927
153|NAM,no_climate,2080,0.74321389480659
153|NAM,no_climate,2085,0.7481446646027137
153|NAM,no_climate,2090,0.767828742681296
153|NAM,no_climate,2095,0.774491864093076
153|NAM,no_climate,2100,0.7680462365454201
154|FSU,2p6,2025,0.04740410919444155
154|FSU,2p6,2030,0.07040533666376761
154|FSU,2p6,2035,0.1108052778042275
154|FSU,2p6,2040,0.144508132825106
154|FSU,2p6,2045,0.2127124133095555
154|FSU,2p6,2050,0.2732393617527329
154|FSU,2p6,2055,0.3346366876202262
154|FSU,2p6,2060,0.4236728568036198
154|FSU,2p6,2065,0.510632955931203
154|FSU,2p6,2070,0.6006259963869741
154|FSU,2p6,2075,0.6260904473393503
154|FSU,2p6,2080,0.6225233656116183
154|FSU,2p6,2085,0.6027105254680695
154|FSU,2p6,2090,0.5808543593165213
154|FSU,2p6,2095,0.5756512427783991
154|FSU,2p6,2100,0.5664402739849863
154|FSU,7p0,2025,0.04623306992648197
154|FSU,7p0,2030,0.06611784342523262
154|FSU,7p0,2035,0.09480719246611148
154|FSU,7p0,2040,0.11381467678601942
154|FSU,7p0,2045,0.127886300018889
154|FSU,7p0,2050,0.14550063038959776
154|FSU,7p0,2055,0.15837822544271796
154|FSU,7p0,2060,0.17002030329803786
154|FSU,7p0,2065,0.17789956849099056
154|FSU,7p0,2070,0.19034104672322122
154|FSU,7p0,2075,0.2036827901211852
154|FSU,7p0,2080,0.2116594684122263
154|FSU,7p0,2085,0.22337841507817224
154|FSU,7p0,2090,0.23791526972805963
154|FSU,7p0,2095,0.25493658016264925
154|FSU,7p0,2100,0.2733424614849382
154|FSU,no_climate,2025,0.04681858956046176
154|FSU,no_climate,2030,0.06826159004450011
154|FSU,no_climate,2035,0.10280623513516948
154|FSU,no_climate,2040,0.1291614048055627
154|FSU,no_climate,2045,0.17029935666422225
154|FSU,no_climate,2050,0.20936999607116533
154|FSU,no_climate,2055,0.24650745653147207
154|FSU,no_climate,2060,0.29684658005082887
154|FSU,no_climate,2065,0.34426626221109674
154|FSU,no_climate,2070,0.3954835215550977
154|FSU,no_climate,2075,0.4148866187302677
154|FSU,no_climate,2080,0.41709141701192226
154|FSU,no_climate,2085,0.41304447027312086
154|FSU,no_climate,2090,0.4093848145222905
154|FSU,no_climate,2095,0.4152939114705242
154|FSU,no_climate,2100,0.4198913677349623
155|LAM,2p6,2025,0.033959241363981894
155|LAM,2p6,2030,0.04397235579602919
155|LAM,2p6,2035,0.0565903606191647
155|LAM,2p6,2040,0.07102469487461749
155|LAM,2p6,2045,0.09200081159315099
155|LAM,2p6,2050,0.12729691592433887
155|LAM,2p6,2055,0.14823284676974957
155|LAM,2p6,2060,0.15933549224274665
155|LAM,2p6,2065,0.1800077554558763
155|LAM,2p6,2070,0.20272032672499835
155|LAM,2p6,2075,0.2301279780750917
155|LAM,2p6,2080,0.23157235911294147
155|LAM,2p6,2085,0.21661934501044583
155|LAM,2p6,2090,0.19676350214998542
155|LAM,2p6,2095,0.1801918305416729
155|LAM,2p6,2100,0.17026858094506933
155|LAM,7p0,2025,0.033836411251855616
155|LAM,7p0,2030,0.044450289387192185
155|LAM,7p0,2035,0.05654746837213686
155|LAM,7p0,2040,0.06672101068606898
155|LAM,7p0,2045,0.07785047576938722
155|LAM,7p0,2050,0.09186284746117111
155|LAM,7p0,2055,0.12263868184986201
155|LAM,7p0,2060,0.14752506911346538
155|LAM,7p0,2065,0.15942495295013429
155|LAM,7p0,2070,0.16662436121664304
155|LAM,7p0,2075,0.17165023357967688
155|LAM,7p0,2080,0.17623346464431525
155|LAM,7p0,2085,0.18271821401785152
155|LAM,7p0,2090,0.1863805924129213
155|LAM,7p0,2095,0.19398531957955023
155|LAM,7p0,2100,0.19883351697356097
155|LAM,no_climate,2025,0.03389782630791875
155|LAM,no_climate,2030,0.04421132259161069
155|LAM,no_climate,2035,0.05656891449565078
155|LAM,no_climate,2040,0.06887285278034323
155|LAM,no_climate,2045,0.0849256436812691
155|LAM,no_climate,2050,0.10957988169275498
155|LAM,no_climate,2055,0.1354357643098058
155|LAM,no_climate,2060,0.15343028067810602
155|LAM,no_climate,2065,0.1697163542030053
155|LAM,no_climate,2070,0.1846723439708207
155|LAM,no_climate,2075,0.20088910582738428
155|LAM,no_climate,2080,0.20390291187862836
155|LAM,no_climate,2085,0.1996687795141487
155|LAM,no_climate,2090,0.19157204728145336
155|LAM,no_climate,2095,0.18708857506061155
155|LAM,no_climate,2100,0.18455104895931515
156|RCPA,2p6,2025,0.10752038850239828
156|RCPA,2p6,2030,0.10934848297490954
156|RCPA,2p6,2035,0.1160366266690945
156|RCPA,2p6,2040,0.14746637203717844
156|RCPA,2p6,2045,0.20267286877924576
156|RCPA,2p6,2050,0.21479903919212903
156|RCPA,2p6,2055,0.21861980487197732
156|RCPA,2p6,2060,0.22516846054484535
156|RCPA,2p6,2065,0.2422787659308897
156|RCPA,2p6,2070,0.2862475125158128
156|RCPA,2p6,2075,0.2940027848630911
156|RCPA,2p6,2080,0.3101091260265613
156|RCPA,2p6,2085,0.3640959327283085
156|RCPA,2p6,2090,0.348701673710053
156|RCPA,2p6,2095,0.3097005919344206
156|RCPA,2p6,2100,0.28544674026528966
156|RCPA,7p0,2025,0.10818341734373778
156|RCPA,7p0,2030,0.10673892362902801
156|RCPA,7p0,2035,0.10429189982248024
156|RCPA,7p0,2040,0.10789196990288072
156|RCPA,7p0,2045,0.10843901803676466
156|RCPA,7p0,2050,0.11357468514511183
156|RCPA,7p0,2055,0.11612605329657844
156|RCPA,7p0,2060,0.11623118768579604
156|RCPA,7p0,2065,0.11722186437554195
156|RCPA,7p0,2070,0.11832871976927141
156|RCPA,7p0,2075,0.1187731771340709
156|RCPA,7p0,2080,0.11678207174511336
156|RCPA,7p0,2085,0.11813724688057099
156|RCPA,7p0,2090,0.1211282773506213
156|RCPA,7p0,2095,0.1283841818002251
156|RCPA,7p0,2100,0.1417055833804069
156|RCPA,no_climate,2025,0.10785190292306804
156|RCPA,no_climate,2030,0.10804370330196877
156|RCPA,no_climate,2035,0.11016426324578737
156|RCPA,no_climate,2040,0.12767917097002957
156|RCPA,no_climate,2045,0.15555594340800522
156|RCPA,no_climate,2050,0.16418686216862044
156|RCPA,no_climate,2055,0.16737292908427787
156|RCPA,no_climate,2060,0.1706998241153207
156|RCPA,no_climate,2065,0.17975031515321582
156|RCPA,no_climate,2070,0.2022881161425421
156|RCPA,no_climate,2075,0.20638798099858102
156|RCPA,no_climate,2080,0.21344559888583733
156|RCPA,no_climate,2085,0.24111658980443973
156|RCPA,no_climate,2090,0.23491497553033716
156|RCPA,no_climate,2095,0.21904238686732286
156|RCPA,no_climate,2100,0.21357616182284828
157|FSU,2p6,2025,0.03863731071227568
157|FSU,2p6,2030,0.05738474817282999
157|FSU,2p6,2035,0.09031322431397915
157|FSU,2p6,2040,0.11778315684643464
157|FSU,2p6,2045,0.17337390671530623
157|FSU,2p6,2050,0.22270715130540078
157|FSU,2p6,2055,0.27274980787584296
157|FSU,2p6,2060,0.345319848571237
157|FSU,2p6,2065,0.41619776246222706
157|FSU,2p6,2070,0.48954771302811045
157|FSU,2p6,2075,0.5103028315248805
157|FSU,2p6,2080,0.5073954370522802
157|FSU,2p6,2085,0.49124673446662537
157|FSU,2p6,2090,0.47343259352131867
157|FSU,2p6,2095,0.46919172846189927
157|FSU,2p6,2100,0.461684213411413
157|FSU,7p0,2025,0.037682840544576886
157|FSU,7p0,2030,0.05389017330898081
157|FSU,7p0,2035,0.07727378523339477
157|FSU,7p0,2040,0.09276607250567842
157|FSU,7p0,2045,0.10423532460878956
157|FSU,7p0,2050,0.11859210437086026
157|FSU,7p0,2055,0.12908814890686032
157|FSU,7p0,2060,0.13857716973388273
157|FSU,7p0,2065,0.14499926314767964
157|FSU,7p0,2070,0.15513984522690316
157|FSU,7p0,2075,0.16601419966305894
157|FSU,7p0,2080,0.1725156908379834
157|FSU,7p0,2085,0.18206736454828348
157|FSU,7p0,2090,0.19391580932304042
157|FSU,7p0,2095,0.2077892407864135
157|FSU,7p0,2100,0.22279118402862375
157|FSU,no_climate,2025,0.038160075628426285
157|FSU,no_climate,2030,0.055637460740905406
157|FSU,no_climate,2035,0.08379350477368697
157|FSU,no_climate,2040,0.10527461467605653
157|FSU,no_climate,2045,0.13880461566204788
157|FSU,no_climate,2050,0.17064962783813054
157|FSU,no_climate,2055,0.20091897839135164
157|FSU,no_climate,2060,0.24194850915255986
157|FSU,no_climate,2065,0.28059851280495335
157|FSU,no_climate,2070,0.3223437791275068
157|FSU,no_climate,2075,0.33815851559396976
157|FSU,no_climate,2080,0.3399555639451318
157|FSU,no_climate,2085,0.33665704950745445
157|FSU,no_climate,2090,0.3336742014221795
157|FSU,no_climate,2095,0.3384904846241564
157|FSU,no_climate,2100,0.3422376987200184
158|AFR,2p6,2025,0.07011180259120488
158|AFR,2p6,2030,0.09944644632906029
158|AFR,2p6,2035,0.13969552552825037
158|AFR,2p6,2040,0.20118461290605547
158|AFR,2p6,2045,0.29025231539162544
158|AFR,2p6,2050,0.39664114964266883
158|AFR,2p6,2055,0.5322064768425739
158|AFR,2p6,2060,0.698145397696881
158|AFR,2p6,2065,0.8983307997378439
158|AFR,2p6,2070,1.1401762058893836
158|AFR,2p6,2075,1.4709105816263306
158|AFR,2p6,2080,1.6865586510054134
158|AFR,2p6,2085,1.937969281360675
158|AFR,2p6,2090,2.299949383888048
158|AFR,2p6,2095,2.675799257738049
158|AFR,2p6,2100,3.0474013917127887
158|AFR,7p0,2025,0.06740195194240182
158|AFR,7p0,2030,0.09076690217005087
158|AFR,7p0,2035,0.119095054519144
158|AFR,7p0,2040,0.1494039333917528
158|AFR,7p0,2045,0.192999914234922
158|AFR,7p0,2050,0.24351672000860258
158|AFR,7p0,2055,0.2978142441440387
158|AFR,7p0,2060,0.370357591843387
158|AFR,7p0,2065,0.4565984528461745
158|AFR,7p0,2070,0.5490299328363178
158|AFR,7p0,2075,0.6546474364243078
158|AFR,7p0,2080,0.7503974939618908
158|AFR,7p0,2085,0.8305850236186639
158|AFR,7p0,2090,0.9096181406730623
158|AFR,7p0,2095,1.021174215883679
158|AFR,7p0,2100,1.1321707909899899
158|AFR,no_climate,2025,0.06875687726680335
158|AFR,no_climate,2030,0.09510667424955557
158|AFR,no_climate,2035,0.12939529002369718
158|AFR,no_climate,2040,0.17529427314890414
158|AFR,no_climate,2045,0.24162611481327373
158|AFR,no_climate,2050,0.3200789348256357
158|AFR,no_climate,2055,0.4150103604933063
158|AFR,no_climate,2060,0.534251494770134
158|AFR,no_climate,2065,0.6774646262920092
158|AFR,no_climate,2070,0.8446030693628508
158|AFR,no_climate,2075,1.062779009025319
158|AFR,no_climate,2080,1.2184780724836521
158|AFR,no_climate,2085,1.3842771524896695
158|AFR,no_climate,2090,1.604783762280555
158|AFR,no_climate,2095,1.8484867368108642
158|AFR,no_climate,2100,2.0897860913513893
159|CHN,2p6,2025,0.3031419374457518
159|CHN,2p6,2030,0.3786600858730331
159|CHN,2p6,2035,0.44782913441154076
159|CHN,2p6,2040,0.5332901337852183
159|CHN,2p6,2045,0.6811501267538608
159|CHN,2p6,2050,0.8245715771269052
159|CHN,2p6,2055,0.8759757750974883
159|CHN,2p6,2060,1.0554414844798146
159|CHN,2p6,2065,1.4621448992304282
159|CHN,2p6,2070,1.454439217780514
159|CHN,2p6,2075,1.282900361925685
159|CHN,2p6,2080,1.1192895139895238
159|CHN,2p6,2085,1.0038510878681897
159|CHN,2p6,2090,0.894240907255342
159|CHN,2p6,2095,0.7957828938040732
159|CHN,2p6,2100,0.725651509901485
159|CHN,7p0,2025,0.3038579779110494
159|CHN,7p0,2030,0.3711324213202832
159|CHN,7p0,2035,0.42402216019382266
159|CHN,7p0,2040,0.4338040438894167
159|CHN,7p0,2045,0.44131884638008173
159|CHN,7p0,2050,0.4253647629567019
159|CHN,7p0,2055,0.4086702246011799
159|CHN,7p0,2060,0.40203874295588626
159|CHN,7p0,2065,0.3939487035188893
159|CHN,7p0,2070,0.3879685968568515
159|CHN,7p0,2075,0.38365041540547246
159|CHN,7p0,2080,0.37530320592938793
159|CHN,7p0,2085,0.3609250853812271
159|CHN,7p0,2090,0.35388172717219624
159|CHN,7p0,2095,0.3534676256089938
159|CHN,7p0,2100,0.3533668563140822
159|CHN,no_climate,2025,0.3034999576784006
159|CHN,no_climate,2030,0.3748962535966581
159|CHN,no_climate,2035,0.4359256473026817
159|CHN,no_climate,2040,0.48354708883731745
159|CHN,no_climate,2045,0.5612344865669713
159|CHN,no_climate,2050,0.6249681700418035
159|CHN,no_climate,2055,0.642322999849334
159|CHN,no_climate,2060,0.7287401137178504
159|CHN,no_climate,2065,0.9280468013746588
159|CHN,no_climate,2070,0.9212039073186828
159|CHN,no_climate,2075,0.8332753886655787
159|CHN,no_climate,2080,0.7472963599594559
159|CHN,no_climate,2085,0.6823880866247084
159|CHN,no_climate,2090,0.6240613172137691
159|CHN,no_climate,2095,0.5746252597065336
159|CHN,no_climate,2100,0.5395091831077836
15|SAS,2p6,2025,0.0669416332490494
15|SAS,2p6,2030,0.09588583107972709
15|SAS,2p6,2035,0.13253881537033949
15|SAS,2p6,2040,0.17722154877048737
15|SAS,2p6,2045,0.22097159379767867
15|SAS,2p6,2050,0.2641184618308316
15|SAS,2p6,2055,0.31424857294110103
15|SAS,2p6,2060,0.38255933735453285
15|SAS,2p6,2065,0.5249961570176573
15|SAS,2p6,2070,0.8440232693299115
15|SAS,2p6,2075,1.0053557063591
15|SAS,2p6,2080,1.2234338291395064
15|SAS,2p6,2085,1.5599605617397923
15|SAS,2p6,2090,1.574335281659971
15|SAS,2p6,2095,1.4670223492349268
15|SAS,2p6,2100,1.280353035566899
15|SAS,7p0,2025,0.06070624527084063
15|SAS,7p0,2030,0.07169347187112309
15|SAS,7p0,2035,0.07907743187583137
15|SAS,7p0,2040,0.09127305212484729
15|SAS,7p0,2045,0.10678734009001921
15|SAS,7p0,2050,0.1283805936596139
15|SAS,7p0,2055,0.15556098966024426
15|SAS,7p0,2060,0.18233028373085514
15|SAS,7p0,2065,0.20309895108416098
15|SAS,7p0,2070,0.22602275193346133
15|SAS,7p0,2075,0.24709698033584288
15|SAS,7p0,2080,0.2806428991538977
15|SAS,7p0,2085,0.3097804318438109
15|SAS,7p0,2090,0.3370893209049693
15|SAS,7p0,2095,0.35440772101315865
15|SAS,7p0,2100,0.3736956020417642
15|SAS,no_climate,2025,0.06382393925994502
15|SAS,no_climate,2030,0.08378965147542508
15|SAS,no_climate,2035,0.10580812362308542
15|SAS,no_climate,2040,0.13424730044766733
15|SAS,no_climate,2045,0.16387946694384894
15|SAS,no_climate,2050,0.19624952774522275
15|SAS,no_climate,2055,0.23490478130067266
15|SAS,no_climate,2060,0.282444810542694
15|SAS,no_climate,2065,0.36404755405090916
15|SAS,no_climate,2070,0.5350230106316864
15|SAS,no_climate,2075,0.6262263433474715
15|SAS,no_climate,2080,0.752038364146702
15|SAS,no_climate,2085,0.9348704967918016
15|SAS,no_climate,2090,0.9557123012824701
15|SAS,no_climate,2095,0.9107150351240427
15|SAS,no_climate,2100,0.8270243188043316
160|FSU,2p6,2025,0.018414470589862165
160|FSU,2p6,2030,0.02734946449571324
160|FSU,2p6,2035,0.04304311512232165
160|FSU,2p6,2040,0.056135233993930514
160|FSU,2p6,2045,0.0826296822269304
160|FSU,2p6,2050,0.10614181505552671
160|FSU,2p6,2055,0.12999205231756789
160|FSU,2p6,2060,0.16457879905162195
160|FSU,2p6,2065,0.19835908129061705
160|FSU,2p6,2070,0.23331753162174126
160|FSU,2p6,2075,0.24320938258398866
160|FSU,2p6,2080,0.2418237237733247
160|FSU,2p6,2085,0.23412728208662384
160|FSU,2p6,2090,0.2256370955681096
160|FSU,2p6,2095,0.22361590715016305
160|FSU,2p6,2100,0.220037839408088
160|FSU,7p0,2025,0.017959571879057067
160|FSU,7p0,2030,0.025683956600155253
160|FSU,7p0,2035,0.03682854265257074
160|FSU,7p0,2040,0.04421213801896679
160|FSU,7p0,2045,0.04967836228890164
160|FSU,7p0,2050,0.05652077688298424
160|FSU,7p0,2055,0.06152317223232332
160|FSU,7p0,2060,0.06604562195060243
160|FSU,7p0,2065,0.0691063797547458
160|FSU,7p0,2070,0.0739393623567833
160|FSU,7p0,2075,0.07912205950254263
160|FSU,7p0,2080,0.0822206581323085
160|FSU,7p0,2085,0.0867729680984987
160|FSU,7p0,2090,0.09241991489210791
160|FSU,7p0,2095,0.09903196658393502
160|FSU,7p0,2100,0.10618186489548319
160|FSU,no_climate,2025,0.018187021234459616
160|FSU,no_climate,2030,0.026516710547934245
160|FSU,no_climate,2035,0.03993582888744619
160|FSU,no_climate,2040,0.050173686006448656
160|FSU,no_climate,2045,0.06615402225791603
160|FSU,no_climate,2050,0.08133129596925548
160|FSU,no_climate,2055,0.0957576122749456
160|FSU,no_climate,2060,0.11531221050111219
160|FSU,no_climate,2065,0.13373273052268142
160|FSU,no_climate,2070,0.15362844698926229
160|FSU,no_climate,2075,0.16116572104326565
160|FSU,no_climate,2080,0.1620221909528166
160|FSU,no_climate,2085,0.16045012509256126
160|FSU,no_climate,2090,0.15902850523010875
160|FSU,no_climate,2095,0.16132393686704904
160|FSU,no_climate,2100,0.16310985215178558
160|RCPA,2p6,2025,0.13428272065237262
160|RCPA,2p6,2030,0.13656583646694115
160|RCPA,2p6,2035,0.14491869069187854
160|RCPA,2p6,2040,0.18417144801746688
160|RCPA,2p6,2045,0.2531191023504475
160|RCPA,2p6,2050,0.2682635338096024
160|RCPA,2p6,2055,0.27303530609959736
160|RCPA,2p6,2060,0.2812139530763863
160|RCPA,2p6,2065,0.302583094226576
160|RCPA,2p6,2070,0.3574958693507702
160|RCPA,2p6,2075,0.3671814655869614
160|RCPA,2p6,2080,0.38729675108128264
160|RCPA,2p6,2085,0.45472112876647536
160|RCPA,2p6,2090,0.43549516602404575
160|RCPA,2p6,2095,0.3867865309254963
160|RCPA,2p6,2100,0.3564957811077783
160|RCPA,7p0,2025,0.1351107805015432
160|RCPA,7p0,2030,0.13330674548382979
160|RCPA,7p0,2035,0.13025064590289281
160|RCPA,7p0,2040,0.13474679041714555
160|RCPA,7p0,2045,0.13543000141339395
160|RCPA,7p0,2050,0.14184396030323168
160|RCPA,7p0,2055,0.14503037602899987
160|RCPA,7p0,2060,0.14516167886388454
160|RCPA,7p0,2065,0.14639893965729212
160|RCPA,7p0,2070,0.14778129658242012
160|RCPA,7p0,2075,0.148336381482973
160|RCPA,7p0,2080,0.14584968056551068
160|RCPA,7p0,2085,0.14754216518804938
160|RCPA,7p0,2090,0.15127767725852098
160|RCPA,7p0,2095,0.16033961057049667
160|RCPA,7p0,2100,0.176976771875487
160|RCPA,no_climate,2025,0.1346967505769579
160|RCPA,no_climate,2030,0.13493629097538545
160|RCPA,no_climate,2035,0.1375846682973857
160|RCPA,no_climate,2040,0.1594591192173062
160|RCPA,no_climate,2045,0.19427455188192072
160|RCPA,no_climate,2050,0.20505374705641705
160|RCPA,no_climate,2055,0.20903284106429862
160|RCPA,no_climate,2060,0.21318781597013542
160|RCPA,no_climate,2065,0.22449101694193405
160|RCPA,no_climate,2070,0.25263858296659514
160|RCPA,no_climate,2075,0.2577589235349672
160|RCPA,no_climate,2080,0.26657321582339666
160|RCPA,no_climate,2085,0.30113164697726236
160|RCPA,no_climate,2090,0.29338642164128337
160|RCPA,no_climate,2095,0.27356307074799646
160|RCPA,no_climate,2100,0.2667362764916327
161|AFR,2p6,2025,0.0011967558410664258
161|AFR,2p6,2030,0.0016974761897297333
161|AFR,2p6,2035,0.0023844977588373907
161|AFR,2p6,2040,0.0034340703238203824
161|AFR,2p6,2045,0.004954389146907436
161|AFR,2p6,2050,0.006770366687187591
161|AFR,2p6,2055,0.009084365060878237
161|AFR,2p6,2060,0.011916817878423724
161|AFR,2p6,2065,0.015333832422830918
161|AFR,2p6,2070,0.019461951965477575
161|AFR,2p6,2075,0.025107339494770696
161|AFR,2p6,2080,0.02878829016364552
161|AFR,2p6,2085,0.03307968090334951
161|AFR,2p6,2090,0.039258409534465896
161|AFR,2p6,2095,0.04567388475076697
161|AFR,2p6,2100,0.052016854235947554
161|AFR,7p0,2025,0.0011505007246307298
161|AFR,7p0,2030,0.0015493228862031808
161|AFR,7p0,2035,0.002032863182379357
161|AFR,7p0,2040,0.002550212993486903
161|AFR,7p0,2045,0.0032943636613179364
161|AFR,7p0,2050,0.004156647615621149
161|AFR,7p0,2055,0.005083465594377266
161|AFR,7p0,2060,0.006321726085209353
161|AFR,7p0,2065,0.007793792846143419
161|AFR,7p0,2070,0.009371528826226392
161|AFR,7p0,2075,0.011174340331084734
161|AFR,7p0,2080,0.012808721938824532
161|AFR,7p0,2085,0.014177462877592934
161|AFR,7p0,2090,0.015526498859794348
161|AFR,7p0,2095,0.017430677324484094
161|AFR,7p0,2100,0.01932530554238002
161|AFR,no_climate,2025,0.0011736282828485778
161|AFR,no_climate,2030,0.0016233995379664572
161|AFR,no_climate,2035,0.0022086804706083736
161|AFR,no_climate,2040,0.0029921416586536427
161|AFR,no_climate,2045,0.004124376404112686
161|AFR,no_climate,2050,0.005463507151404369
161|AFR,no_climate,2055,0.007083915327627751
161|AFR,no_climate,2060,0.00911927198181654
161|AFR,no_climate,2065,0.011563812634487169
161|AFR,no_climate,2070,0.014416740395851984
161|AFR,no_climate,2075,0.018140839912927715
161|AFR,no_climate,2080,0.020798506051235024
161|AFR,no_climate,2085,0.023628571890471226
161|AFR,no_climate,2090,0.02739245419713012
161|AFR,no_climate,2095,0.03155228103762553
161|AFR,no_climate,2100,0.035671079889163786
162|CHN,2p6,2025,1.0128860955206462
162|CHN,2p6,2030,1.2652143716607498
162|CHN,2p6,2035,1.4963284434891804
162|CHN,2p6,2040,1.781878699927675
162|CHN,2p6,2045,2.2759222896191194
162|CHN,2p6,2050,2.755135407098972
162|CHN,2p6,2055,2.9268919044496946
162|CHN,2p6,2060,3.5265394596106736
162|CHN,2p6,2065,4.885454815475554
162|CHN,2p6,2070,4.859707874412587
162|CHN,2p6,2075,4.28654626107438
162|CHN,2p6,2080,3.73987444671832
162|CHN,2p6,2085,3.3541608180059908
162|CHN,2p6,2090,2.9879210664040605
162|CHN,2p6,2095,2.6589439751521406
162|CHN,2p6,2100,2.424614458711466
162|CHN,7p0,2025,1.015278596661337
162|CHN,7p0,2030,1.2400622372465249
162|CHN,7p0,2035,1.4167823623209803
162|CHN,7p0,2040,1.4494665038381542
162|CHN,7p0,2045,1.4745756623317419
162|CHN,7p0,2050,1.42126839180864
162|CHN,7p0,2055,1.365487044252694
162|CHN,7p0,2060,1.3433293196969476
162|CHN,7p0,2065,1.3162981259037287
162|CHN,7p0,2070,1.2963168361529747
162|CHN,7p0,2075,1.2818885258146215
162|CHN,7p0,2080,1.2539980515174542
162|CHN,7p0,2085,1.2059565350395243
162|CHN,7p0,2090,1.1824226101203592
162|CHN,7p0,2095,1.181038975381348
162|CHN,7p0,2100,1.1807022756210592
162|CHN,no_climate,2025,1.0140823460909916
162|CHN,no_climate,2030,1.2526383044536373
162|CHN,no_climate,2035,1.4565554029050802
162|CHN,no_climate,2040,1.6156726018829146
162|CHN,no_climate,2045,1.8752489759754307
162|CHN,no_climate,2050,2.088201899453806
162|CHN,no_climate,2055,2.1461894743511944
162|CHN,no_climate,2060,2.4349343896538107
162|CHN,no_climate,2065,3.1008764706896415
162|CHN,no_climate,2070,3.0780123552827807
162|CHN,no_climate,2075,2.784217393444501
162|CHN,no_climate,2080,2.496936249117887
162|CHN,no_climate,2085,2.2800586765227573
162|CHN,no_climate,2090,2.0851718382622098
162|CHN,no_climate,2095,1.9199914752667442
162|CHN,no_climate,2100,1.8026583671662628
16|FSU,2p6,2025,0.01571074119759471
16|FSU,2p6,2030,0.023333842615139343
16|FSU,2p6,2035,0.03672325189719899
16|FSU,2p6,2040,0.04789310282048487
16|FSU,2p6,2045,0.07049746808477278
16|FSU,2p6,2050,0.09055740041195634
16|FSU,2p6,2055,0.11090579453475277
16|FSU,2p6,2060,0.1404142956971283
16|FSU,2p6,2065,0.16923474259777033
16|FSU,2p6,2070,0.1990603714770295
16|FSU,2p6,2075,0.2074998381277083
16|FSU,2p6,2080,0.2063176305341599
16|FSU,2p6,2085,0.1997512292416511
16|FSU,2p6,2090,0.19250762576900393
16|FSU,2p6,2095,0.19078320105687477
16|FSU,2p6,2100,0.18773048791973188
16|FSU,7p0,2025,0.01532263360135934
16|FSU,7p0,2030,0.021912875154686384
16|FSU,7p0,2035,0.03142114238232076
16|FSU,7p0,2040,0.03772063143594965
16|FSU,7p0,2045,0.04238426998118357
16|FSU,7p0,2050,0.04822203785670746
16|FSU,7p0,2055,0.05248994978596949
16|FSU,7p0,2060,0.05634838474646921
16|FSU,7p0,2065,0.05895974267254983
16|FSU,7p0,2070,0.0630831161088131
16|FSU,7p0,2075,0.06750485678092151
16|FSU,7p0,2080,0.07014849950254685
16|FSU,7p0,2085,0.0740324104399278
16|FSU,7p0,2090,0.07885023668141768
16|FSU,7p0,2095,0.08449146499740325
16|FSU,7p0,2100,0.0905915698803367
16|FSU,no_climate,2025,0.015516687399477026
16|FSU,no_climate,2030,0.02262335888491286
16|FSU,no_climate,2035,0.03407219713975987
16|FSU,no_climate,2040,0.042806867128217255
16|FSU,no_climate,2045,0.05644086903297817
16|FSU,no_climate,2050,0.0693897191343319
16|FSU,no_climate,2055,0.08169787216036113
16|FSU,no_climate,2060,0.09838134022179876
16|FSU,no_climate,2065,0.11409724263516008
16|FSU,no_climate,2070,0.1310717437929213
16|FSU,no_climate,2075,0.13750234745431492
16|FSU,no_climate,2080,0.1382330650183534
16|FSU,no_climate,2085,0.13689181984078944
16|FSU,no_climate,2090,0.1356789312252108
16|FSU,no_climate,2095,0.137637333027139
16|FSU,no_climate,2100,0.1391610289000343
17|NAM,2p6,2025,0.013793196010692312
17|NAM,2p6,2030,0.02144685261390656
17|NAM,2p6,2035,0.023460608924187054
17|NAM,2p6,2040,0.022919353912106543
17|NAM,2p6,2045,0.02206416962423036
17|NAM,2p6,2050,0.02216142901534769
17|NAM,2p6,2055,0.02144503933230959
17|NAM,2p6,2060,0.02116544546111234
17|NAM,2p6,2065,0.020448285267863513
17|NAM,2p6,2070,0.020338043082834587
17|NAM,2p6,2075,0.02008982007775671
17|NAM,2p6,2080,0.019845811258512584
17|NAM,2p6,2085,0.019479847742009202
17|NAM,2p6,2090,0.01906228636879909
17|NAM,2p6,2095,0.01863919351134516
17|NAM,2p6,2100,0.017987606587848003
17|NAM,7p0,2025,0.013678160788294935
17|NAM,7p0,2030,0.021122723081106767
17|NAM,7p0,2035,0.023487364792852045
17|NAM,7p0,2040,0.024814008287806583
17|NAM,7p0,2045,0.025632405595784998
17|NAM,7p0,2050,0.02696059745518823
17|NAM,7p0,2055,0.028138402246934882
17|NAM,7p0,2060,0.028971066097082977
17|NAM,7p0,2065,0.029783366779684982
17|NAM,7p0,2070,0.03065761475417254
17|NAM,7p0,2075,0.031492162857884344
17|NAM,7p0,2080,0.03218121201594326
17|NAM,7p0,2085,0.03289234302290465
17|NAM,7p0,2090,0.03468784417292305
17|NAM,7p0,2095,0.03557737391374744
17|NAM,7p0,2100,0.03577774912446084
17|NAM,no_climate,2025,0.013735678399493623
17|NAM,no_climate,2030,0.02128478784750666
17|NAM,no_climate,2035,0.02347398685851955
17|NAM,no_climate,2040,0.023866681099956565
17|NAM,no_climate,2045,0.02384828761000768
17|NAM,no_climate,2050,0.02456101323526796
17|NAM,no_climate,2055,0.024791720789622235
17|NAM,no_climate,2060,0.02506825577909766
17|NAM,no_climate,2065,0.025115826023774247
17|NAM,no_climate,2070,0.025497828918503565
17|NAM,no_climate,2075,0.025790991467820525
17|NAM,no_climate,2080,0.026013511637227923
17|NAM,no_climate,2085,0.026186095382456927
17|NAM,no_climate,2090,0.026875065270861073
17|NAM,no_climate,2095,0.0271082837125463
17|NAM,no_climate,2100,0.026882677856154422
18|PAO,2p6,2025,0.2877845632509217
18|PAO,2p6,2030,0.33580689200063424
18|PAO,2p6,2035,0.41919505155771447
18|PAO,2p6,2040,0.48034504321072435
18|PAO,2p6,2045,0.5076199537716392
18|PAO,2p6,2050,0.5228627089613939
18|PAO,2p6,2055,0.5401691929605544
18|PAO,2p6,2060,0.5285036455400776
18|PAO,2p6,2065,0.5526013174312622
18|PAO,2p6,2070,0.5752172545321746
18|PAO,2p6,2075,0.5635520865463461
18|PAO,2p6,2080,0.541266986309993
18|PAO,2p6,2085,0.5058817736536261
18|PAO,2p6,2090,0.48301190695583396
18|PAO,2p6,2095,0.46376026595769293
18|PAO,2p6,2100,0.44793696805604977
18|PAO,7p0,2025,0.30689766737657065
18|PAO,7p0,2030,0.4096267245236741
18|PAO,7p0,2035,0.4672162835970383
18|PAO,7p0,2040,0.5062151817754572
18|PAO,7p0,2045,0.5438887316250268
18|PAO,7p0,2050,0.5642970600569145
18|PAO,7p0,2055,0.5581183334975162
18|PAO,7p0,2060,0.5013186157975552
18|PAO,7p0,2065,0.5205254846196293
18|PAO,7p0,2070,0.5569534166807639
18|PAO,7p0,2075,0.5931406266205888
18|PAO,7p0,2080,0.6057976891271224
18|PAO,7p0,2085,0.6130829050054536
18|PAO,7p0,2090,0.6216739094795618
18|PAO,7p0,2095,0.6290783474641518
18|PAO,7p0,2100,0.6353947469420871
18|PAO,no_climate,2025,0.2973411153137462
18|PAO,no_climate,2030,0.37271680826215414
18|PAO,no_climate,2035,0.4432056675773764
18|PAO,no_climate,2040,0.4932801124930908
18|PAO,no_climate,2045,0.525754342698333
18|PAO,no_climate,2050,0.5435798845091542
18|PAO,no_climate,2055,0.5491437632290352
18|PAO,no_climate,2060,0.5149111306688163
18|PAO,no_climate,2065,0.5365634010254458
18|PAO,no_climate,2070,0.5660853356064692
18|PAO,no_climate,2075,0.5783463565834674
18|PAO,no_climate,2080,0.5735323377185577
18|PAO,no_climate,2085,0.5594823393295398
18|PAO,no_climate,2090,0.5523429082176978
18|PAO,no_climate,2095,0.5464193067109224
18|PAO,no_climate,2100,0.5416658574990685
19|PAO,2p6,2025,0.22233306521911653
19|PAO,2p6,2030,0.25943356647350235
19|PAO,2p6,2035,0.32385656716496497
19|PAO,2p6,2040,0.37109907707847595
19|PAO,2p6,2045,0.39217079267045535
19|PAO,2p6,2050,0.4039468533647459
19|PAO,2p6,2055,0.4173172843296064
19|PAO,2p6,2060,0.4083048589022142
19|PAO,2p6,2065,0.42692194244446163
19|PAO,2p6,2070,0.44439428551125926
19|PAO,2p6,2075,0.4353821532228299
19|PAO,2p6,2080,0.41816540403971414
19|PAO,2p6,2085,0.3908279308116564
19|PAO,2p6,2090,0.37315940993397717
19|PAO,2p6,2095,0.3582862134523344
19|PAO,2p6,2100,0.3460616441960601
19|PAO,7p0,2025,0.23709923258439844
19|PAO,7p0,2030,0.316464386519604
19|PAO,7p0,2035,0.3609562211363012
19|PAO,7p0,2040,0.3910855111657181
19|PAO,7p0,2045,0.42019087985235204
19|PAO,7p0,2050,0.4359576957128115
19|PAO,7p0,2055,0.431184210993605
19|PAO,7p0,2060,0.3873025823295895
19|PAO,7p0,2065,0.4021411892730408
19|PAO,7p0,2070,0.4302842338590844
19|PAO,7p0,2075,0.4582413043035957
19|PAO,7p0,2080,0.4680197422849754
19|PAO,7p0,2085,0.47364806493965544
19|PAO,7p0,2090,0.48028519771864403
19|PAO,7p0,2095,0.48600562752468396
19|PAO,7p0,2100,0.49088547389731
19|PAO,no_climate,2025,0.22971614890175748
19|PAO,no_climate,2030,0.28794897649655316
19|PAO,no_climate,2035,0.3424063941506331
19|PAO,no_climate,2040,0.381092294122097
19|PAO,no_climate,2045,0.40618083626140367
19|PAO,no_climate,2050,0.4199522745387787
19|PAO,no_climate,2055,0.4242507476616057
19|PAO,no_climate,2060,0.39780372061590186
19|PAO,no_climate,2065,0.4145315658587512
19|PAO,no_climate,2070,0.43733925968517184
19|PAO,no_climate,2075,0.44681172876321285
19|PAO,no_climate,2080,0.44309257316234474
19|PAO,no_climate,2085,0.4322379978756559
19|PAO,no_climate,2090,0.4267223038263106
19|PAO,no_climate,2095,0.4221459204885092
19|PAO,no_climate,2100,0.41847355904668504
1|AFR,2p6,2025,0.011666651395136647
1|AFR,2p6,2030,0.016547955963577724
1|AFR,2p6,2035,0.023245429978474917
1|AFR,2p6,2040,0.033477255727196134
1|AFR,2p6,2045,0.04829818169202423
1|AFR,2p6,2050,0.06600135570366487
1|AFR,2p6,2055,0.08855951788543898
1|AFR,2p6,2060,0.11617186660481457
1|AFR,2p6,2065,0.14948285296790323
1|AFR,2p6,2070,0.18972609220590272
1|AFR,2p6,2075,0.24476051613319647
1|AFR,2p6,2080,0.28064450080478165
1|AFR,2p6,2085,0.3224793998229726
1|AFR,2p6,2090,0.38271313383186606
1|AFR,2p6,2095,0.4452548071743813
1|AFR,2p6,2100,0.5070896537272496
1|AFR,7p0,2025,0.011215730413446812
1|AFR,7p0,2030,0.015103673942157267
1|AFR,7p0,2035,0.01981749766242558
1|AFR,7p0,2040,0.02486091561654486
1|AFR,7p0,2045,0.032115316329815256
1|AFR,7p0,2050,0.04052134699477622
1|AFR,7p0,2055,0.04955649175350785
1|AFR,7p0,2060,0.06162775390004198
1|AFR,7p0,2065,0.07597829152923953
1|AFR,7p0,2070,0.09135895234706347
1|AFR,7p0,2075,0.1089337764144202
1|AFR,7p0,2080,0.12486665078178655
1|AFR,7p0,2085,0.13820990997877816
1|AFR,7p0,2090,0.15136107413755504
1|AFR,7p0,2095,0.1699240805414893
1|AFR,7p0,2100,0.18839398574945887
1|AFR,no_climate,2025,0.011441190904291729
1|AFR,no_climate,2030,0.015825814952867494
1|AFR,no_climate,2035,0.02153146382045025
1|AFR,no_climate,2040,0.029169085671870498
1|AFR,no_climate,2045,0.040206749010919744
1|AFR,no_climate,2050,0.05326135134922055
1|AFR,no_climate,2055,0.06905800481947341
1|AFR,no_climate,2060,0.08889981025242827
1|AFR,no_climate,2065,0.11273057224857139
1|AFR,no_climate,2070,0.1405425222764831
1|AFR,no_climate,2075,0.17684714627380832
1|AFR,no_climate,2080,0.2027555757932841
1|AFR,no_climate,2085,0.23034465490087536
1|AFR,no_climate,2090,0.26703710398471053
1|AFR,no_climate,2095,0.3075894438579353
1|AFR,no_climate,2100,0.3477418197383542
20|PAO,2p6,2025,0.2200741449849944
20|PAO,2p6,2030,0.25679770242808964
20|PAO,2p6,2035,0.3205661607119199
20|PAO,2p6,2040,0.36732868326300605
20|PAO,2p6,2045,0.3881863086805371
20|PAO,2p6,2050,0.3998427237352807
20|PAO,2p6,2055,0.4130773101418175
20|PAO,2p6,2060,0.40415645161715463
20|PAO,2p6,2065,0.4225843842264427
20|PAO,2p6,2070,0.43987920700739247
20|PAO,2p6,2075,0.43095863864337924
20|PAO,2p6,2080,0.4139168128935244
20|PAO,2p6,2085,0.386857090396622
20|PAO,2p6,2090,0.36936808298572416
20|PAO,2p6,2095,0.35464599927017104
20|PAO,2p6,2100,0.342545632533298
20|PAO,7p0,2025,0.2346902870078514
20|PAO,7p0,2030,0.3132490851635792
20|PAO,7p0,2035,0.3572888794804234
20|PAO,7p0,2040,0.3871120537154122
20|PAO,7p0,2045,0.4159217097234888
20|PAO,7p0,2050,0.43152833357948966
20|PAO,7p0,2055,0.4268033478148082
20|PAO,7p0,2060,0.3833675597134535
20|PAO,7p0,2065,0.3980554053230577
20|PAO,7p0,2070,0.4259125145139203
20|PAO,7p0,2075,0.45358553907415605
20|PAO,7p0,2080,0.46326462740912805
20|PAO,7p0,2085,0.4688357658932202
20|PAO,7p0,2090,0.4754054649168371
20|PAO,7p0,2095,0.48106777473688217
20|PAO,7p0,2100,0.48589804151279065
20|PAO,no_climate,2025,0.2273822159964229
20|PAO,no_climate,2030,0.2850233937958344
20|PAO,no_climate,2035,0.33892752009617166
20|PAO,no_climate,2040,0.37722036848920915
20|PAO,no_climate,2045,0.40205400920201295
20|PAO,no_climate,2050,0.4156855286573852
20|PAO,no_climate,2055,0.41994032897831285
20|PAO,no_climate,2060,0.39376200566530406
20|PAO,no_climate,2065,0.41031989477475017
20|PAO,no_climate,2070,0.4328958607606564
20|PAO,no_climate,2075,0.4422720888587677
20|PAO,no_climate,2080,0.4385907201513262
20|PAO,no_climate,2085,0.42784642814492113
20|PAO,no_climate,2090,0.42238677395128066
20|PAO,no_climate,2095,0.41785688700352663
20|PAO,no_climate,2100,0.4142218370230443
21|PAO,2p6,2025,0.23531957955583946
21|PAO,2p6,2030,0.2745871277628
21|PAO,2p6,2035,0.34277308751422014
21|PAO,2p6,2040,0.3927750409306124
21|PAO,2p6,2045,0.41507755922107886
21|PAO,2p6,2050,0.42754146173901275
21|PAO,2p6,2055,0.44169286198184454
21|PAO,2p6,2060,0.432154019163921
21|PAO,2p6,2065,0.45185852990504727
21|PAO,2p6,2070,0.47035143567361615
21|PAO,2p6,2075,0.46081290311695505
21|PAO,2p6,2080,0.44259052051679476
21|PAO,2p6,2085,0.4136562605595293
21|PAO,2p6,2090,0.3949557181988533
21|PAO,2p6,2095,0.37921377563505937
21|PAO,2p6,2100,0.3662751670893505
21|PAO,7p0,2025,0.2509482414133315
21|PAO,7p0,2030,0.3349491282675251
21|PAO,7p0,2035,0.3820397389481757
21|PAO,7p0,2040,0.41392888622840995
21|PAO,7p0,2045,0.4447343047360279
21|PAO,7p0,2050,0.46142206314731543
21|PAO,7p0,2055,0.4563697583269197
21|PAO,7p0,2060,0.40992499583842174
21|PAO,7p0,2065,0.4256303284828758
21|PAO,7p0,2070,0.45541721336606766
21|PAO,7p0,2075,0.48500726132466404
21|PAO,7p0,2080,0.4953568596276576
21|PAO,7p0,2085,0.5013139336211214
21|PAO,7p0,2090,0.5083387425197378
21|PAO,7p0,2095,0.5143933036598424
21|PAO,7p0,2100,0.5195581827369681
21|PAO,no_climate,2025,0.2431339104845855
21|PAO,no_climate,2030,0.3047681280151625
21|PAO,no_climate,2035,0.36240641323119793
21|PAO,no_climate,2040,0.4033519635795112
21|PAO,no_climate,2045,0.42990593197855337
21|PAO,no_climate,2050,0.44448176244316406
21|PAO,no_climate,2055,0.44903131015438214
21|PAO,no_climate,2060,0.42103950750117136
21|PAO,no_climate,2065,0.4387444291939615
21|PAO,no_climate,2070,0.4628843245198419
21|PAO,no_climate,2075,0.47291008222080955
21|PAO,no_climate,2080,0.46897369007222617
21|PAO,no_climate,2085,0.45748509709032537
21|PAO,no_climate,2090,0.45164723035929555
21|PAO,no_climate,2095,0.4468035396474509
21|PAO,no_climate,2100,0.4429166749131593
22|PAO,2p6,2025,0.22540908442864374
22|PAO,2p6,2030,0.26302287800160173
22|PAO,2p6,2035,0.32833718286083186
22|PAO,2p6,2040,0.3762333016644871
22|PAO,2p6,2045,0.3975965483513792
22|PAO,2p6,2050,0.40953553303033435
22|PAO,2p6,2055,0.4230909463883762
22|PAO,2p6,2060,0.4139538323830085
22|PAO,2p6,2065,0.43282848673032215
22|PAO,2p6,2070,0.4505425629053102
22|PAO,2p6,2075,0.44140574609453737
22|PAO,2p6,2080,0.42395079999203544
22|PAO,2p6,2085,0.3962351077496059
22|PAO,2p6,2090,0.3783221396073234
22|PAO,2p6,2095,0.36324316969274784
22|PAO,2p6,2100,0.3508494712526365
22|PAO,7p0,2025,0.24037954445917514
22|PAO,7p0,2030,0.32084273002467906
22|PAO,7p0,2035,0.3659501174284221
22|PAO,7p0,2040,0.3964962517756581
22|PAO,7p0,2045,0.42600429863835293
22|PAO,7p0,2050,0.44198925132165545
22|PAO,7p0,2055,0.43714972455567463
22|PAO,7p0,2060,0.3926609854171878
22|PAO,7p0,2065,0.4077048872408932
22|PAO,7p0,2070,0.436237296070514
22|PAO,7p0,2075,0.4645811577718484
22|PAO,7p0,2080,0.47449488225701575
22|PAO,7p0,2085,0.48020107379991606
22|PAO,7p0,2090,0.48693003254237177
22|PAO,7p0,2095,0.49272960555616085
22|PAO,7p0,2100,0.4976769655087708
22|PAO,no_climate,2025,0.23289431444390946
22|PAO,no_climate,2030,0.29193280401314037
22|PAO,no_climate,2035,0.347143650144627
22|PAO,no_climate,2040,0.38636477672007263
22|PAO,no_climate,2045,0.41180042349486606
22|PAO,no_climate,2050,0.4257623921759949
22|PAO,no_climate,2055,0.43012033547202544
22|PAO,no_climate,2060,0.40330740890009814
22|PAO,no_climate,2065,0.42026668698560765
22|PAO,no_climate,2070,0.4433899294879121
22|PAO,no_climate,2075,0.45299345193319285
22|PAO,no_climate,2080,0.4492228411245256
22|PAO,no_climate,2085,0.438218090774761
22|PAO,no_climate,2090,0.4326260860748476
22|PAO,no_climate,2095,0.42798638762445435
22|PAO,no_climate,2100,0.42426321838070363
23|FSU,2p6,2025,0.01710561969345517
23|FSU,2p6,2030,0.02540553833466614
23|FSU,2p6,2035,0.03998372660843108
23|FSU,2p6,2040,0.052145292986697775
23|FSU,2p6,2045,0.07675658730819386
23|FSU,2p6,2050,0.09859754115942165
23|FSU,2p6,2055,0.12075256789300334
23|FSU,2p6,2060,0.15288098196711167
23|FSU,2p6,2065,0.18426025286702807
23|FSU,2p6,2070,0.216733950849199
23|FSU,2p6,2075,0.22592271572836403
23|FSU,2p6,2080,0.22463554580814096
23|FSU,2p6,2085,0.2174861464353434
23|FSU,2p6,2090,0.20959941947224736
23|FSU,2p6,2095,0.20772189167488328
23|FSU,2p6,2100,0.20439814333606043
23|FSU,7p0,2025,0.016683053955922705
23|FSU,7p0,2030,0.02385841024760909
23|FSU,7p0,2035,0.0342108691859918
23|FSU,7p0,2040,0.0410696585110274
23|FSU,7p0,2045,0.04614735830502078
23|FSU,7p0,2050,0.05250343252720131
23|FSU,7p0,2055,0.05715027110909418
23|FSU,7p0,2060,0.061351277300727244
23|FSU,7p0,2065,0.06419448469656058
23|FSU,7p0,2070,0.06868395193223839
23|FSU,7p0,2075,0.0734982769452269
23|FSU,7p0,2080,0.07637663554287327
23|FSU,7p0,2085,0.08060537959654408
23|FSU,7p0,2090,0.08585095664472889
23|FSU,7p0,2095,0.09199304153834124
23|FSU,7p0,2100,0.09863474436478865
23|FSU,no_climate,2025,0.016894336824688938
23|FSU,no_climate,2030,0.024631974291137615
23|FSU,no_climate,2035,0.037097297897211445
23|FSU,no_climate,2040,0.04660747574886259
23|FSU,no_climate,2045,0.061451972806607316
23|FSU,no_climate,2050,0.07555048684331148
23|FSU,no_climate,2055,0.08895141950104876
23|FSU,no_climate,2060,0.10711612963391945
23|FSU,no_climate,2065,0.12422736878179433
23|FSU,no_climate,2070,0.1427089513907187
23|FSU,no_climate,2075,0.14971049633679545
23|FSU,no_climate,2080,0.15050609067550713
23|FSU,no_climate,2085,0.14904576301594374
23|FSU,no_climate,2090,0.1477251880584881
23|FSU,no_climate,2095,0.14985746660661226
23|FSU,no_climate,2100,0.15151644385042454
24|SAS,2p6,2025,0.02830453201435758
24|SAS,2p6,2030,0.040542834762071746
24|SAS,2p6,2035,0.05604059776728071
24|SAS,2p6,2040,0.07493353175513573
24|SAS,2p6,2045,0.09343210267429246
24|SAS,2p6,2050,0.1116756358581946
24|SAS,2p6,2055,0.13287185211310756
24|SAS,2p6,2060,0.16175528570176556
24|SAS,2p6,2065,0.2219809976616009
24|SAS,2p6,2070,0.35687333111118064
24|SAS,2p6,2075,0.42508856440042586
24|SAS,2p6,2080,0.5172972379609363
24|SAS,2p6,2085,0.6595888316113976
24|SAS,2p6,2090,0.6656668088048192
24|SAS,2p6,2095,0.6202923208523254
24|SAS,2p6,2100,0.5413640469460433
24|SAS,7p0,2025,0.025668060059833568
24|SAS,7p0,2030,0.030313723632153296
24|SAS,7p0,2035,0.03343583945458088
24|SAS,7p0,2040,0.038592440914975046
24|SAS,7p0,2045,0.04515225487643686
24|SAS,7p0,2050,0.054282401651925244
24|SAS,7p0,2055,0.06577492657883512
24|SAS,7p0,2060,0.07709362772561536
24|SAS,7p0,2065,0.08587511962334309
24|SAS,7p0,2070,0.09556785377901882
24|SAS,7p0,2075,0.10447854423489536
24|SAS,7p0,2080,0.11866256525517954
24|SAS,7p0,2085,0.13098261462972555
24|SAS,7p0,2090,0.14252946951198334
24|SAS,7p0,2095,0.14985210546375347
24|SAS,7p0,2100,0.15800748530087508
24|SAS,no_climate,2025,0.026986296037095577
24|SAS,no_climate,2030,0.03542827919711252
24|SAS,no_climate,2035,0.044738218610930795
24|SAS,no_climate,2040,0.05676298633505539
24|SAS,no_climate,2045,0.06929217877536466
24|SAS,no_climate,2050,0.08297901875505992
24|SAS,no_climate,2055,0.09932338934597135
24|SAS,no_climate,2060,0.11942445671369045
24|SAS,no_climate,2065,0.153928058642472
24|SAS,no_climate,2070,0.22622059244509973
24|SAS,no_climate,2075,0.2647835543176606
24|SAS,no_climate,2080,0.3179799016080579
24|SAS,no_climate,2085,0.39528572312056154
24|SAS,no_climate,2090,0.40409813915840126
24|SAS,no_climate,2095,0.38507221315803947
24|SAS,no_climate,2100,0.3496857661234592
25|FSU,2p6,2025,0.04925272370011119
25|FSU,2p6,2030,0.07315092831910994
25|FSU,2p6,2035,0.11512634294677566
25|FSU,2p6,2040,0.15014350568765628
25|FSU,2p6,2045,0.22100754340401887
25|FSU,2p6,2050,0.28389485673491144
25|FSU,2p6,2055,0.34768648953352793
25|FSU,2p6,2060,0.4401947955565055
25|FSU,2p6,2065,0.5305460711747665
25|FSU,2p6,2070,0.6240485635076622
25|FSU,2p6,2075,0.6505060497519028
25|FSU,2p6,2080,0.6467998628044578
25|FSU,2p6,2085,0.6262143828136408
25|FSU,2p6,2090,0.6035058933831055
25|FSU,2p6,2095,0.5980998712979638
25|FSU,2p6,2100,0.5885297030424764
25|FSU,7p0,2025,0.048036017501283244
25|FSU,7p0,2030,0.06869623602698223
25|FSU,7p0,2035,0.09850438146961706
25|FSU,7p0,2040,0.11825309923589024
25|FSU,7p0,2045,0.1328734725089705
25|FSU,7p0,2050,0.15117470760554144
25|FSU,7p0,2055,0.1645544892711279
25|FSU,7p0,2060,0.17665057236703152
25|FSU,7p0,2065,0.18483710467621595
25|FSU,7p0,2070,0.19776376230582196
25|FSU,7p0,2075,0.21162579267458914
25|FSU,7p0,2080,0.21991353689317236
25|FSU,7p0,2085,0.23208948644696875
25|FSU,7p0,2090,0.24719323373188837
25|FSU,7p0,2095,0.26487832293818364
25|FSU,7p0,2100,0.28400197703967306
25|FSU,no_climate,2025,0.04864437060069722
25|FSU,no_climate,2030,0.07092358217304609
25|FSU,no_climate,2035,0.10681536220819636
25|FSU,no_climate,2040,0.13419830246177325
25|FSU,no_climate,2045,0.17694050795649469
25|FSU,no_climate,2050,0.21753478217022643
25|FSU,no_climate,2055,0.2561204894023279
25|FSU,no_climate,2060,0.30842268396176853
25|FSU,no_climate,2065,0.3576915879254912
25|FSU,no_climate,2070,0.4109061629067421
25|FSU,no_climate,2075,0.431065921213246
25|FSU,no_climate,2080,0.4333566998488151
25|FSU,no_climate,2085,0.42915193463030477
25|FSU,no_climate,2090,0.4253495635574969
25|FSU,no_climate,2095,0.4314890971180737
25|FSU,no_climate,2100,0.4362658400410747
26|WEU,2p6,2025,0.08465287783332327
26|WEU,2p6,2030,0.0986160856855216
26|WEU,2p6,2035,0.1144441779983819
26|WEU,2p6,2040,0.13235189541136635
26|WEU,2p6,2045,0.14644691790385306
26|WEU,2p6,2050,0.16437064763192194
26|WEU,2p6,2055,0.18135489811257768
26|WEU,2p6,2060,0.1844677378042176
26|WEU,2p6,2065,0.17269304686224607
26|WEU,2p6,2070,0.16159179764198967
26|WEU,2p6,2075,0.15651966795897299
26|WEU,2p6,2080,0.14792116448686887
26|WEU,2p6,2085,0.1431111252800836
26|WEU,2p6,2090,0.13807211136562808
26|WEU,2p6,2095,0.1327667903821644
26|WEU,2p6,2100,0.12855829665100235
26|WEU,7p0,2025,0.08431653214204843
26|WEU,7p0,2030,0.09833204180413221
26|WEU,7p0,2035,0.10821883766314351
26|WEU,7p0,2040,0.12191967469704842
26|WEU,7p0,2045,0.13004421404936942
26|WEU,7p0,2050,0.13314698817063278
26|WEU,7p0,2055,0.1344407714579134
26|WEU,7p0,2060,0.13669412863344302
26|WEU,7p0,2065,0.138478609349721
26|WEU,7p0,2070,0.1417140626569683
26|WEU,7p0,2075,0.14518148456431434
26|WEU,7p0,2080,0.14728287448492342
26|WEU,7p0,2085,0.14635154988263888
26|WEU,7p0,2090,0.15030075979356872
26|WEU,7p0,2095,0.15129535140957642
26|WEU,7p0,2100,0.15173180914634396
26|WEU,no_climate,2025,0.08448470498768584
26|WEU,no_climate,2030,0.09847406374482691
26|WEU,no_climate,2035,0.1113315078307627
26|WEU,no_climate,2040,0.1271357850542074
26|WEU,no_climate,2045,0.13824556597661125
26|WEU,no_climate,2050,0.14875881790127737
26|WEU,no_climate,2055,0.15789783478524555
26|WEU,no_climate,2060,0.16058093321883032
26|WEU,no_climate,2065,0.15558582810598354
26|WEU,no_climate,2070,0.15165293014947898
26|WEU,no_climate,2075,0.15085057626164367
26|WEU,no_climate,2080,0.14760201948589613
26|WEU,no_climate,2085,0.14473133758136125
26|WEU,no_climate,2090,0.1441864355795984
26|WEU,no_climate,2095,0.14203107089587041
26|WEU,no_climate,2100,0.14014505289867316
27|LAM,2p6,2025,0.5451498427610696
27|LAM,2p6,2030,0.7058910000699833
27|LAM,2p6,2035,0.908448627066518
27|LAM,2p6,2040,1.14016390496041
27|LAM,2p6,2045,1.4768948291963908
27|LAM,2p6,2050,2.043505417459815
27|LAM,2p6,2055,2.3795912353408184
27|LAM,2p6,2060,2.5578227031455096
27|LAM,2p6,2065,2.8896758479011457
27|LAM,2p6,2070,3.2542821865219462
27|LAM,2p6,2075,3.6942589417094376
27|LAM,2p6,2080,3.7174456815788983
27|LAM,2p6,2085,3.477404003397436
27|LAM,2p6,2090,3.15865690603886
27|LAM,2p6,2095,2.8926308168594534
27|LAM,2p6,2100,2.7333322654199352
27|LAM,7p0,2025,0.543178043226614
27|LAM,7p0,2030,0.7135632981428454
27|LAM,7p0,2035,0.9077600751206052
27|LAM,7p0,2040,1.071076591332464
27|LAM,7p0,2045,1.2497385960326286
27|LAM,7p0,2050,1.474680082287019
27|LAM,7p0,2055,1.9687264921585357
27|LAM,7p0,2060,2.368229235998797
27|LAM,7p0,2065,2.5592588215217402
27|LAM,7p0,2070,2.674831376349855
27|LAM,7p0,2075,2.755512022277095
27|LAM,7p0,2080,2.8290869195324646
27|LAM,7p0,2085,2.9331870100921353
27|LAM,7p0,2090,2.991979401382755
27|LAM,7p0,2095,3.114058566070034
27|LAM,7p0,2100,3.1918869845170614
27|LAM,no_climate,2025,0.5441639429938419
27|LAM,no_climate,2030,0.7097271491064143
27|LAM,no_climate,2035,0.9081043510935616
27|LAM,no_climate,2040,1.105620248146437
27|LAM,no_climate,2045,1.3633167126145098
27|LAM,no_climate,2050,1.759092749873417
27|LAM,no_climate,2055,2.174158863749677
27|LAM,no_climate,2060,2.4630259695721533
27|LAM,no_climate,2065,2.724467334711443
27|LAM,no_climate,2070,2.964556781435901
27|LAM,no_climate,2075,3.224885481993266
27|LAM,no_climate,2080,3.2732663005556812
27|LAM,no_climate,2085,3.2052955067447857
27|LAM,no_climate,2090,3.075318153710808
27|LAM,no_climate,2095,3.0033446914647435
27|LAM,no_climate,2100,2.9626096249684983
27|NAM,2p6,2025,0.8905425951436958
27|NAM,2p6,2030,1.3846925520123936
27|NAM,2p6,2035,1.5147085228688952
27|NAM,2p6,2040,1.4797629857563173
27|NAM,2p6,2045,1.4245489487440828
27|NAM,2p6,2050,1.4308283948202918
27|NAM,2p6,2055,1.3845754794718568
27|NAM,2p6,2060,1.3665238073685058
27|NAM,2p6,2065,1.320221144872121
27|NAM,2p6,2070,1.3131034789248042
27|NAM,2p6,2075,1.297077232437401
27|NAM,2p6,2080,1.2813230702432898
27|NAM,2p6,2085,1.2576950365763868
27|NAM,2p6,2090,1.2307356437973644
27|NAM,2p6,2095,1.2034191167958117
27|NAM,2p6,2100,1.1613501206499555
27|NAM,7p0,2025,0.8831154719876644
27|NAM,7p0,2030,1.363765483689832
27|NAM,7p0,2035,1.5164359862282046
27|NAM,7p0,2040,1.602089270638249
27|NAM,7p0,2045,1.6549281965797598
27|NAM,7p0,2050,1.7406814494447798
27|NAM,7p0,2055,1.8167251259793307
27|NAM,7p0,2060,1.8704851555923665
27|NAM,7p0,2065,1.922930459593022
27|NAM,7p0,2070,1.9793753226541821
27|NAM,7p0,2075,2.033257007035064
27|NAM,7p0,2080,2.0777447113295358
27|NAM,7p0,2085,2.12365810601599
27|NAM,7p0,2090,2.2395826714670557
27|NAM,7p0,2095,2.2970141850362946
27|NAM,7p0,2100,2.3099511910799158
27|NAM,no_climate,2025,0.8868290335656801
27|NAM,no_climate,2030,1.3742290178511127
27|NAM,no_climate,2035,1.51557225454855
27|NAM,no_climate,2040,1.5409261281972833
27|NAM,no_climate,2045,1.5397385726619213
27|NAM,no_climate,2050,1.5857549221325358
27|NAM,no_climate,2055,1.6006503027255938
27|NAM,no_climate,2060,1.6185044814804361
27|NAM,no_climate,2065,1.6215758022325715
27|NAM,no_climate,2070,1.6462394007894932
27|NAM,no_climate,2075,1.6651671197362323
27|NAM,no_climate,2080,1.6795338907864128
27|NAM,no_climate,2085,1.6906765712961884
27|NAM,no_climate,2090,1.73515915763221
27|NAM,no_climate,2095,1.750216650916053
27|NAM,no_climate,2100,1.7356506558649356
28|LAM,2p6,2025,0.027466987058676746
28|LAM,2p6,2030,0.03556581593339351
28|LAM,2p6,2035,0.04577153788897802
28|LAM,2p6,2040,0.057446347344987866
28|LAM,2p6,2045,0.07441229544359096
28|LAM,2p6,2050,0.10296056689922768
28|LAM,2p6,2055,0.11989401177300384
28|LAM,2p6,2060,0.12887407750107197
28|LAM,2p6,2065,0.14559426215015606
28|LAM,2p6,2070,0.16396469317456394
28|LAM,2p6,2075,0.1861326090261879
28|LAM,2p6,2080,0.18730085642162284
28|LAM,2p6,2085,0.17520652720974964
28|LAM,2p6,2090,0.1591466814363446
28|LAM,2p6,2095,0.14574314615923062
28|LAM,2p6,2100,0.13771700195510783
28|LAM,7p0,2025,0.027367639341687795
28|LAM,7p0,2030,0.03595237921443618
28|LAM,7p0,2035,0.04573684568895495
28|LAM,7p0,2040,0.05396543219012607
28|LAM,7p0,2045,0.06296719021342877
28|LAM,7p0,2050,0.074300706995927
28|LAM,7p0,2055,0.09919288393868758
28|LAM,7p0,2060,0.1193215455180245
28|LAM,7p0,2065,0.12894643530393746
28|LAM,7p0,2070,0.13476947627139735
28|LAM,7p0,2075,0.13883451322774193
28|LAM,7p0,2080,0.14254153209162232
28|LAM,7p0,2085,0.14778654110735956
28|LAM,7p0,2090,0.15074875392310438
28|LAM,7p0,2095,0.15689962580012184
28|LAM,7p0,2100,0.16082095530368498
28|LAM,no_climate,2025,0.027417313200182272
28|LAM,no_climate,2030,0.03575909757391484
28|LAM,no_climate,2035,0.04575419178896648
28|LAM,no_climate,2040,0.05570588976755697
28|LAM,no_climate,2045,0.06868974282850987
28|LAM,no_climate,2050,0.08863063694757733
28|LAM,no_climate,2055,0.10954344785584572
28|LAM,no_climate,2060,0.12409781150954824
28|LAM,no_climate,2065,0.13727034872704674
28|LAM,no_climate,2070,0.14936708472298066
28|LAM,no_climate,2075,0.1624835611269649
28|LAM,no_climate,2080,0.16492119425662258
28|LAM,no_climate,2085,0.16149653415855458
28|LAM,no_climate,2090,0.15494771767972448
28|LAM,no_climate,2095,0.15132138597967623
28|LAM,no_climate,2100,0.14926897862939642
29|LAM,2p6,2025,0.028614580493795283
29|LAM,2p6,2030,0.03705178513680868
29|LAM,2p6,2035,0.04768391059605575
29|LAM,2p6,2040,0.059846503246463845
29|LAM,2p6,2045,0.07752130268784166
29|LAM,2p6,2050,0.10726234453494805
29|LAM,2p6,2055,0.12490328273988477
29|LAM,2p6,2060,0.13425854304078497
29|LAM,2p6,2065,0.15167731083247105
29|LAM,2p6,2070,0.17081527365783228
29|LAM,2p6,2075,0.19390938336709476
29|LAM,2p6,2080,0.19512644110487745
29|LAM,2p6,2085,0.18252680081625391
29|LAM,2p6,2090,0.16579596140458766
29|LAM,2p6,2095,0.1518324153385751
29|LAM,2p6,2100,0.14347093219180496
29|LAM,7p0,2025,0.02851108194702777
29|LAM,7p0,2030,0.037454499351429714
29|LAM,7p0,2035,0.04764776892722449
29|LAM,7p0,2040,0.05622015257763795
29|LAM,7p0,2045,0.06559801149580761
29|LAM,7p0,2050,0.07740505198254817
29|LAM,7p0,2055,0.10333724466435928
29|LAM,7p0,2060,0.12430689837133012
29|LAM,7p0,2065,0.13433392401249566
29|LAM,7p0,2070,0.14040025644735998
29|LAM,7p0,2075,0.14463513400961628
29|LAM,7p0,2080,0.14849703518741633
29|LAM,7p0,2085,0.1539611850175698
29|LAM,7p0,2090,0.1570471615345721
29|LAM,7p0,2095,0.1634550219255187
29|LAM,7p0,2100,0.1675401878187671
29|LAM,no_climate,2025,0.028562831220411526
29|LAM,no_climate,2030,0.0372531422441192
29|LAM,no_climate,2035,0.04766583976164012
29|LAM,no_climate,2040,0.058033327912050896
29|LAM,no_climate,2045,0.07155965709182463
29|LAM,no_climate,2050,0.09233369825874811
29|LAM,no_climate,2055,0.11412026370212203
29|LAM,no_climate,2060,0.12928272070605754
29|LAM,no_climate,2065,0.14300561742248336
29|LAM,no_climate,2070,0.15560776505259613
29|LAM,no_climate,2075,0.16927225868835552
29|LAM,no_climate,2080,0.1718117381461469
29|LAM,no_climate,2085,0.16824399291691186
29|LAM,no_climate,2090,0.16142156146957987
29|LAM,no_climate,2095,0.1576437186320469
29|LAM,no_climate,2100,0.15550556000528604
30|FSU,2p6,2025,0.05573494830515704
30|FSU,2p6,2030,0.08277843136481478
30|FSU,2p6,2035,0.1302782930700305
30|FSU,2p6,2040,0.16990411695419966
30|FSU,2p6,2045,0.25009467662485707
30|FSU,2p6,2050,0.3212586832874895
30|FSU,2p6,2055,0.39344602825506186
30|FSU,2p6,2060,0.4981294907450086
30|FSU,2p6,2065,0.6003720328336486
30|FSU,2p6,2070,0.7061805279801926
30|FSU,2p6,2075,0.7361201235462307
30|FSU,2p6,2080,0.7319261597934276
30|FSU,2p6,2085,0.708631394003197
30|FSU,2p6,2090,0.6829342063267266
30|FSU,2p6,2095,0.6768166895922922
30|FSU,2p6,2100,0.6659869771841226
30|FSU,7p0,2025,0.05435810958437606
30|FSU,7p0,2030,0.07773745035980777
30|FSU,7p0,2035,0.11146869039098808
30|FSU,7p0,2040,0.1338165664292403
30|FSU,7p0,2045,0.15036114888804528
30|FSU,7p0,2050,0.1710710368982713
30|FSU,7p0,2055,0.1862117516332833
30|FSU,7p0,2060,0.19989981831056944
30|FSU,7p0,2065,0.2091637923768374
30|FSU,7p0,2070,0.22379174674401747
30|FSU,7p0,2075,0.23947817965505688
30|FSU,7p0,2080,0.24885668628144386
30|FSU,7p0,2085,0.26263513076055617
30|FSU,7p0,2090,0.27972670480760226
30|FSU,7p0,2095,0.29973935504571964
30|FSU,7p0,2100,0.3213799018557189
30|FSU,no_climate,2025,0.055046528944766554
30|FSU,no_climate,2030,0.08025794086231128
30|FSU,no_climate,2035,0.12087349173050929
30|FSU,no_climate,2040,0.15186034169171997
30|FSU,no_climate,2045,0.2002279127564512
30|FSU,no_climate,2050,0.2461648600928804
30|FSU,no_climate,2055,0.28982888994417255
30|FSU,no_climate,2060,0.349014654527789
30|FSU,no_climate,2065,0.40476791260524303
30|FSU,no_climate,2070,0.46498613736210503
30|FSU,no_climate,2075,0.4877991516006438
30|FSU,no_climate,2080,0.4903914230374357
30|FSU,no_climate,2085,0.48563326238187654
30|FSU,no_climate,2090,0.4813304555671645
30|FSU,no_climate,2095,0.48827802231900597
30|FSU,no_climate,2100,0.4936834395199208
30|MEA,2p6,2025,0.34982495216202864
30|MEA,2p6,2030,0.4046871006784285
30|MEA,2p6,2035,0.46627505683061476
30|MEA,2p6,2040,0.49788538227816126
30|MEA,2p6,2045,0.5793923997655798
30|MEA,2p6,2050,0.7268260832201494
30|MEA,2p6,2055,0.9199166158127138
30|MEA,2p6,2060,1.099317367677189
30|MEA,2p6,2065,1.1994319451729905
30|MEA,2p6,2070,1.289018367514028
30|MEA,2p6,2075,1.318202670351835
30|MEA,2p6,2080,1.2678117541585232
30|MEA,2p6,2085,1.2819022044093655
30|MEA,2p6,2090,1.2773768941189405
30|MEA,2p6,2095,1.2590073958520227
30|MEA,2p6,2100,1.2275590353063146
30|MEA,7p0,2025,0.3064337718488923
30|MEA,7p0,2030,0.3651538880131744
30|MEA,7p0,2035,0.41337971710290217
30|MEA,7p0,2040,0.46359018009711445
30|MEA,7p0,2045,0.493728188818214
30|MEA,7p0,2050,0.48782844970471906
30|MEA,7p0,2055,0.5202254342674248
30|MEA,7p0,2060,0.5346220666912881
30|MEA,7p0,2065,0.5907584232662193
30|MEA,7p0,2070,0.6443003417197845
30|MEA,7p0,2075,0.6969610509703824
30|MEA,7p0,2080,0.776100801776685
30|MEA,7p0,2085,0.8013735974256211
30|MEA,7p0,2090,0.8389474593785411
30|MEA,7p0,2095,0.871898560732829
30|MEA,7p0,2100,0.9107578316962935
30|MEA,no_climate,2025,0.3281293620054605
30|MEA,no_climate,2030,0.38492049434580144
30|MEA,no_climate,2035,0.4398273869667585
30|MEA,no_climate,2040,0.4807377811876379
30|MEA,no_climate,2045,0.5365602942918969
30|MEA,no_climate,2050,0.6073272664624343
30|MEA,no_climate,2055,0.7200710250400693
30|MEA,no_climate,2060,0.8169697171842385
30|MEA,no_climate,2065,0.8950951842196049
30|MEA,no_climate,2070,0.9666593546169062
30|MEA,no_climate,2075,1.0075818606611087
30|MEA,no_climate,2080,1.0219562779676041
30|MEA,no_climate,2085,1.0416379009174932
30|MEA,no_climate,2090,1.0581621767487408
30|MEA,no_climate,2095,1.0654529782924258
30|MEA,no_climate,2100,1.069158433501304
31|FSU,2p6,2025,0.05014544100314926
31|FSU,2p6,2030,0.07447680625108752
31|FSU,2p6,2035,0.11721303522819866
31|FSU,2p6,2040,0.15286489235212336
31|FSU,2p6,2045,0.22501335756568844
31|FSU,2p6,2050,0.2890405183716951
31|FSU,2p6,2055,0.3539883896503421
31|FSU,2p6,2060,0.4481734306690182
31|FSU,2p6,2065,0.5401623445951035
31|FSU,2p6,2070,0.6353595917864513
31|FSU,2p6,2075,0.6622966262463182
31|FSU,2p6,2080,0.6585232637811004
31|FSU,2p6,2085,0.6375646670812251
31|FSU,2p6,2090,0.6144445808918193
31|FSU,2p6,2095,0.6089405733737219
31|FSU,2p6,2100,0.5991969435479327
31|FSU,7p0,2025,0.04890668171578511
31|FSU,7p0,2030,0.06994137160422008
31|FSU,7p0,2035,0.10028979675544805
31|FSU,7p0,2040,0.12039646471692492
31|FSU,7p0,2045,0.13528183572449035
31|FSU,7p0,2050,0.15391478504943887
31|FSU,7p0,2055,0.16753707843227506
31|FSU,7p0,2060,0.1798524059042755
31|FSU,7p0,2065,0.1881873210539458
31|FSU,7p0,2070,0.2013482774201387
31|FSU,7p0,2075,0.21546156037832173
31|FSU,7p0,2080,0.2238995219272628
31|FSU,7p0,2085,0.23629616345565488
31|FSU,7p0,2090,0.25167366974371225
31|FSU,7p0,2095,0.2696793053879337
31|FSU,7p0,2100,0.2891495802573965
31|FSU,no_climate,2025,0.04952606135946719
31|FSU,no_climate,2030,0.07220908892765379
31|FSU,no_climate,2035,0.10875141599182336
31|FSU,no_climate,2040,0.13663067853452415
31|FSU,no_climate,2045,0.1801475966450894
31|FSU,no_climate,2050,0.221477651710567
31|FSU,no_climate,2055,0.26076273404130856
31|FSU,no_climate,2060,0.31401291828664685
31|FSU,no_climate,2065,0.3641748328245247
31|FSU,no_climate,2070,0.418353934603295
31|FSU,no_climate,2075,0.43887909331232
31|FSU,no_climate,2080,0.4412113928541816
31|FSU,no_climate,2085,0.43693041526843995
31|FSU,no_climate,2090,0.4330591253177658
31|FSU,no_climate,2095,0.4393099393808278
31|FSU,no_climate,2100,0.4441732619026646
31|MEA,2p6,2025,0.2877962671344999
31|MEA,2p6,2030,0.33293061633519777
31|MEA,2p6,2035,0.3835981967107477
31|MEA,2p6,2040,0.409603584864126
31|MEA,2p6,2045,0.4766583081855222
31|MEA,2p6,2050,0.5979500098948441
31|MEA,2p6,2055,0.7568029852349616
31|MEA,2p6,2060,0.9043935627184247
31|MEA,2p6,2065,0.9867564745432339
31|MEA,2p6,2070,1.0604580152033287
31|MEA,2p6,2075,1.0844675472956917
31|MEA,2p6,2080,1.0430116205863658
31|MEA,2p6,2085,1.0546036438522146
31|MEA,2p6,2090,1.0508807321469158
31|MEA,2p6,2095,1.0357683938254802
31|MEA,2p6,2100,1.0098962520110717
31|MEA,7p0,2025,0.25209892866992795
31|MEA,7p0,2030,0.3004071757899255
31|MEA,7p0,2035,0.3400819145577353
31|MEA,7p0,2040,0.38138938485544077
31|MEA,7p0,2045,0.40618351790739665
31|MEA,7p0,2050,0.40132988215775234
31|MEA,7p0,2055,0.4279824441489343
31|MEA,7p0,2060,0.43982635935649306
31|MEA,7p0,2065,0.4860089823310645
31|MEA,7p0,2070,0.5300571960760313
31|MEA,7p0,2075,0.5733804509019413
31|MEA,7p0,2080,0.6384876558718691
31|MEA,7p0,2085,0.6592792437870959
31|MEA,7p0,2090,0.6901907529434492
31|MEA,7p0,2095,0.7172991793410674
31|MEA,7p0,2100,0.7492681771433546
31|MEA,no_climate,2025,0.2699475979022139
31|MEA,no_climate,2030,0.31666889606256166
31|MEA,no_climate,2035,0.3618400556342415
31|MEA,no_climate,2040,0.3954964848597834
31|MEA,no_climate,2045,0.4414209130464594
31|MEA,no_climate,2050,0.49963994602629824
31|MEA,no_climate,2055,0.592392714691948
31|MEA,no_climate,2060,0.6721099610374589
31|MEA,no_climate,2065,0.7363827284371491
31|MEA,no_climate,2070,0.7952576056396801
31|MEA,no_climate,2075,0.8289239990988165
31|MEA,no_climate,2080,0.8407496382291174
31|MEA,no_climate,2085,0.8569414438196552
31|MEA,no_climate,2090,0.8705357425451825
31|MEA,no_climate,2095,0.8765337865832739
31|MEA,no_climate,2100,0.8795822145772132
31|WEU,2p6,2025,0.09900296724539684
31|WEU,2p6,2030,0.1153331741446085
31|WEU,2p6,2035,0.13384439484867736
31|WEU,2p6,2040,0.15478777215438805
31|WEU,2p6,2045,0.17127213849683365
31|WEU,2p6,2050,0.19223424247488438
31|WEU,2p6,2055,0.21209760964043708
31|WEU,2p6,2060,0.2157381281191873
31|WEU,2p6,2065,0.20196742862864034
31|WEU,2p6,2070,0.18898433058086914
31|WEU,2p6,2075,0.18305238943811414
31|WEU,2p6,2080,0.17299629472052788
31|WEU,2p6,2085,0.167370872806626
31|WEU,2p6,2090,0.16147766111328937
31|WEU,2p6,2095,0.1552729988147867
31|WEU,2p6,2100,0.15035109447221892
31|WEU,7p0,2025,0.0986096052911585
31|WEU,7p0,2030,0.11500098003845163
31|WEU,7p0,2035,0.12656375441357523
31|WEU,7p0,2040,0.14258711421916778
31|WEU,7p0,2045,0.15208889991114982
31|WEU,7p0,2050,0.15571764653571382
31|WEU,7p0,2055,0.15723074789377375
31|WEU,7p0,2060,0.15986608708543584
31|WEU,7p0,2065,0.16195306735622547
31|WEU,7p0,2070,0.1657369845247842
31|WEU,7p0,2075,0.1697921928804276
31|WEU,7p0,2080,0.17224980380641988
31|WEU,7p0,2085,0.17116060398882654
31|WEU,7p0,2090,0.17577927153403164
31|WEU,7p0,2095,0.17694246319038662
31|WEU,7p0,2100,0.17745290786897483
31|WEU,no_climate,2025,0.09880628626827767
31|WEU,no_climate,2030,0.11516707709153007
31|WEU,no_climate,2035,0.1302040746311263
31|WEU,no_climate,2040,0.1486874431867779
31|WEU,no_climate,2045,0.16168051920399173
31|WEU,no_climate,2050,0.1739759445052991
31|WEU,no_climate,2055,0.18466417876710542
31|WEU,no_climate,2060,0.18780210760231159
31|WEU,no_climate,2065,0.1819602479924329
31|WEU,no_climate,2070,0.17736065755282665
31|WEU,no_climate,2075,0.17642229115927088
31|WEU,no_climate,2080,0.17262304926347388
31|WEU,no_climate,2085,0.16926573839772627
31|WEU,no_climate,2090,0.16862846632366052
31|WEU,no_climate,2095,0.16610773100258666
31|WEU,no_climate,2100,0.1639020011705969
32|LAM,2p6,2025,0.2017952678699886
32|LAM,2p6,2030,0.2612959818986281
32|LAM,2p6,2035,0.3362756799424738
32|LAM,2p6,2040,0.4220485132158762
32|LAM,2p6,2045,0.5466944393930765
32|LAM,2p6,2050,0.7564337192532425
32|LAM,2p6,2055,0.8808408497829049
32|LAM,2p6,2060,0.9468158606282667
32|LAM,2p6,2065,1.0696562046707248
32|LAM,2p6,2070,1.2046206272897133
32|LAM,2p6,2075,1.367484523058168
32|LAM,2p6,2080,1.3760674373616768
32|LAM,2p6,2085,1.2872124640147984
32|LAM,2p6,2090,1.169223517033764
32|LAM,2p6,2095,1.0707500300847965
32|LAM,2p6,2100,1.0117833179305242
32|LAM,7p0,2025,0.20106537714265
32|LAM,7p0,2030,0.2641359963741898
32|LAM,7p0,2035,0.33602080226762365
32|LAM,7p0,2040,0.39647482344031193
32|LAM,7p0,2045,0.4626092038779128
32|LAM,7p0,2050,0.5458746181058184
32|LAM,7p0,2055,0.7287531953338487
32|LAM,7p0,2060,0.8766350378741105
32|LAM,7p0,2065,0.9473474610611985
32|LAM,7p0,2070,0.9901283495997283
32|LAM,7p0,2075,1.0199934825957342
32|LAM,7p0,2080,1.0472283177466661
32|LAM,7p0,2085,1.0857625041519732
32|LAM,7p0,2090,1.1075253763361035
32|LAM,7p0,2095,1.1527147826370256
32|LAM,7p0,2100,1.1815241214948906
32|LAM,no_climate,2025,0.20143032250631931
32|LAM,no_climate,2030,0.2627159891364089
32|LAM,no_climate,2035,0.3361482411050487
32|LAM,no_climate,2040,0.4092616683280941
32|LAM,no_climate,2045,0.5046518216354947
32|LAM,no_climate,2050,0.6511541686795305
32|LAM,no_climate,2055,0.8047970225583768
32|LAM,no_climate,2060,0.9117254492511886
32|LAM,no_climate,2065,1.0085018328659616
32|LAM,no_climate,2070,1.0973744884447207
32|LAM,no_climate,2075,1.193739002826951
32|LAM,no_climate,2080,1.2116478775541715
32|LAM,no_climate,2085,1.186487484083386
32|LAM,no_climate,2090,1.1383744466849337
32|LAM,no_climate,2095,1.111732406360911
32|LAM,no_climate,2100,1.0966537197127075
33|LAM,2p6,2025,0.31032515378233194
33|LAM,2p6,2030,0.40182664648825783
33|LAM,2p6,2035,0.5171320576191087
33|LAM,2p6,2040,0.6490353869531934
33|LAM,2p6,2045,0.8407186043921765
33|LAM,2p6,2050,1.1632602326663126
33|LAM,2p6,2055,1.3545762249625708
33|LAM,2p6,2060,1.456034032187112
33|LAM,2p6,2065,1.6449405861317286
33|LAM,2p6,2070,1.8524918119184766
33|LAM,2p6,2075,2.1029474545775377
33|LAM,2p6,2080,2.116146446948622
33|LAM,2p6,2085,1.979503335545434
33|LAM,2p6,2090,1.7980573655631498
33|LAM,2p6,2095,1.6466226946539735
33|LAM,2p6,2100,1.5559424016497665
33|LAM,7p0,2025,0.30920271194017945
33|LAM,7p0,2030,0.4061940825444915
33|LAM,7p0,2035,0.5167401011848551
33|LAM,7p0,2040,0.6097076103598557
33|LAM,7p0,2045,0.711410499611056
33|LAM,7p0,2050,0.8394578653781857
33|LAM,7p0,2055,1.1206925206841085
33|LAM,7p0,2060,1.3481084358952025
33|LAM,7p0,2065,1.4568515388999383
33|LAM,7p0,2070,1.5226409201614326
33|LAM,7p0,2075,1.5685681715164368
33|LAM,7p0,2080,1.6104504936127835
33|LAM,7p0,2085,1.6697092039300554
33|LAM,7p0,2090,1.7031766223119205
33|LAM,7p0,2095,1.772669874595224
33|LAM,7p0,2100,1.8169735027516298
33|LAM,no_climate,2025,0.3097639328612557
33|LAM,no_climate,2030,0.4040103645163747
33|LAM,no_climate,2035,0.5169360794019819
33|LAM,no_climate,2040,0.6293714986565245
33|LAM,no_climate,2045,0.7760645520016163
33|LAM,no_climate,2050,1.0013590490222493
33|LAM,no_climate,2055,1.2376343728233397
33|LAM,no_climate,2060,1.4020712340411572
33|LAM,no_climate,2065,1.5508960625158335
33|LAM,no_climate,2070,1.6875663660399547
33|LAM,no_climate,2075,1.8357578130469872
33|LAM,no_climate,2080,1.8632984702807027
33|LAM,no_climate,2085,1.8246062697377448
33|LAM,no_climate,2090,1.7506169939375351
33|LAM,no_climate,2095,1.7096462846245988
33|LAM,no_climate,2100,1.6864579522006982
33|NAM,2p6,2025,1.1815448751993545
33|NAM,2p6,2030,1.837168033824329
33|NAM,2p6,2035,2.009669276209911
33|NAM,2p6,2040,1.9633045986396116
33|NAM,2p6,2045,1.890048290826119
33|NAM,2p6,2050,1.8983796692137394
33|NAM,2p6,2055,1.8370127055322831
33|NAM,2p6,2060,1.8130622950984596
33|NAM,2p6,2065,1.751629328411604
33|NAM,2p6,2070,1.7421858253503315
33|NAM,2p6,2075,1.7209226881246298
33|NAM,2p6,2080,1.7000205440778222
33|NAM,2p6,2085,1.668671586439628
33|NAM,2p6,2090,1.632902682683373
33|NAM,2p6,2095,1.5966599440845288
33|NAM,2p6,2100,1.5408440773624015
33|NAM,7p0,2025,1.1716907937097796
33|NAM,7p0,2030,1.8094026349941028
33|NAM,7p0,2035,2.0119612221431176
33|NAM,7p0,2040,2.125603399160322
33|NAM,7p0,2045,2.1957084817219896
33|NAM,7p0,2050,2.3094832938498584
33|NAM,7p0,2055,2.4103757349196964
33|NAM,7p0,2060,2.481702909864763
33|NAM,7p0,2065,2.551285746787064
33|NAM,7p0,2070,2.626175077230019
33|NAM,7p0,2075,2.6976636600271933
33|NAM,7p0,2080,2.7566885952803304
33|NAM,7p0,2085,2.817605093256524
33|NAM,7p0,2090,2.971410286815309
33|NAM,7p0,2095,3.047608675194168
33|NAM,7p0,2100,3.064773101999376
33|NAM,no_climate,2025,1.176617834454567
33|NAM,no_climate,2030,1.823285334409216
33|NAM,no_climate,2035,2.010815249176514
33|NAM,no_climate,2040,2.044453998899967
33|NAM,no_climate,2045,2.0428783862740545
33|NAM,no_climate,2050,2.1039314815317987
33|NAM,no_climate,2055,2.12369422022599
33|NAM,no_climate,2060,2.147382602481611
33|NAM,no_climate,2065,2.151457537599334
33|NAM,no_climate,2070,2.1841804512901755
33|NAM,no_climate,2075,2.2092931740759116
33|NAM,no_climate,2080,2.2283545696790763
33|NAM,no_climate,2085,2.243138339848076
33|NAM,no_climate,2090,2.302156484749341
33|NAM,no_climate,2095,2.3221343096393485
33|NAM,no_climate,2100,2.3028085896808888
34|MEA,2p6,2025,0.2544563238423508
34|MEA,2p6,2030,0.29436205538979715
34|MEA,2p6,2035,0.33916001739506507
34|MEA,2p6,2040,0.36215279466590283
34|MEA,2p6,2045,0.4214395205241446
34|MEA,2p6,2050,0.5286801071962197
34|MEA,2p6,2055,0.669130657646116
34|MEA,2p6,2060,0.7996235099479854
34|MEA,2p6,2065,0.8724450373866931
34|MEA,2p6,2070,0.9376085757626816
34|MEA,2p6,2075,0.9588367081989597
34|MEA,2p6,2080,0.9221832699283268
34|MEA,2p6,2085,0.9324324078184455
34|MEA,2p6,2090,0.9291407792092485
34|MEA,2p6,2095,0.9157791394207198
34|MEA,2p6,2100,0.8929041724811879
34|MEA,7p0,2025,0.22289436646502994
34|MEA,7p0,2030,0.2656063136901051
34|MEA,7p0,2035,0.30068490687958666
34|MEA,7p0,2040,0.33720708676689215
34|MEA,7p0,2045,0.3591289275609923
34|MEA,7p0,2050,0.3548375643601377
34|MEA,7p0,2055,0.3784025432001414
34|MEA,7p0,2060,0.3888743924483022
34|MEA,7p0,2065,0.42970695982143897
34|MEA,7p0,2070,0.46865237997217435
34|MEA,7p0,2075,0.5069568245351558
34|MEA,7p0,2080,0.5645216435553961
34|MEA,7p0,2085,0.5829046166232198
34|MEA,7p0,2090,0.6102351621603822
34|MEA,7p0,2095,0.6342031955020556
34|MEA,7p0,2100,0.6624687242342003
34|MEA,no_climate,2025,0.23867534515369038
34|MEA,no_climate,2030,0.2799841845399511
34|MEA,no_climate,2035,0.3199224621373259
34|MEA,no_climate,2040,0.3496799407163975
34|MEA,no_climate,2045,0.39028422404256846
34|MEA,no_climate,2050,0.4417588357781787
34|MEA,no_climate,2055,0.5237666004231287
34|MEA,no_climate,2060,0.5942489511981438
34|MEA,no_climate,2065,0.6510759986040661
34|MEA,no_climate,2070,0.703130477867428
34|MEA,no_climate,2075,0.7328967663670578
34|MEA,no_climate,2080,0.7433524567418615
34|MEA,no_climate,2085,0.7576685122208326
34|MEA,no_climate,2090,0.7696879706848154
34|MEA,no_climate,2095,0.7749911674613876
34|MEA,no_climate,2100,0.7776864483576942
35|CHN,2p6,2025,0.8888532882156284
35|CHN,2p6,2030,1.1102827450408064
35|CHN,2p6,2035,1.3130957796022193
35|CHN,2p6,2040,1.5636790243605618
35|CHN,2p6,2045,1.9972245840845004
35|CHN,2p6,2050,2.417755734735829
35|CHN,2p6,2055,2.568479817253829
35|CHN,2p6,2060,3.0946976254875627
35|CHN,2p6,2065,4.287207215468985
35|CHN,2p6,2070,4.264613112018934
35|CHN,2p6,2075,3.7616379137734017
35|CHN,2p6,2080,3.2819087103476026
35|CHN,2p6,2085,2.9434275832922383
35|CHN,2p6,2090,2.6220356627927086
35|CHN,2p6,2095,2.333343409438618
35|CHN,2p6,2100,2.1277086770285454
35|CHN,7p0,2025,0.8909528160059367
35|CHN,7p0,2030,1.088210611285003
35|CHN,7p0,2035,1.2432905012755602
35|CHN,7p0,2040,1.2719723113907557
35|CHN,7p0,2045,1.294006731835515
35|CHN,7p0,2050,1.2472271947288245
35|CHN,7p0,2055,1.198276543302698
35|CHN,7p0,2060,1.1788321394177501
35|CHN,7p0,2065,1.1551110462032694
35|CHN,7p0,2070,1.1375765621420408
35|CHN,7p0,2075,1.12491506827382
35|CHN,7p0,2080,1.100439917614172
35|CHN,7p0,2085,1.0582813174703682
35|CHN,7p0,2090,1.0376292356207628
35|CHN,7p0,2095,1.0364150336558051
35|CHN,7p0,2100,1.036119564411635
35|CHN,no_climate,2025,0.8899030521107825
35|CHN,no_climate,2030,1.0992466781629047
35|CHN,no_climate,2035,1.2781931404388898
35|CHN,no_climate,2040,1.417825667875659
35|CHN,no_climate,2045,1.6456156579600076
35|CHN,no_climate,2050,1.832491464732327
35|CHN,no_climate,2055,1.8833781802782634
35|CHN,no_climate,2060,2.136764882452656
35|CHN,no_climate,2065,2.7211591308361274
35|CHN,no_climate,2070,2.7010948370804875
35|CHN,no_climate,2075,2.443276491023611
35|CHN,no_climate,2080,2.1911743139808872
35|CHN,no_climate,2085,2.0008544503813033
35|CHN,no_climate,2090,1.8298324492067357
35|CHN,no_climate,2095,1.6848792215472115
35|CHN,no_climate,2100,1.5819141207200902
36|NAM,2p6,2025,0.4067914981363009
36|NAM,2p6,2030,0.6325145599581451
36|NAM,2p6,2035,0.691904635014384
36|NAM,2p6,2040,0.6759418416873455
36|NAM,2p6,2045,0.6507205878620461
36|NAM,2p6,2050,0.6535889798858943
36|NAM,2p6,2055,0.6324610823205618
36|NAM,2p6,2060,0.6242152479507834
36|NAM,2p6,2065,0.603064626355233
36|NAM,2p6,2070,0.5998133433624463
36|NAM,2p6,2075,0.5924927044018131
36|NAM,2p6,2080,0.5852963509923609
36|NAM,2p6,2085,0.5745032870044182
36|NAM,2p6,2090,0.5621884894447867
36|NAM,2p6,2095,0.5497105563246429
36|NAM,2p6,2100,0.530493833777529
36|NAM,7p0,2025,0.40339885799537945
36|NAM,7p0,2030,0.6229552715861364
36|NAM,7p0,2035,0.6926937240616021
36|NAM,7p0,2040,0.7318193403717735
36|NAM,7p0,2045,0.7559556657546059
36|NAM,7p0,2050,0.7951269467166286
36|NAM,7p0,2055,0.8298629843525273
36|NAM,7p0,2060,0.8544200612463169
36|NAM,7p0,2065,0.8783765838214082
36|NAM,7p0,2070,0.9041600674323664
36|NAM,7p0,2075,0.9287727150821619
36|NAM,7p0,2080,0.9490942808076877
36|NAM,7p0,2085,0.9700670885216324
36|NAM,7p0,2090,1.0230203418615575
36|NAM,7p0,2095,1.0492545181631374
36|NAM,7p0,2100,1.055164021087064
36|NAM,no_climate,2025,0.40509517806584017
36|NAM,no_climate,2030,0.6277349157721408
36|NAM,no_climate,2035,0.6922991795379931
36|NAM,no_climate,2040,0.7038805910295596
36|NAM,no_climate,2045,0.7033381268083261
36|NAM,no_climate,2050,0.7243579633012615
36|NAM,no_climate,2055,0.7311620333365445
36|NAM,no_climate,2060,0.7393176545985501
36|NAM,no_climate,2065,0.7407206050883206
36|NAM,no_climate,2070,0.7519867053974063
36|NAM,no_climate,2075,0.7606327097419875
36|NAM,no_climate,2080,0.7671953159000242
36|NAM,no_climate,2085,0.7722851877630252
36|NAM,no_climate,2090,0.7926044156531722
36|NAM,no_climate,2095,0.7994825372438902
36|NAM,no_climate,2100,0.7928289274322966
37|LAM,2p6,2025,0.009093247900321465
37|LAM,2p6,2030,0.011774454197275575
37|LAM,2p6,2035,0.015153170601285647
37|LAM,2p6,2040,0.01901824456610475
37|LAM,2p6,2045,0.024635008122843326
37|LAM,2p6,2050,0.034086227105005765
37|LAM,2p6,2055,0.03969223011198765
37|LAM,2p6,2060,0.04266517955314992
37|LAM,2p6,2065,0.04820058041923223
37|LAM,2p6,2070,0.05428231348241245
37|LAM,2p6,2075,0.06162124562817921
37|LAM,2p6,2080,0.06200800676630116
37|LAM,2p6,2085,0.05800404617620356
37|LAM,2p6,2090,0.05268725775137451
37|LAM,2p6,2095,0.0482498701065218
37|LAM,2p6,2100,0.04559272686849922
37|LAM,7p0,2025,0.009060357746880842
37|LAM,7p0,2030,0.011902430219406191
37|LAM,7p0,2035,0.015141685367235641
37|LAM,7p0,2040,0.0178658493523332
37|LAM,7p0,2045,0.020845980266209367
37|LAM,7p0,2050,0.024598065540999425
37|LAM,7p0,2055,0.03283889425787482
37|LAM,7p0,2060,0.0395027088674487
37|LAM,7p0,2065,0.04268913439892797
37|LAM,7p0,2070,0.044616916100565826
37|LAM,7p0,2075,0.04596269125562902
37|LAM,7p0,2080,0.04718994058692339
37|LAM,7p0,2085,0.04892635845895401
37|LAM,7p0,2090,0.049907031563344174
37|LAM,7p0,2095,0.05194334529012284
37|LAM,7p0,2100,0.053241544513742446
37|LAM,no_climate,2025,0.009076802823601154
37|LAM,no_climate,2030,0.011838442208340884
37|LAM,no_climate,2035,0.015147427984260643
37|LAM,no_climate,2040,0.018442046959218975
37|LAM,no_climate,2045,0.022740494194526346
37|LAM,no_climate,2050,0.029342146323002596
37|LAM,no_climate,2055,0.03626556218493124
37|LAM,no_climate,2060,0.04108394421029931
37|LAM,no_climate,2065,0.0454448574090801
37|LAM,no_climate,2070,0.04944961479148914
37|LAM,no_climate,2075,0.05379196844190411
37|LAM,no_climate,2080,0.054598973676612275
37|LAM,no_climate,2085,0.053465202317578786
37|LAM,no_climate,2090,0.05129714465735934
37|LAM,no_climate,2095,0.05009660769832232
37|LAM,no_climate,2100,0.04941713569112083
38|AFR,2p6,2025,0.0014525826229752586
38|AFR,2p6,2030,0.002060340406543129
38|AFR,2p6,2035,0.0028942244442476815
38|AFR,2p6,2040,0.004168160879007261
38|AFR,2p6,2045,0.006013473538463814
38|AFR,2p6,2050,0.00821764696148527
38|AFR,2p6,2055,0.011026301585824367
38|AFR,2p6,2060,0.014464239051412652
38|AFR,2p6,2065,0.018611698189975663
38|AFR,2p6,2070,0.02362227303527552
38|AFR,2p6,2075,0.030474457535753972
38|AFR,2p6,2080,0.03494227360496332
38|AFR,2p6,2085,0.040151021624389084
38|AFR,2p6,2090,0.047650557898757016
38|AFR,2p6,2095,0.055437449341060936
38|AFR,2p6,2100,0.06313633572713058
38|AFR,7p0,2025,0.0013964396938558846
38|AFR,7p0,2030,0.0018805168311283804
38|AFR,7p0,2035,0.0024674220357087336
38|AFR,7p0,2040,0.0030953641102965624
38|AFR,7p0,2045,0.003998589556853456
38|AFR,7p0,2050,0.005045201275894748
38|AFR,7p0,2055,0.006170142257509278
38|AFR,7p0,2060,0.007673101850417309
38|AFR,7p0,2065,0.009459847754148907
38|AFR,7p0,2070,0.011374851458053252
38|AFR,7p0,2075,0.013563044383122712
38|AFR,7p0,2080,0.015546802674703446
38|AFR,7p0,2085,0.017208135115945707
38|AFR,7p0,2090,0.018845550333211707
38|AFR,7p0,2095,0.021156779118514546
38|AFR,7p0,2100,0.023456416130406475
38|AFR,no_climate,2025,0.0014245111584155717
38|AFR,no_climate,2030,0.0019704286188357545
38|AFR,no_climate,2035,0.0026808232399782076
38|AFR,no_climate,2040,0.0036317624946519116
38|AFR,no_climate,2045,0.005006031547658635
38|AFR,no_climate,2050,0.0066314241186900096
38|AFR,no_climate,2055,0.008598221921666822
38|AFR,no_climate,2060,0.011068670450914982
38|AFR,no_climate,2065,0.014035772972062285
38|AFR,no_climate,2070,0.017498562246664386
38|AFR,no_climate,2075,0.02201875095943834
38|AFR,no_climate,2080,0.02524453813983338
38|AFR,no_climate,2085,0.028679578370167394
38|AFR,no_climate,2090,0.03324805411598436
38|AFR,no_climate,2095,0.03829711422978774
38|AFR,no_climate,2100,0.043296375928768525
39|EEU,2p6,2025,0.054927918726902836
39|EEU,2p6,2030,0.08890775411261087
39|EEU,2p6,2035,0.13592270953821137
39|EEU,2p6,2040,0.19286418784729578
39|EEU,2p6,2045,0.2329063606036697
39|EEU,2p6,2050,0.2742808084618832
39|EEU,2p6,2055,0.3512394170548812
39|EEU,2p6,2060,0.37978395476439936
39|EEU,2p6,2065,0.3927056836414722
39|EEU,2p6,2070,0.3702884266710924
39|EEU,2p6,2075,0.35576625800296974
39|EEU,2p6,2080,0.33552151985438217
39|EEU,2p6,2085,0.3178298709440113
39|EEU,2p6,2090,0.29812013606334886
39|EEU,2p6,2095,0.2841468873320608
39|EEU,2p6,2100,0.2697508336493206
39|EEU,7p0,2025,0.050023465485895605
39|EEU,7p0,2030,0.07384632402209394
39|EEU,7p0,2035,0.11241690394834972
39|EEU,7p0,2040,0.14310040661616927
39|EEU,7p0,2045,0.17408169690838543
39|EEU,7p0,2050,0.1935094885085247
39|EEU,7p0,2055,0.19985892720645623
39|EEU,7p0,2060,0.20510368785276153
39|EEU,7p0,2065,0.2118925621421273
39|EEU,7p0,2070,0.21169472994490915
39|EEU,7p0,2075,0.2133352447122782
39|EEU,7p0,2080,0.22385005075323713
39|EEU,7p0,2085,0.23895780771652306
39|EEU,7p0,2090,0.24372072784969329
39|EEU,7p0,2095,0.24538461233648104
39|EEU,7p0,2100,0.24824249478000407
39|EEU,no_climate,2025,0.05247569210639922
39|EEU,no_climate,2030,0.08137703906735241
39|EEU,no_climate,2035,0.12416980674328054
39|EEU,no_climate,2040,0.16798229723173252
39|EEU,no_climate,2045,0.20349402875602757
39|EEU,no_climate,2050,0.23389514848520393
39|EEU,no_climate,2055,0.2755491721306687
39|EEU,no_climate,2060,0.29244382130858043
39|EEU,no_climate,2065,0.3022991228917997
39|EEU,no_climate,2070,0.29099157830800076
39|EEU,no_climate,2075,0.284550751357624
39|EEU,no_climate,2080,0.27968578530380966
39|EEU,no_climate,2085,0.2783938393302672
39|EEU,no_climate,2090,0.27092043195652105
39|EEU,no_climate,2095,0.2647657498342709
39|EEU,no_climate,2100,0.25899666421466233
39|FSU,2p6,2025,0.012530401617563884
39|FSU,2p6,2030,0.01861035170597084
39|FSU,2p6,2035,0.029289330731596383
39|FSU,2p6,2040,0.03819805860870742
39|FSU,2p6,2045,0.05622660172512015
39|FSU,2p6,2050,0.07222578377002875
39|FSU,2p6,2055,0.08845503402781746
39|FSU,2p6,2060,0.11199010255491691
39|FSU,2p6,2065,0.13497640026810231
39|FSU,2p6,2070,0.1587644000609285
39|FSU,2p6,2075,0.16549545782841515
39|FSU,2p6,2080,0.16455256558952047
39|FSU,2p6,2085,0.15931540686210008
39|FSU,2p6,2090,0.15353813260564772
39|FSU,2p6,2095,0.15216278475092407
39|FSU,2p6,2100,0.149728035100954
39|FSU,7p0,2025,0.012220858993795053
39|FSU,7p0,2030,0.01747703197642865
39|FSU,7p0,2035,0.025060532051372274
39|FSU,7p0,2040,0.030084809826344615
39|FSU,7p0,2045,0.03380438379398651
39|FSU,7p0,2050,0.0384604070274178
39|FSU,7p0,2055,0.0418643616766251
39|FSU,7p0,2060,0.04494173015098534
39|FSU,7p0,2065,0.04702446852528995
39|FSU,7p0,2070,0.05031314373963843
39|FSU,7p0,2075,0.05383978743985531
39|FSU,7p0,2080,0.05594827516928126
39|FSU,7p0,2085,0.059045962495432563
39|FSU,7p0,2090,0.06288851180422958
39|FSU,7p0,2095,0.06738778115929317
39|FSU,7p0,2100,0.07225303628195544
39|FSU,no_climate,2025,0.012375630305679468
39|FSU,no_climate,2030,0.018043691841199746
39|FSU,no_climate,2035,0.02717493139148433
39|FSU,no_climate,2040,0.034141434217526016
39|FSU,no_climate,2045,0.04501549275955333
39|FSU,no_climate,2050,0.05534309539872327
39|FSU,no_climate,2055,0.06515969785222128
39|FSU,no_climate,2060,0.07846591635295112
39|FSU,no_climate,2065,0.09100043439669614
39|FSU,no_climate,2070,0.10453877190028348
39|FSU,no_climate,2075,0.10966762263413524
39|FSU,no_climate,2080,0.11025042037940086
39|FSU,no_climate,2085,0.10918068467876632
39|FSU,no_climate,2090,0.10821332220493865
39|FSU,no_climate,2095,0.10977528295510862
39|FSU,no_climate,2100,0.11099053569145473
39|WEU,2p6,2025,0.016457351830159107
39|WEU,2p6,2030,0.019171936734806133
39|WEU,2p6,2035,0.022249073515741874
39|WEU,2p6,2040,0.025730509864791057
39|WEU,2p6,2045,0.028470720831624215
39|WEU,2p6,2050,0.031955270132172565
39|WEU,2p6,2055,0.035257175429261836
39|WEU,2p6,2060,0.035862342073413836
39|WEU,2p6,2065,0.03357322637548145
39|WEU,2p6,2070,0.031415034370104386
39|WEU,2p6,2075,0.030428962486216946
39|WEU,2p6,2080,0.028757328863413423
39|WEU,2p6,2085,0.027822209945202663
39|WEU,2p6,2090,0.026842576092346016
39|WEU,2p6,2095,0.02581116952671574
39|WEU,2p6,2100,0.02499299696387478
39|WEU,7p0,2025,0.01639196292053731
39|WEU,7p0,2030,0.019116715811302115
39|WEU,7p0,2035,0.021038806141710924
39|WEU,7p0,2040,0.023702383579427843
39|WEU,7p0,2045,0.02528187391692569
39|WEU,7p0,2050,0.025885083715223214
39|WEU,7p0,2055,0.026136607907852317
39|WEU,7p0,2060,0.026574682699706666
39|WEU,7p0,2065,0.026921603297488876
39|WEU,7p0,2070,0.0275506072341567
39|WEU,7p0,2075,0.028224708147597026
39|WEU,7p0,2080,0.028633239010823035
39|WEU,7p0,2085,0.02845218035056038
39|WEU,7p0,2090,0.02921994558924833
39|WEU,7p0,2095,0.02941330397907406
39|WEU,7p0,2100,0.029498155654726736
39|WEU,no_climate,2025,0.016424657375348206
39|WEU,no_climate,2030,0.019144326273054124
39|WEU,no_climate,2035,0.0216439398287264
39|WEU,no_climate,2040,0.02471644672210945
39|WEU,no_climate,2045,0.02687629737427495
39|WEU,no_climate,2050,0.028920176923697888
39|WEU,no_climate,2055,0.030696891668557075
39|WEU,no_climate,2060,0.031218512386560253
39|WEU,no_climate,2065,0.030247414836485163
39|WEU,no_climate,2070,0.029482820802130542
39|WEU,no_climate,2075,0.029326835316906986
39|WEU,no_climate,2080,0.02869528393711823
39|WEU,no_climate,2085,0.028137195147881523
39|WEU,no_climate,2090,0.028031260840797174
39|WEU,no_climate,2095,0.027612236752894898
39|WEU,no_climate,2100,0.02724557630930076
3|MEA,2p6,2025,1.1334419771123017
3|MEA,2p6,2030,1.3111967704703686
3|MEA,2p6,2035,1.5107433561441874
3|MEA,2p6,2040,1.6131616357751832
3|MEA,2p6,2045,1.8772465001580914
3|MEA,2p6,2050,2.3549354832764178
3|MEA,2p6,2055,2.98055384946436
3|MEA,2p6,2060,3.5618169687244263
3|MEA,2p6,2065,3.8861908132809635
3|MEA,2p6,2070,4.176453160300775
3|MEA,2p6,2075,4.271011063345401
3|MEA,2p6,2080,4.107743179434725
3|MEA,2p6,2085,4.153396606075716
3|MEA,2p6,2090,4.138734482602459
3|MEA,2p6,2095,4.079216828685729
3|MEA,2p6,2100,3.977323319564749
3|MEA,7p0,2025,0.9928534201800385
3|MEA,7p0,2030,1.1831081294286836
3|MEA,7p0,2035,1.3393610746046
3|MEA,7p0,2040,1.5020442854394997
3|MEA,7p0,2045,1.5996922204422868
3|MEA,7p0,2050,1.5805769117031054
3|MEA,7p0,2055,1.6855439874027895
3|MEA,7p0,2060,1.7321894522771897
3|MEA,7p0,2065,1.9140727130078334
3|MEA,7p0,2070,2.0875499264979855
3|MEA,7p0,2075,2.258171999166742
3|MEA,7p0,2080,2.5145868577058317
3|MEA,7p0,2085,2.596471375349438
3|MEA,7p0,2090,2.7182116689347193
3|MEA,7p0,2095,2.8249740975042323
3|MEA,7p0,2100,2.9508791498390115
3|MEA,no_climate,2025,1.06314769864617
3|MEA,no_climate,2030,1.2471524499495261
3|MEA,no_climate,2035,1.4250522153743939
3|MEA,no_climate,2040,1.5576029606073414
3|MEA,no_climate,2045,1.738469360300189
3|MEA,no_climate,2050,1.9677561974897615
3|MEA,no_climate,2055,2.3330489184335748
3|MEA,no_climate,2060,2.647003210500808
3|MEA,no_climate,2065,2.9001317631443984
3|MEA,no_climate,2070,3.1320015433993804
3|MEA,no_climate,2075,3.2645915312560714
3|MEA,no_climate,2080,3.3111650185702786
3|MEA,no_climate,2085,3.374933990712577
3|MEA,no_climate,2090,3.428473075768589
3|MEA,no_climate,2095,3.4520954630949805
3|MEA,no_climate,2100,3.4641012347018805
40|MEA,2p6,2025,2.6363357182031137
40|MEA,2p6,2030,3.049785475909815
40|MEA,2p6,2035,3.5139219750693504
40|MEA,2p6,2040,3.7521423465046992
40|MEA,2p6,2045,4.3663920166847765
40|MEA,2p6,2050,5.477475383824082
40|MEA,2p6,2055,6.932635928475174
40|MEA,2p6,2060,8.284628137978139
40|MEA,2p6,2065,9.039107299438149
40|MEA,2p6,2070,9.714244632049905
40|MEA,2p6,2075,9.934182116516508
40|MEA,2p6,2080,9.554428267020157
40|MEA,2p6,2085,9.660616110546693
40|MEA,2p6,2090,9.626512662291024
40|MEA,2p6,2095,9.488077241640655
40|MEA,2p6,2100,9.251077463113768
40|MEA,7p0,2025,2.309332976381744
40|MEA,7p0,2030,2.751856983500685
40|MEA,7p0,2035,3.1152943969368794
40|MEA,7p0,2040,3.493688322816263
40|MEA,7p0,2045,3.720813084431755
40|MEA,7p0,2050,3.6763517249522213
40|MEA,7p0,2055,3.920500482886381
40|MEA,7p0,2060,4.0289957633010625
40|MEA,7p0,2065,4.452048152827956
40|MEA,7p0,2070,4.8555484496703425
40|MEA,7p0,2075,5.252407815719675
40|MEA,7p0,2080,5.848817392826437
40|MEA,7p0,2085,6.0392771455009076
40|MEA,7p0,2090,6.32243966356919
40|MEA,7p0,2095,6.570764332571658
40|MEA,7p0,2100,6.86361389459165
40|MEA,no_climate,2025,2.472834347292429
40|MEA,no_climate,2030,2.90082122970525
40|MEA,no_climate,2035,3.314608186003115
40|MEA,no_climate,2040,3.6229153346604814
40|MEA,no_climate,2045,4.043602550558266
40|MEA,no_climate,2050,4.576913554388152
40|MEA,no_climate,2055,5.426568205680778
40|MEA,no_climate,2060,6.1568119506396
40|MEA,no_climate,2065,6.745577726133052
40|MEA,no_climate,2070,7.284896540860124
40|MEA,no_climate,2075,7.5932949661180915
40|MEA,no_climate,2080,7.701622829923297
40|MEA,no_climate,2085,7.8499466280238
40|MEA,no_climate,2090,7.974476162930107
40|MEA,no_climate,2095,8.029420787106156
40|MEA,no_climate,2100,8.057345678852709
41|WEU,2p6,2025,0.024759838838708813
41|WEU,2p6,2030,0.028843891087618062
41|WEU,2p6,2035,0.03347339719327295
41|WEU,2p6,2040,0.03871116593147991
41|WEU,2p6,2045,0.04283377220635564
41|WEU,2p6,2050,0.048076224333374336
41|WEU,2p6,2055,0.05304389129828596
41|WEU,2p6,2060,0.05395435543215148
41|WEU,2p6,2065,0.05051041521935866
41|WEU,2p6,2070,0.04726344773712983
41|WEU,2p6,2075,0.045779917386657945
41|WEU,2p6,2080,0.04326496968880696
41|WEU,2p6,2085,0.04185809731050026
41|WEU,2p6,2090,0.04038425288109309
41|WEU,2p6,2095,0.03883251718231603
41|WEU,2p6,2100,0.03760158884054771
41|WEU,7p0,2025,0.02466146220553095
41|WEU,7p0,2030,0.028760812036954603
41|WEU,7p0,2035,0.0316525680925765
41|WEU,7p0,2040,0.035659880373002745
41|WEU,7p0,2045,0.038036199880985604
41|WEU,7p0,2050,0.038943719969631134
41|WEU,7p0,2055,0.039322134342599714
41|WEU,7p0,2060,0.03998121129237589
41|WEU,7p0,2065,0.04050314812520065
41|WEU,7p0,2070,0.04144947510790927
41|WEU,7p0,2075,0.042463649815362645
41|WEU,7p0,2080,0.04307827836790887
41|WEU,7p0,2085,0.042805878330848195
41|WEU,7p0,2090,0.043960969609934786
41|WEU,7p0,2095,0.044251874405530384
41|WEU,7p0,2100,0.044379532478107074
41|WEU,no_climate,2025,0.024710650522119883
41|WEU,no_climate,2030,0.028802351562286332
41|WEU,no_climate,2035,0.032562982642924725
41|WEU,no_climate,2040,0.03718552315224133
41|WEU,no_climate,2045,0.04043498604367062
41|WEU,no_climate,2050,0.043509972151502735
41|WEU,no_climate,2055,0.046183012820442834
41|WEU,no_climate,2060,0.04696778336226368
41|WEU,no_climate,2065,0.04550678167227966
41|WEU,no_climate,2070,0.04435646142251955
41|WEU,no_climate,2075,0.044121783601010295
41|WEU,no_climate,2080,0.04317162402835792
41|WEU,no_climate,2085,0.042331987820674224
41|WEU,no_climate,2090,0.04217261124551394
41|WEU,no_climate,2095,0.04154219579392321
41|WEU,no_climate,2100,0.040990560659327394
42|FSU,2p6,2025,0.019584565093771523
42|FSU,2p6,2030,0.029087307456504966
42|FSU,2p6,2035,0.045778165917835366
42|FSU,2p6,2040,0.05970218578064792
42|FSU,2p6,2045,0.08788014742828874
42|FSU,2p6,2050,0.11288629102758152
42|FSU,2p6,2055,0.13825202293287422
42|FSU,2p6,2060,0.1750364848857357
42|FSU,2p6,2065,0.21096323787964436
42|FSU,2p6,2070,0.24814302226422522
42|FSU,2p6,2075,0.2586634224094607
42|FSU,2p6,2080,0.2571897159000731
42|FSU,2p6,2085,0.2490042259904912
42|FSU,2p6,2090,0.2399745550195731
42|FSU,2p6,2095,0.23782493600419702
42|FSU,2p6,2100,0.23401951025151901
42|FSU,7p0,2025,0.01910076115439898
42|FSU,7p0,2030,0.027315969658029057
42|FSU,7p0,2035,0.039168706337129156
42|FSU,7p0,2040,0.047021471007912756
42|FSU,7p0,2045,0.05283503075752781
42|FSU,7p0,2050,0.06011222688230579
42|FSU,7p0,2055,0.06543248503829356
42|FSU,7p0,2060,0.07024230080023607
42|FSU,7p0,2065,0.07349754564471812
42|FSU,7p0,2070,0.07863762620824938
42|FSU,7p0,2075,0.08414964291908045
42|FSU,7p0,2080,0.0874451330754757
42|FSU,7p0,2085,0.09228670646879172
42|FSU,7p0,2090,0.09829247223440593
42|FSU,7p0,2095,0.10532466770970032
42|FSU,7p0,2100,0.1129288857192831
42|FSU,no_climate,2025,0.019342663124085252
42|FSU,no_climate,2030,0.02820163855726701
42|FSU,no_climate,2035,0.042473436127482264
42|FSU,no_climate,2040,0.05336182839428034
42|FSU,no_climate,2045,0.07035758909290828
42|FSU,no_climate,2050,0.08649925895494365
42|FSU,no_climate,2055,0.10184225398558389
42|FSU,no_climate,2060,0.12263939284298589
42|FSU,no_climate,2065,0.14223039176218125
42|FSU,no_climate,2070,0.16339032423623728
42|FSU,no_climate,2075,0.17140653266427058
42|FSU,no_climate,2080,0.1723174244877744
42|FSU,no_climate,2085,0.17064546622964147
42|FSU,no_climate,2090,0.16913351362698953
42|FSU,no_climate,2095,0.17157480185694868
42|FSU,no_climate,2100,0.17347419798540106
43|FSU,2p6,2025,0.01171086507089947
43|FSU,2p6,2030,0.017393162996876075
43|FSU,2p6,2035,0.027373695647064183
43|FSU,2p6,2040,0.03569975839480325
43|FSU,2p6,2045,0.05254916532564431
43|FSU,2p6,2050,0.06750193921838636
43|FSU,2p6,2055,0.08266973397641061
43|FSU,2p6,2060,0.1046655183388929
43|FSU,2p6,2065,0.12614842361315928
43|FSU,2p6,2070,0.14838059656202063
43|FSU,2p6,2075,0.15467141721608288
43|FSU,2p6,2080,0.1537901937626689
43|FSU,2p6,2085,0.14889556539531193
43|FSU,2p6,2090,0.14349614713564018
43|FSU,2p6,2095,0.14221075232996666
43|FSU,2p6,2100,0.13993524468843566
43|FSU,7p0,2025,0.01142156772742344
43|FSU,7p0,2030,0.01633396674443886
43|FSU,7p0,2035,0.023421476694505953
43|FSU,7p0,2040,0.028117147343956317
43|FSU,7p0,2045,0.031593446842228354
43|FSU,7p0,2050,0.035944948216075585
43|FSU,7p0,2055,0.039126271115451076
43|FSU,7p0,2060,0.04200236783418331
43|FSU,7p0,2065,0.04394888709381162
43|FSU,7p0,2070,0.047022470277551104
43|FSU,7p0,2075,0.05031845789126711
43|FSU,7p0,2080,0.05228904239897701
43|FSU,7p0,2085,0.05518412903830262
43|FSU,7p0,2090,0.0587753608165821
43|FSU,7p0,2095,0.06298036061969506
43|FSU,7p0,2100,0.06752740931102642
43|FSU,no_climate,2025,0.011566216399161455
43|FSU,no_climate,2030,0.016863564870657467
43|FSU,no_climate,2035,0.025397586170785066
43|FSU,no_climate,2040,0.03190845286937978
43|FSU,no_climate,2045,0.04207130608393633
43|FSU,no_climate,2050,0.05172344371723098
43|FSU,no_climate,2055,0.06089800254593085
43|FSU,no_climate,2060,0.07333394308653811
43|FSU,no_climate,2065,0.08504865535348545
43|FSU,no_climate,2070,0.09770153341978587
43|FSU,no_climate,2075,0.102494937553675
43|FSU,no_climate,2080,0.10303961808082296
43|FSU,no_climate,2085,0.10203984721680728
43|FSU,no_climate,2090,0.10113575397611115
43|FSU,no_climate,2095,0.10259555647483086
43|FSU,no_climate,2100,0.10373132699973103
44|FSU,2p6,2025,0.046665810287373946
44|FSU,2p6,2030,0.06930880338861682
44|FSU,2p6,2035,0.10907953257052577
44|FSU,2p6,2040,0.1422574799104075
44|FSU,2p6,2045,0.20939950763671622
44|FSU,2p6,2050,0.26898377451403105
44|FSU,2p6,2055,0.3294248630562134
44|FSU,2p6,2060,0.41707433164519325
44|FSU,2p6,2065,0.5026800640894781
44|FSU,2p6,2070,0.5912715010863664
44|FSU,2p6,2075,0.6163393540090211
44|FSU,2p6,2080,0.6128278280671854
44|FSU,2p6,2085,0.5933235645106132
44|FSU,2p6,2090,0.571807798882492
44|FSU,2p6,2095,0.5666857186789559
44|FSU,2p6,2100,0.5576182068201586
44|FSU,7p0,2025,0.04551300945963315
44|FSU,7p0,2030,0.06508808603989101
44|FSU,7p0,2035,0.09333061063028857
44|FSU,7p0,2040,0.11204206143879919
44|FSU,7p0,2045,0.12589452510449115
44|FSU,7p0,2050,0.14323451974603177
44|FSU,7p0,2055,0.1559115517147497
44|FSU,7p0,2060,0.16737230914231258
44|FSU,7p0,2065,0.175128858119745
44|FSU,7p0,2070,0.1873765656021977
44|FSU,7p0,2075,0.20051051700203154
44|FSU,7p0,2080,0.20836296190984102
44|FSU,7p0,2085,0.21989939094888755
44|FSU,7p0,2090,0.23420984024947936
44|FSU,7p0,2095,0.25096605098903685
44|FSU,7p0,2100,0.26908526851160913
44|FSU,no_climate,2025,0.046089409873503545
44|FSU,no_climate,2030,0.06719844471425392
44|FSU,no_climate,2035,0.10120507160040718
44|FSU,no_climate,2040,0.12714977067460334
44|FSU,no_climate,2045,0.1676470163706037
44|FSU,no_climate,2050,0.20610914713003142
44|FSU,no_climate,2055,0.24266820738548156
44|FSU,no_climate,2060,0.29222332039375293
44|FSU,no_climate,2065,0.33890446110461153
44|FSU,no_climate,2070,0.38932403334428206
44|FSU,no_climate,2075,0.4084249355055263
44|FSU,no_climate,2080,0.4105953949885132
44|FSU,no_climate,2085,0.40661147772975037
44|FSU,no_climate,2090,0.40300881956598567
44|FSU,no_climate,2095,0.4088258848339964
44|FSU,no_climate,2100,0.41335173766588384
45|WEU,2p6,2025,0.7747370131371294
45|WEU,2p6,2030,0.9025272811363427
45|WEU,2p6,2035,1.0473848367916687
45|WEU,2p6,2040,1.2112749708985802
45|WEU,2p6,2045,1.3402715969486778
45|WEU,2p6,2050,1.504308274604721
45|WEU,2p6,2055,1.6597469061615135
45|WEU,2p6,2060,1.68823538979965
45|WEU,2p6,2065,1.580474270219556
45|WEU,2p6,2070,1.4788764405518355
45|WEU,2p6,2075,1.4324566766709004
45|WEU,2p6,2080,1.3537637950119512
45|WEU,2p6,2085,1.3097426642067516
45|WEU,2p6,2090,1.2636259734437008
45|WEU,2p6,2095,1.2150720596528997
45|WEU,2p6,2100,1.1765562295176677
45|WEU,7p0,2025,0.7716588017058195
45|WEU,7p0,2030,0.8999277320849711
45|WEU,7p0,2035,0.9904109724585399
45|WEU,7p0,2040,1.1158000417117495
45|WEU,7p0,2045,1.1901552380386307
45|WEU,7p0,2050,1.2185516023049439
45|WEU,7p0,2055,1.2303922133425045
45|WEU,7p0,2060,1.2510147751783613
45|WEU,7p0,2065,1.2673462135832325
45|WEU,7p0,2070,1.2969568481600842
45|WEU,7p0,2075,1.3286904425816797
45|WEU,7p0,2080,1.3479222110956175
45|WEU,7p0,2085,1.3393987957185796
45|WEU,7p0,2090,1.3755416790907138
45|WEU,7p0,2095,1.3846441095998598
45|WEU,7p0,2100,1.3886385392282259
45|WEU,no_climate,2025,0.7731979074214744
45|WEU,no_climate,2030,0.901227506610657
45|WEU,no_climate,2035,1.0188979046251043
45|WEU,no_climate,2040,1.1635375063051647
45|WEU,no_climate,2045,1.2652134174936542
45|WEU,no_climate,2050,1.3614299384548323
45|WEU,no_climate,2055,1.445069559752009
45|WEU,no_climate,2060,1.4696250824890056
45|WEU,no_climate,2065,1.4239102419013943
45|WEU,no_climate,2070,1.3879166443559598
45|WEU,no_climate,2075,1.38057355962629
45|WEU,no_climate,2080,1.3508430030537844
45|WEU,no_climate,2085,1.3245707299626654
45|WEU,no_climate,2090,1.3195838262672073
45|WEU,no_climate,2095,1.2998580846263796
45|WEU,no_climate,2100,1.2825973843729468
46|LAM,2p6,2025,0.0480320788629477
46|LAM,2p6,2030,0.06219466562125866
46|LAM,2p6,2035,0.08004161915776234
46|LAM,2p6,2040,0.10045759588294917
46|LAM,2p6,2045,0.1301262943578099
46|LAM,2p6,2050,0.1800492372356969
46|LAM,2p6,2055,0.20966109666028784
46|LAM,2p6,2060,0.22536472022568235
46|LAM,2p6,2065,0.2546036471583018
46|LAM,2p6,2070,0.2867283934883498
46|LAM,2p6,2075,0.32549387876482944
46|LAM,2p6,2080,0.32753681674375995
46|LAM,2p6,2085,0.3063872172897625
46|LAM,2p6,2090,0.27830303837829035
46|LAM,2p6,2095,0.2548640036528101
46|LAM,2p6,2100,0.2408285220561479
46|LAM,7p0,2025,0.04785834748982428
46|LAM,7p0,2030,0.06287065669231776
46|LAM,7p0,2035,0.07998095220205009
46|LAM,7p0,2040,0.09437044876061
46|LAM,7p0,2045,0.1101120060838353
46|LAM,7p0,2050,0.1299311573700165
46|LAM,7p0,2055,0.17346061341959917
46|LAM,7p0,2060,0.20866001327801503
46|LAM,7p0,2065,0.22549125378708681
46|LAM,7p0,2070,0.23567412394950077
46|LAM,7p0,2075,0.24278273674532103
46|LAM,7p0,2080,0.2492652760218701
46|LAM,7p0,2085,0.2584373299549272
46|LAM,7p0,2090,0.2636174117480536
46|LAM,7p0,2095,0.27437356648907607
46|LAM,7p0,2100,0.28123087513965295
46|LAM,no_climate,2025,0.04794521317638599
46|LAM,no_climate,2030,0.06253266115678821
46|LAM,no_climate,2035,0.08001128567990622
46|LAM,no_climate,2040,0.09741402232177959
46|LAM,no_climate,2045,0.12011915022082259
46|LAM,no_climate,2050,0.1549901973028567
46|LAM,no_climate,2055,0.19156085503994352
46|LAM,no_climate,2060,0.2170123667518487
46|LAM,no_climate,2065,0.24004745047269432
46|LAM,no_climate,2070,0.2612012587189253
46|LAM,no_climate,2075,0.2841383077550752
46|LAM,no_climate,2080,0.28840104638281505
46|LAM,no_climate,2085,0.28241227362234483
46|LAM,no_climate,2090,0.27096022506317197
46|LAM,no_climate,2095,0.26461878507094305
46|LAM,no_climate,2100,0.26102969859790043
47|WEU,2p6,2025,0.7370765315601349
47|WEU,2p6,2030,0.8586548296236202
47|WEU,2p6,2035,0.996470763136801
47|WEU,2p6,2040,1.1523940888022368
47|WEU,2p6,2045,1.275120103049263
47|WEU,2p6,2050,1.4311828486844238
47|WEU,2p6,2055,1.579065504960787
47|WEU,2p6,2060,1.606169144458244
47|WEU,2p6,2065,1.5036463645854903
47|WEU,2p6,2070,1.4069872730025428
47|WEU,2p6,2075,1.3628240047230862
47|WEU,2p6,2080,1.2879564363894382
47|WEU,2p6,2085,1.2460752020362933
47|WEU,2p6,2090,1.202200274288851
47|WEU,2p6,2095,1.15600659854632
47|WEU,2p6,2100,1.119363048535355
47|WEU,7p0,2025,0.7341479540341802
47|WEU,7p0,2030,0.8561816463809006
47|WEU,7p0,2035,0.942266436248901
47|WEU,7p0,2040,1.0615602594347446
47|WEU,7p0,2045,1.1323010002058194
47|WEU,7p0,2050,1.1593169983153968
47|WEU,7p0,2055,1.1705820293738431
47|WEU,7p0,2060,1.1902021147603759
47|WEU,7p0,2065,1.2057396710804322
47|WEU,7p0,2070,1.2339109130129995
47|WEU,7p0,2075,1.2641019163000278
47|WEU,7p0,2080,1.2823988157531996
47|WEU,7p0,2085,1.2742897292675621
47|WEU,7p0,2090,1.3086756830361086
47|WEU,7p0,2095,1.3173356383431116
47|WEU,7p0,2100,1.3211358960900794
47|WEU,no_climate,2025,0.7356122427971575
47|WEU,no_climate,2030,0.8574182380022604
47|WEU,no_climate,2035,0.969368599692851
47|WEU,no_climate,2040,1.1069771741184908
47|WEU,no_climate,2045,1.203710551627541
47|WEU,no_climate,2050,1.2952499234999104
47|WEU,no_climate,2055,1.3748237671673151
47|WEU,no_climate,2060,1.3981856296093098
47|WEU,no_climate,2065,1.3546930178329613
47|WEU,no_climate,2070,1.3204490930077712
47|WEU,no_climate,2075,1.3134629605115569
47|WEU,no_climate,2080,1.2851776260713188
47|WEU,no_climate,2085,1.2601824656519276
47|WEU,no_climate,2090,1.2554379786624796
47|WEU,no_climate,2095,1.2366711184447157
47|WEU,no_climate,2100,1.2202494723127173
48|WEU,2p6,2025,0.052835634337271384
48|WEU,2p6,2030,0.061550694747936514
48|WEU,2p6,2035,0.07142971267507026
48|WEU,2p6,2040,0.08260671732351918
48|WEU,2p6,2045,0.09140404912663819
48|WEU,2p6,2050,0.10259104777465745
48|WEU,2p6,2055,0.11319167554841646
48|WEU,2p6,2060,0.11513453755036587
48|WEU,2p6,2065,0.10778542809339839
48|WEU,2p6,2070,0.10085664363265916
48|WEU,2p6,2075,0.09769090141452992
48|WEU,2p6,2080,0.09232419213154065
48|WEU,2p6,2085,0.08932203226193722
48|WEU,2p6,2090,0.08617695907105521
48|WEU,2p6,2095,0.08286567176814681
48|WEU,2p6,2100,0.08023896324291288
48|WEU,7p0,2025,0.052625705999216475
48|WEU,7p0,2030,0.06137341030070983
48|WEU,7p0,2035,0.06754420028616663
48|WEU,7p0,2040,0.0760955033743292
48|WEU,7p0,2045,0.08116639052388604
48|WEU,7p0,2050,0.083102970154705
48|WEU,7p0,2055,0.08391047797284466
48|WEU,7p0,2060,0.08531689862628031
48|WEU,7p0,2065,0.08643067258199645
48|WEU,7p0,2070,0.08845006320677377
48|WEU,7p0,2075,0.09061423577454279
48|WEU,7p0,2080,0.09192580689045851
48|WEU,7p0,2085,0.09134452569370466
48|WEU,7p0,2090,0.09380940362952457
48|WEU,7p0,2095,0.0944301725895801
48|WEU,7p0,2100,0.09470258531757889
48|WEU,no_climate,2025,0.052730670168243926
48|WEU,no_climate,2030,0.06146205252432317
48|WEU,no_climate,2035,0.06948695648061845
48|WEU,no_climate,2040,0.0793511103489242
48|WEU,no_climate,2045,0.0862852198252621
48|WEU,no_climate,2050,0.09284700896468123
48|WEU,no_climate,2055,0.09855107676063056
48|WEU,no_climate,2060,0.10022571808832309
48|WEU,no_climate,2065,0.09710805033769743
48|WEU,no_climate,2070,0.09465335341971647
48|WEU,no_climate,2075,0.09415256859453636
48|WEU,no_climate,2080,0.09212499951099959
48|WEU,no_climate,2085,0.09033327897782094
48|WEU,no_climate,2090,0.08999318135028989
48|WEU,no_climate,2095,0.08864792217886346
48|WEU,no_climate,2100,0.08747077428024588
49|WEU,2p6,2025,0.057261068013377436
49|WEU,2p6,2030,0.06670608884402089
49|WEU,2p6,2035,0.07741255853112627
49|WEU,2p6,2040,0.0895257323651952
49|WEU,2p6,2045,0.09905991551702488
49|WEU,2p6,2050,0.11118392043311452
49|WEU,2p6,2055,0.12267244092788065
49|WEU,2p6,2060,0.1247780341440816
49|WEU,2p6,2065,0.11681337427519617
49|WEU,2p6,2070,0.1093042451953065
49|WEU,2p6,2075,0.10587334514576845
49|WEU,2p6,2080,0.1000571283232424
49|WEU,2p6,2085,0.09680351203498053
49|WEU,2p6,2090,0.09339501221948565
49|WEU,2p6,2095,0.089806376446641
49|WEU,2p6,2100,0.0869596587455792
49|WEU,7p0,2025,0.05703355639183497
49|WEU,7p0,2030,0.06651395531675859
49|WEU,7p0,2035,0.07320160143827496
49|WEU,7p0,2040,0.08246914887810701
49|WEU,7p0,2045,0.08796476594793193
49|WEU,7p0,2050,0.0900635505909966
49|WEU,7p0,2055,0.0909386940557399
49|WEU,7p0,2060,0.09246291439873268
49|WEU,7p0,2065,0.09366997639448128
49|WEU,7p0,2070,0.09585850815645128
49|WEU,7p0,2075,0.09820394858032616
49|WEU,7p0,2080,0.09962537493045616
49|WEU,7p0,2085,0.09899540649041152
49|WEU,7p0,2090,0.10166673891403104
49|WEU,7p0,2095,0.10233950255334744
49|WEU,7p0,2100,0.10263473216384242
49|WEU,no_climate,2025,0.0571473122026062
49|WEU,no_climate,2030,0.06661002208038974
49|WEU,no_climate,2035,0.07530707998470063
49|WEU,no_climate,2040,0.0859974406216511
49|WEU,no_climate,2045,0.09351234073247841
49|WEU,no_climate,2050,0.10062373551205556
49|WEU,no_climate,2055,0.10680556749181028
49|WEU,no_climate,2060,0.10862047427140714
49|WEU,no_climate,2065,0.10524167533483872
49|WEU,no_climate,2070,0.10258137667587888
49|WEU,no_climate,2075,0.10203864686304731
49|WEU,no_climate,2080,0.09984125162684929
49|WEU,no_climate,2085,0.09789945926269603
49|WEU,no_climate,2090,0.09753087556675835
49|WEU,no_climate,2095,0.09607293949999421
49|WEU,no_climate,2100,0.09479719545471081
4|MEA,2p6,2025,0.4172306908818514
4|MEA,2p6,2030,0.48266390823039035
4|MEA,2p6,2035,0.556118890033621
4|MEA,2p6,2040,0.5938200255414487
4|MEA,2p6,2045,0.6910321569455107
4|MEA,2p6,2050,0.866873980768629
4|MEA,2p6,2055,1.0971700068766401
4|MEA,2p6,2060,1.3111384478998795
4|MEA,2p6,2065,1.4305435220026865
4|MEA,2p6,2070,1.537391831867307
4|MEA,2p6,2075,1.572199488555797
4|MEA,2p6,2080,1.5120990393237854
4|MEA,2p6,2085,1.5289044966151002
4|MEA,2p6,2090,1.523507230561722
4|MEA,2p6,2095,1.5015982203390632
4|MEA,2p6,2100,1.464090257809535
4|MEA,7p0,2025,0.3654787159917253
4|MEA,7p0,2030,0.4355132703723356
4|MEA,7p0,2035,0.4930314544386844
4|MEA,7p0,2040,0.5529166799924914
4|MEA,7p0,2045,0.5888618066130862
4|MEA,7p0,2050,0.5818252810275526
4|MEA,7p0,2055,0.6204646524275828
4|MEA,7p0,2060,0.6376352883569444
4|MEA,7p0,2065,0.7045882335159284
4|MEA,7p0,2070,0.7684468333369435
4|MEA,7p0,2075,0.8312544288705482
4|MEA,7p0,2080,0.925643158722607
4|MEA,7p0,2085,0.9557856226147697
4|MEA,7p0,2090,1.0005993738490013
4|MEA,7p0,2095,1.0398996315876194
4|MEA,7p0,2100,1.0862464698307126
4|MEA,no_climate,2025,0.39135470343678835
4|MEA,no_climate,2030,0.459088589301363
4|MEA,no_climate,2035,0.5245751722361527
4|MEA,no_climate,2040,0.5733683527669701
4|MEA,no_climate,2045,0.6399469817792984
4|MEA,no_climate,2050,0.7243496308980908
4|MEA,no_climate,2055,0.8588173296521114
4|MEA,no_climate,2060,0.974386868128412
4|MEA,no_climate,2065,1.0675658777593076
4|MEA,no_climate,2070,1.1529193326021252
4|MEA,no_climate,2075,1.2017269587131727
4|MEA,no_climate,2080,1.2188710990231963
4|MEA,no_climate,2085,1.242345059614935
4|MEA,no_climate,2090,1.2620533022053617
4|MEA,no_climate,2095,1.2707489259633413
4|MEA,no_climate,2100,1.2751683638201237
4|WEU,2p6,2025,1.141425420833342
4|WEU,2p6,2030,1.3296997099869825
4|WEU,2p6,2035,1.5431193525509086
4|WEU,2p6,2040,1.784579825100066
4|WEU,2p6,2045,1.974631449946409
4|WEU,2p6,2050,2.216307826124026
4|WEU,2p6,2055,2.4453166412831733
4|WEU,2p6,2060,2.4872889220367305
4|WEU,2p6,2065,2.3285237163211625
4|WEU,2p6,2070,2.178838928428234
4|WEU,2p6,2075,2.110448367987304
4|WEU,2p6,2080,1.9945095990359671
4|WEU,2p6,2085,1.9296529613604014
4|WEU,2p6,2090,1.861708920648435
4|WEU,2p6,2095,1.7901741023268514
4|WEU,2p6,2100,1.7334284623543474
4|WEU,7p0,2025,1.136890270558064
4|WEU,7p0,2030,1.325869776319655
4|WEU,7p0,2035,1.4591793626314742
4|WEU,7p0,2040,1.6439159489999287
4|WEU,7p0,2045,1.7534639760328568
4|WEU,7p0,2050,1.7953005366762764
4|WEU,7p0,2055,1.8127453911330742
4|WEU,7p0,2060,1.8431287546783863
4|WEU,7p0,2065,1.867189976277456
4|WEU,7p0,2070,1.9108155298006655
4|WEU,7p0,2075,1.9575688548038856
4|WEU,7p0,2080,1.9859031528910551
4|WEU,7p0,2085,1.9733455458338192
4|WEU,7p0,2090,2.02659510686372
4|WEU,7p0,2095,2.0400057809354766
4|WEU,7p0,2100,2.045890801842229
4|WEU,no_climate,2025,1.139157845695703
4|WEU,no_climate,2030,1.3277847431533187
4|WEU,no_climate,2035,1.5011493575911914
4|WEU,no_climate,2040,1.7142478870499973
4|WEU,no_climate,2045,1.864047712989633
4|WEU,no_climate,2050,2.0058041814001513
4|WEU,no_climate,2055,2.1290310162081236
4|WEU,no_climate,2060,2.1652088383575583
4|WEU,no_climate,2065,2.097856846299309
4|WEU,no_climate,2070,2.04482722911445
4|WEU,no_climate,2075,2.0340086113955946
4|WEU,no_climate,2080,1.9902063759635111
4|WEU,no_climate,2085,1.9514992535971103
4|WEU,no_climate,2090,1.9441520137560775
4|WEU,no_climate,2095,1.915089941631164
4|WEU,no_climate,2100,1.8896596320982884
50|MEA,2p6,2025,0.2084548039254367
50|MEA,2p6,2030,0.24114623528627735
50|MEA,2p6,2035,0.2778454622697375
50|MEA,2p6,2040,0.29668152342679177
50|MEA,2p6,2045,0.34525018396366924
50|MEA,2p6,2050,0.43310343567309123
50|MEA,2p6,2055,0.5481628357035334
50|MEA,2p6,2060,0.6550647256998305
50|MEA,2p6,2065,0.7147213182127029
50|MEA,2p6,2070,0.7681043601828846
50|MEA,2p6,2075,0.785494795279515
50|MEA,2p6,2080,0.7554676960409374
50|MEA,2p6,2085,0.7638639583032703
50|MEA,2p6,2090,0.7611674020300192
50|MEA,2p6,2095,0.750221327040876
50|MEA,2p6,2100,0.731481778044109
50|MEA,7p0,2025,0.18259872954204429
50|MEA,7p0,2030,0.21758905892207905
50|MEA,7p0,2035,0.24632601917866082
50|MEA,7p0,2040,0.27624558939164
50|MEA,7p0,2045,0.29420432178003203
50|MEA,7p0,2050,0.2906887664929832
50|MEA,7p0,2055,0.3099935845828784
50|MEA,7p0,2060,0.31857229565124434
50|MEA,7p0,2065,0.3520230061582974
50|MEA,7p0,2070,0.3839277346347846
50|MEA,7p0,2075,0.4153073653717122
50|MEA,7p0,2080,0.4624654115175879
50|MEA,7p0,2085,0.47752504528323914
50|MEA,7p0,2090,0.4999146775199059
50|MEA,7p0,2095,0.519549684484057
50|MEA,7p0,2100,0.5427052703258084
50|MEA,no_climate,2025,0.19552676673374048
50|MEA,no_climate,2030,0.2293676471041782
50|MEA,no_climate,2035,0.26208574072419916
50|MEA,no_climate,2040,0.2864635564092159
50|MEA,no_climate,2045,0.31972725287185066
50|MEA,no_climate,2050,0.3618961010830372
50|MEA,no_climate,2055,0.4290782101432059
50|MEA,no_climate,2060,0.48681851067553744
50|MEA,no_climate,2065,0.5333721621855001
50|MEA,no_climate,2070,0.5760160474088346
50|MEA,no_climate,2075,0.6004010803256137
50|MEA,no_climate,2080,0.6089665537792627
50|MEA,no_climate,2085,0.6206945017932547
50|MEA,no_climate,2090,0.6305410397749626
50|MEA,no_climate,2095,0.6348855057624665
50|MEA,no_climate,2100,0.6370935241849587
50|SAS,2p6,2025,0.0466588895780937
50|SAS,2p6,2030,0.06683324244283002
50|SAS,2p6,2035,0.09238068524812745
50|SAS,2p6,2040,0.12352493169948671
50|SAS,2p6,2045,0.154019086396397
50|SAS,2p6,2050,0.18409282158163842
50|SAS,2p6,2055,0.21903393677865737
50|SAS,2p6,2060,0.26664712246092853
50|SAS,2p6,2065,0.36592680115940046
50|SAS,2p6,2070,0.5882914206543534
50|SAS,2p6,2075,0.7007415058906075
50|SAS,2p6,2080,0.852743818298386
50|SAS,2p6,2085,1.0873058224558865
50|SAS,2p6,2090,1.0973251248977067
50|SAS,2p6,2095,1.022527095311348
50|SAS,2p6,2100,0.8924169908618317
50|SAS,7p0,2025,0.042312770951596815
50|SAS,7p0,2030,0.049970961644447184
50|SAS,7p0,2035,0.05511764477401718
50|SAS,7p0,2040,0.06361809615108718
50|SAS,7p0,2045,0.07443168724404105
50|SAS,7p0,2050,0.0894823692342329
50|SAS,7p0,2055,0.10842733717315423
50|SAS,7p0,2060,0.12708576355897724
50|SAS,7p0,2065,0.141561701920338
50|SAS,7p0,2070,0.15753978671785682
50|SAS,7p0,2075,0.17222870373773264
50|SAS,7p0,2080,0.19561049539650635
50|SAS,7p0,2085,0.2159196043078289
50|SAS,7p0,2090,0.23495413300635143
50|SAS,7p0,2095,0.24702520565722266
50|SAS,7p0,2100,0.2604690233149267
50|SAS,no_climate,2025,0.04448583026484526
50|SAS,no_climate,2030,0.058402102043638604
50|SAS,no_climate,2035,0.07374916501107232
50|SAS,no_climate,2040,0.09357151392528695
50|SAS,no_climate,2045,0.11422538682021902
50|SAS,no_climate,2050,0.13678759540793567
50|SAS,no_climate,2055,0.16373063697590579
50|SAS,no_climate,2060,0.19686644300995287
50|SAS,no_climate,2065,0.25374425153986924
50|SAS,no_climate,2070,0.3729156036861051
50|SAS,no_climate,2075,0.43648510481417
50|SAS,no_climate,2080,0.5241771568474461
50|SAS,no_climate,2085,0.6516127133818577
50|SAS,no_climate,2090,0.666139628952029
50|SAS,no_climate,2095,0.6347761504842854
50|SAS,no_climate,2100,0.5764430070883793
51|FSU,2p6,2025,0.03096789770707727
51|FSU,2p6,2030,0.045994014039853474
51|FSU,2p6,2035,0.0723862670717152
51|FSU,2p6,2040,0.09440348423831059
51|FSU,2p6,2045,0.13895960431143922
51|FSU,2p6,2050,0.17850031881408918
51|FSU,2p6,2055,0.2186096287296854
51|FSU,2p6,2060,0.276774691344651
51|FSU,2p6,2065,0.33358351024544075
51|FSU,2p6,2070,0.392373672502302
51|FSU,2p6,2075,0.40900895002698834
51|FSU,2p6,2080,0.4066786663462196
51|FSU,2p6,2085,0.39373544228234375
51|FSU,2p6,2090,0.3794573653571182
51|FSU,2p6,2095,0.3760583017854423
51|FSU,2p6,2100,0.3700410103686271
51|FSU,7p0,2025,0.030202887566028243
51|FSU,7p0,2030,0.04319310385955405
51|FSU,7p0,2035,0.06193512520492612
51|FSU,7p0,2040,0.07435223081223503
51|FSU,7p0,2045,0.0835448640301826
51|FSU,7p0,2050,0.09505185762985843
51|FSU,7p0,2055,0.10346446263594408
51|FSU,7p0,2060,0.11106993571091647
51|FSU,7p0,2065,0.11621725906850644
51|FSU,7p0,2070,0.1243449600583127
51|FSU,7p0,2075,0.13306078136164118
51|FSU,7p0,2080,0.13827174221623706
51|FSU,7p0,2085,0.1459274317282396
51|FSU,7p0,2090,0.15542398878690802
51|FSU,7p0,2095,0.1665435775596169
51|FSU,7p0,2100,0.17856767124439146
51|FSU,no_climate,2025,0.030585392636552758
51|FSU,no_climate,2030,0.044593558949703765
51|FSU,no_climate,2035,0.06716069613832065
51|FSU,no_climate,2040,0.08437785752527281
51|FSU,no_climate,2045,0.11125223417081091
51|FSU,no_climate,2050,0.1367760882219738
51|FSU,no_climate,2055,0.16103704568281474
51|FSU,no_climate,2060,0.19392231352778372
51|FSU,no_climate,2065,0.2249003846569736
51|FSU,no_climate,2070,0.25835931628030734
51|FSU,no_climate,2075,0.2710348656943148
51|FSU,no_climate,2080,0.2724752042812283
51|FSU,no_climate,2085,0.26983143700529166
51|FSU,no_climate,2090,0.26744067707201313
51|FSU,no_climate,2095,0.2713009396725296
51|FSU,no_climate,2100,0.2743043408065093
51|WEU,2p6,2025,0.0002628348590952427
51|WEU,2p6,2030,0.00030618858624880963
51|WEU,2p6,2035,0.00035533250810092053
51|WEU,2p6,2040,0.00041093336306803174
51|WEU,2p6,2045,0.0004546963554857413
51|WEU,2p6,2050,0.0005103469263595851
51|WEU,2p6,2055,0.0005630805509707996
51|WEU,2p6,2060,0.0005727454649427636
51|WEU,2p6,2065,0.0005361867641184798
51|WEU,2p6,2070,0.0005017190017781108
51|WEU,2p6,2075,0.0004859707776814257
51|WEU,2p6,2080,0.00045927367645622904
51|WEU,2p6,2085,0.00044433920512440696
51|WEU,2p6,2090,0.0004286938006670109
51|WEU,2p6,2095,0.0004122215515381714
51|WEU,2p6,2100,0.0003991547913151922
51|WEU,7p0,2025,0.00026179055470020984
51|WEU,7p0,2030,0.0003053066713576368
51|WEU,7p0,2035,0.00033600373285179116
51|WEU,7p0,2040,0.00037854283681921396
51|WEU,7p0,2045,0.0004037683484679207
51|WEU,7p0,2050,0.0004134020103095456
51|WEU,7p0,2055,0.00041741901902461514
51|WEU,7p0,2060,0.0004244153649360644
51|WEU,7p0,2065,0.0004299559177161433
51|WEU,7p0,2070,0.00044000152911040624
51|WEU,7p0,2075,0.00045076736923028353
51|WEU,7p0,2080,0.0004572918789436441
51|WEU,7p0,2085,0.0004544002516667149
51|WEU,7p0,2090,0.00046666197338302235
51|WEU,7p0,2095,0.00046975003552504906
51|WEU,7p0,2100,0.00047110517324370046
51|WEU,no_climate,2025,0.00026231270689772623
51|WEU,no_climate,2030,0.00030574762880322323
51|WEU,no_climate,2035,0.0003456681204763558
51|WEU,no_climate,2040,0.0003947380999436229
51|WEU,no_climate,2045,0.000429232351976831
51|WEU,no_climate,2050,0.0004618744683345654
51|WEU,no_climate,2055,0.0004902497849977074
51|WEU,no_climate,2060,0.000498580414939414
51|WEU,no_climate,2065,0.00048307134091731154
51|WEU,no_climate,2070,0.0004708602654442585
51|WEU,no_climate,2075,0.0004683690734558546
51|WEU,no_climate,2080,0.00045828277769993653
51|WEU,no_climate,2085,0.0004493697283955609
51|WEU,no_climate,2090,0.00044767788702501665
51|WEU,no_climate,2095,0.00044098579353161023
51|WEU,no_climate,2100,0.00043512998227944634
52|NAM,2p6,2025,0.05797119349659703
52|NAM,2p6,2030,0.09013861920108907
52|NAM,2p6,2035,0.0986022020159616
52|NAM,2p6,2040,0.09632737035171213
52|NAM,2p6,2045,0.09273313056933762
52|NAM,2p6,2050,0.09314190044235714
52|NAM,2p6,2055,0.09013099819010362
52|NAM,2p6,2060,0.08895589777138457
52|NAM,2p6,2065,0.08594175715461551
52|NAM,2p6,2070,0.08547842211356735
52|NAM,2p6,2075,0.08443516978491765
52|NAM,2p6,2080,0.08340962918763244
52|NAM,2p6,2085,0.08187152722696527
52|NAM,2p6,2090,0.08011656549479648
52|NAM,2p6,2095,0.07833835557974295
52|NAM,2p6,2100,0.07559981176490664
52|NAM,7p0,2025,0.05748771387872218
52|NAM,7p0,2030,0.08877634059290192
52|NAM,7p0,2035,0.0987146538101901
52|NAM,7p0,2040,0.10429038163189246
52|NAM,7p0,2045,0.10773001002991807
52|NAM,7p0,2050,0.11331224544674118
52|NAM,7p0,2055,0.11826242156478049
52|NAM,7p0,2060,0.12176201057498073
52|NAM,7p0,2065,0.12517601556787977
52|NAM,7p0,2070,0.12885037780080527
52|NAM,7p0,2075,0.1323578861088864
52|NAM,7p0,2080,0.13525387932463828
52|NAM,7p0,2085,0.1382426799749032
52|NAM,7p0,2090,0.14578896181635548
52|NAM,7p0,2095,0.14952755153017772
52|NAM,7p0,2100,0.15036970516180764
52|NAM,no_climate,2025,0.05772945368765961
52|NAM,no_climate,2030,0.08945747989699548
52|NAM,no_climate,2035,0.09865842791307584
52|NAM,no_climate,2040,0.1003088759918023
52|NAM,no_climate,2045,0.10023157029962784
52|NAM,no_climate,2050,0.10322707294454916
52|NAM,no_climate,2055,0.10419670987744206
52|NAM,no_climate,2060,0.10535895417318265
52|NAM,no_climate,2065,0.10555888636124763
52|NAM,no_climate,2070,0.10716439995718631
52|NAM,no_climate,2075,0.10839652794690202
52|NAM,no_climate,2080,0.10933175425613537
52|NAM,no_climate,2085,0.11005710360093424
52|NAM,no_climate,2090,0.11295276365557598
52|NAM,no_climate,2095,0.11393295355496033
52|NAM,no_climate,2100,0.11298475846335715
53|CHN,2p6,2025,0.003212079606713873
53|CHN,2p6,2030,0.0040122668277362715
53|CHN,2p6,2035,0.004745179245260494
53|CHN,2p6,2040,0.005650720509430518
53|CHN,2p6,2045,0.007217438965033267
53|CHN,2p6,2050,0.008737126804301703
53|CHN,2p6,2055,0.009281803589678323
53|CHN,2p6,2060,0.011183414927484621
53|CHN,2p6,2065,0.01549282772436997
53|CHN,2p6,2070,0.015411178637972837
53|CHN,2p6,2075,0.0135935599168781
53|CHN,2p6,2080,0.011859946044376698
53|CHN,2p6,2085,0.010636765188900905
53|CHN,2p6,2090,0.009475340185150782
53|CHN,2p6,2095,0.008432083089847116
53|CHN,2p6,2100,0.007688973806050188
53|CHN,7p0,2025,0.0032196667422832504
53|CHN,7p0,2030,0.003932504001121765
53|CHN,7p0,2035,0.0044929215173241215
53|CHN,7p0,2040,0.00459656995804667
53|CHN,7p0,2045,0.004676196498775854
53|CHN,7p0,2050,0.0045071476814467736
53|CHN,7p0,2055,0.004330253033853281
53|CHN,7p0,2060,0.004259986124778859
53|CHN,7p0,2065,0.004174264396825136
53|CHN,7p0,2070,0.004110899430509504
53|CHN,7p0,2075,0.004065144155950877
53|CHN,7p0,2080,0.003976697464750659
53|CHN,7p0,2085,0.003824347485777903
53|CHN,7p0,2090,0.0037497163494308993
53|CHN,7p0,2095,0.003745328546154723
53|CHN,7p0,2100,0.003744260798815322
53|CHN,no_climate,2025,0.0032158731744985616
53|CHN,no_climate,2030,0.003972385414429018
53|CHN,no_climate,2035,0.004619050381292308
53|CHN,no_climate,2040,0.005123645233738594
53|CHN,no_climate,2045,0.0059468177319045605
53|CHN,no_climate,2050,0.006622137242874238
53|CHN,no_climate,2055,0.006806028311765803
53|CHN,no_climate,2060,0.00772170052613174
53|CHN,no_climate,2065,0.009833546060597553
53|CHN,no_climate,2070,0.009761039034241172
53|CHN,no_climate,2075,0.008829352036414488
53|CHN,no_climate,2080,0.007918321754563678
53|CHN,no_climate,2085,0.007230556337339404
53|CHN,no_climate,2090,0.006612528267290841
53|CHN,no_climate,2095,0.006088705818000919
53|CHN,no_climate,2100,0.005716617302432755
53|SAS,2p6,2025,0.4862777467494256
53|SAS,2p6,2030,0.6965343332627434
53|SAS,2p6,2035,0.9627891248984731
53|SAS,2p6,2040,1.287373660139668
53|SAS,2p6,2045,1.6051829558414663
53|SAS,2p6,2050,1.9186106502091471
53|SAS,2p6,2055,2.2827660538322925
53|SAS,2p6,2060,2.7789894500274572
53|SAS,2p6,2065,3.81367970716907
53|SAS,2p6,2070,6.13115805057925
53|SAS,2p6,2075,7.303109945811228
53|SAS,2p6,2080,8.887274135030594
53|SAS,2p6,2085,11.331873307581217
53|SAS,2p6,2090,11.43629421985464
53|SAS,2p6,2095,10.656751079898985
53|SAS,2p6,2100,9.300746918780922
53|SAS,7p0,2025,0.44098261024041485
53|SAS,7p0,2030,0.5207960766124289
53|SAS,7p0,2035,0.5744346757756545
53|SAS,7p0,2040,0.6630261613290391
53|SAS,7p0,2045,0.7757251294892261
53|SAS,7p0,2050,0.9325829499691382
53|SAS,7p0,2055,1.1300269184150575
53|SAS,7p0,2060,1.324484558166688
53|SAS,7p0,2065,1.4753524153338469
53|SAS,7p0,2070,1.641875604011629
53|SAS,7p0,2075,1.7949631192783464
53|SAS,7p0,2080,2.0386475503825796
53|SAS,7p0,2085,2.250308560946434
53|SAS,7p0,2090,2.4486859293247103
53|SAS,7p0,2095,2.5744903379292006
53|SAS,7p0,2100,2.7146014596771075
53|SAS,no_climate,2025,0.4636301784949202
53|SAS,no_climate,2030,0.6086652049375861
53|SAS,no_climate,2035,0.7686119003370638
53|SAS,no_climate,2040,0.9751999107343535
53|SAS,no_climate,2045,1.1904540426653463
53|SAS,no_climate,2050,1.4255968000891426
53|SAS,no_climate,2055,1.706396486123675
53|SAS,no_climate,2060,2.0517370040970726
53|SAS,no_climate,2065,2.6445160612514584
53|SAS,no_climate,2070,3.8865168272954396
53|SAS,no_climate,2075,4.549036532544787
53|SAS,no_climate,2080,5.462960842706587
53|SAS,no_climate,2085,6.791090934263826
53|SAS,no_climate,2090,6.942490074589675
53|SAS,no_climate,2095,6.615620708914093
53|SAS,no_climate,2100,6.007674189229014
54|CHN,2p6,2025,0.608331406887986
54|CHN,2p6,2030,0.7598777810565714
54|CHN,2p6,2035,0.898683071294791
54|CHN,2p6,2040,1.0701823050236974
54|CHN,2p6,2045,1.3669009916658532
54|CHN,2p6,2050,1.6547126135697439
54|CHN,2p6,2055,1.7578682123459421
54|CHN,2p6,2060,2.118011808433627
54|CHN,2p6,2065,2.9341656621895553
54|CHN,2p6,2070,2.918702252286741
54|CHN,2p6,2075,2.57446590413449
54|CHN,2p6,2080,2.2461391204971966
54|CHN,2p6,2085,2.014482554721328
54|CHN,2p6,2090,1.794521846073445
54|CHN,2p6,2095,1.596940797582175
54|CHN,2p6,2100,1.4562043366492574
54|CHN,7p0,2025,0.609768324218902
54|CHN,7p0,2030,0.7447716073395987
54|CHN,7p0,2035,0.8509083218106416
54|CHN,7p0,2040,0.8705381596374194
54|CHN,7p0,2045,0.8856185223551305
54|CHN,7p0,2050,0.8536025957686292
54|CHN,7p0,2055,0.820100758013246
54|CHN,7p0,2060,0.8067930032597314
54|CHN,7p0,2065,0.7905582812877231
54|CHN,7p0,2070,0.778557676126622
54|CHN,7p0,2075,0.7698921466401745
54|CHN,7p0,2080,0.7531413475690828
54|CHN,7p0,2085,0.7242879913651661
54|CHN,7p0,2090,0.7101537015185738
54|CHN,7p0,2095,0.709322701398102
54|CHN,7p0,2100,0.7091204821754461
54|CHN,no_climate,2025,0.609049865553444
54|CHN,no_climate,2030,0.752324694198085
54|CHN,no_climate,2035,0.8747956965527163
54|CHN,no_climate,2040,0.9703602323305585
54|CHN,no_climate,2045,1.1262597570104917
54|CHN,no_climate,2050,1.2541576046691865
54|CHN,no_climate,2055,1.288984485179594
54|CHN,no_climate,2060,1.4624024058466791
54|CHN,no_climate,2065,1.8623619717386393
54|CHN,no_climate,2070,1.8486299642066815
54|CHN,no_climate,2075,1.672179025387332
54|CHN,no_climate,2080,1.4996402340331396
54|CHN,no_climate,2085,1.369385273043247
54|CHN,no_climate,2090,1.2523377737960093
54|CHN,no_climate,2095,1.1531317494901385
54|CHN,no_climate,2100,1.0826624094123518
54|FSU,2p6,2025,0.03717993520893714
54|FSU,2p6,2030,0.05522023090414332
54|FSU,2p6,2035,0.08690666525703904
54|FSU,2p6,2040,0.1133404488957662
54|FSU,2p6,2045,0.16683435000426655
54|FSU,2p6,2050,0.21430677506938908
54|FSU,2p6,2055,0.26246185353298923
54|FSU,2p6,2060,0.33229459710195186
54|FSU,2p6,2065,0.4004990398447637
54|FSU,2p6,2070,0.4710822755654586
54|FSU,2p6,2075,0.4910545238078435
54|FSU,2p6,2080,0.4882567944595698
54|FSU,2p6,2085,0.4727172109643789
54|FSU,2p6,2090,0.4555750084161321
54|FSU,2p6,2095,0.45149410616821856
54|FSU,2p6,2100,0.444269769949898
54|FSU,7p0,2025,0.03626146706662335
54|FSU,7p0,2030,0.05185746924642234
54|FSU,7p0,2035,0.07435906576733181
54|FSU,7p0,2040,0.08926699352946621
54|FSU,7p0,2045,0.10030363252497365
54|FSU,7p0,2050,0.11411888341905765
54|FSU,7p0,2055,0.12421902363597537
54|FSU,7p0,2060,0.1333501244564281
54|FSU,7p0,2065,0.13952998047199827
54|FSU,7p0,2070,0.14928806605652767
54|FSU,7p0,2075,0.15975224655775586
54|FSU,7p0,2080,0.16600850549992827
54|FSU,7p0,2085,0.17519989597558666
54|FSU,7p0,2090,0.18660142472929908
54|FSU,7p0,2095,0.19995155892406746
54|FSU,7p0,2100,0.21438763813017836
54|FSU,no_climate,2025,0.03672070113778025
54|FSU,no_climate,2030,0.05353885007528283
54|FSU,no_climate,2035,0.08063286551218543
54|FSU,no_climate,2040,0.1013037212126162
54|FSU,no_climate,2045,0.1335689912646201
54|FSU,no_climate,2050,0.16421282924422337
54|FSU,no_climate,2055,0.1933404385844823
54|FSU,no_climate,2060,0.23282236077919
54|FSU,no_climate,2065,0.27001451015838096
54|FSU,no_climate,2070,0.31018517081099317
54|FSU,no_climate,2075,0.32540338518279965
54|FSU,no_climate,2080,0.32713264997974906
54|FSU,no_climate,2085,0.3239585534699828
54|FSU,no_climate,2090,0.3210882165727156
54|FSU,no_climate,2095,0.325722832546143
54|FSU,no_climate,2100,0.32932870404003817
55|NAM,2p6,2025,0.6488607100514509
55|NAM,2p6,2030,1.0089046805860442
55|NAM,2p6,2035,1.103635977694147
55|NAM,2p6,2040,1.0781742129816596
55|NAM,2p6,2045,1.037944560345241
55|NAM,2p6,2050,1.0425198449660529
55|NAM,2p6,2055,1.0088193800375982
55|NAM,2p6,2060,0.9956667011624161
55|NAM,2p6,2065,0.9619299898265264
55|NAM,2p6,2070,0.9567439675007332
55|NAM,2p6,2075,0.9450670396008409
55|NAM,2p6,2080,0.9335883557924743
55|NAM,2p6,2085,0.9163726686531607
55|NAM,2p6,2090,0.8967297107120755
55|NAM,2p6,2095,0.8768265402146473
55|NAM,2p6,2100,0.846174532259938
55|NAM,7p0,2025,0.6434492132505769
55|NAM,7p0,2030,0.9936569512970465
55|NAM,7p0,2035,1.1048946295632678
55|NAM,7p0,2040,1.1673027066654893
55|NAM,7p0,2045,1.2058018230376069
55|NAM,7p0,2050,1.2682827384330577
55|NAM,7p0,2055,1.3236891324901212
55|NAM,7p0,2060,1.3628593767629096
55|NAM,7p0,2065,1.4010716951610414
55|NAM,7p0,2070,1.4421981433785032
55|NAM,7p0,2075,1.4814570268690856
55|NAM,7p0,2080,1.5138713364759293
55|NAM,7p0,2085,1.547324422313242
55|NAM,7p0,2090,1.631788541448214
55|NAM,7p0,2095,1.673633875828714
55|NAM,7p0,2100,1.6830599436812566
55|NAM,no_climate,2025,0.6461549616510138
55|NAM,no_climate,2030,1.0012808159415454
55|NAM,no_climate,2035,1.1042653036287073
55|NAM,no_climate,2040,1.1227384598235743
55|NAM,no_climate,2045,1.121873191691424
55|NAM,no_climate,2050,1.1554012916995553
55|NAM,no_climate,2055,1.1662542562638598
55|NAM,no_climate,2060,1.1792630389626628
55|NAM,no_climate,2065,1.1815008424937838
55|NAM,no_climate,2070,1.1994710554396182
55|NAM,no_climate,2075,1.2132620332349633
55|NAM,no_climate,2080,1.2237298461342019
55|NAM,no_climate,2085,1.2318485454832013
55|NAM,no_climate,2090,1.2642591260801448
55|NAM,no_climate,2095,1.2752302080216806
55|NAM,no_climate,2100,1.2646172379705973
56|NAM,2p6,2025,0.6881103599656689
56|NAM,2p6,2030,1.0699334266580298
56|NAM,2p6,2035,1.1703950295001906
56|NAM,2p6,2040,1.1433930800674972
56|NAM,2p6,2045,1.1007299316781538
56|NAM,2p6,2050,1.1055819757279817
56|NAM,2p6,2055,1.0698429662707891
56|NAM,2p6,2060,1.0558946805214535
56|NAM,2p6,2065,1.0201172321079781
56|NAM,2p6,2070,1.0146175067676835
56|NAM,2p6,2075,1.0022342403192481
56|NAM,2p6,2080,0.9900612097674661
56|NAM,2p6,2085,0.9718041439735609
56|NAM,2p6,2090,0.9509729815218247
56|NAM,2p6,2095,0.9298658662299196
56|NAM,2p6,2100,0.8973597152168414
56|NAM,7p0,2025,0.6823715211765131
56|NAM,7p0,2030,1.0537633606836556
56|NAM,7p0,2035,1.1717298173480533
56|NAM,7p0,2040,1.2379129653401233
56|NAM,7p0,2045,1.2787408971516787
56|NAM,7p0,2050,1.3450012894326955
56|NAM,7p0,2055,1.4037592218647308
56|NAM,7p0,2060,1.4452988781714817
56|NAM,7p0,2065,1.4858226635706258
56|NAM,7p0,2070,1.529436854796325
56|NAM,7p0,2075,1.5710705121161108
56|NAM,7p0,2080,1.6054455665863303
56|NAM,7p0,2085,1.6409222329661615
56|NAM,7p0,2090,1.7304955952021643
56|NAM,7p0,2095,1.7748721580875428
56|NAM,7p0,2100,1.7848684097369294
56|NAM,no_climate,2025,0.6852409405710911
56|NAM,no_climate,2030,1.0618483936708427
56|NAM,no_climate,2035,1.171062423424122
56|NAM,no_climate,2040,1.1906530227038101
56|NAM,no_climate,2045,1.1897354144149164
56|NAM,no_climate,2050,1.2252916325803387
56|NAM,no_climate,2055,1.23680109406776
56|NAM,no_climate,2060,1.2505967793464676
56|NAM,no_climate,2065,1.252969947839302
56|NAM,no_climate,2070,1.2720271807820043
56|NAM,no_climate,2075,1.2866523762176794
56|NAM,no_climate,2080,1.2977533881768983
56|NAM,no_climate,2085,1.3063631884698612
56|NAM,no_climate,2090,1.3407342883619946
56|NAM,no_climate,2095,1.3523690121587313
56|NAM,no_climate,2100,1.3411140624768854
57|AFR,2p6,2025,0.01907246772994851
57|AFR,2p6,2030,0.027052351649378182
57|AFR,2p6,2035,0.038001282297511194
57|AFR,2p6,2040,0.054728118456538806
57|AFR,2p6,2045,0.07895714721709424
57|AFR,2p6,2050,0.10789803210506037
57|AFR,2p6,2055,0.14477577925692786
57|AFR,2p6,2060,0.18991603519342642
57|AFR,2p6,2065,0.24437233897289853
57|AFR,2p6,2070,0.31016138637987756
57|AFR,2p6,2075,0.4001308419536654
57|AFR,2p6,2080,0.45879344499982067
57|AFR,2p6,2085,0.5271845140809378
57|AFR,2p6,2090,0.6256537242450311
57|AFR,2p6,2095,0.7278959192161899
57|AFR,2p6,2100,0.8289826042916965
57|AFR,7p0,2025,0.01833530883312734
57|AFR,7p0,2030,0.024691260937610683
57|AFR,7p0,2035,0.03239734966388913
57|AFR,7p0,2040,0.04064225412882247
57|AFR,7p0,2045,0.05250164023867414
57|AFR,7p0,2050,0.06624369382066923
57|AFR,7p0,2055,0.08101421374193443
57|AFR,7p0,2060,0.10074813309479126
57|AFR,7p0,2065,0.12420817801859661
57|AFR,7p0,2070,0.14935225297017313
57|AFR,7p0,2075,0.17808331328315316
57|AFR,7p0,2080,0.2041301387110213
57|AFR,7p0,2085,0.22594349987419507
57|AFR,7p0,2090,0.24744282693337905
57|AFR,7p0,2095,0.2777893529946145
57|AFR,7p0,2100,0.3079836786089938
57|AFR,no_climate,2025,0.018703888281537927
57|AFR,no_climate,2030,0.025871806293494434
57|AFR,no_climate,2035,0.03519931598070016
57|AFR,no_climate,2040,0.047685186292680634
57|AFR,no_climate,2045,0.0657293937278842
57|AFR,no_climate,2050,0.0870708629628648
57|AFR,no_climate,2055,0.11289499649943115
57|AFR,no_climate,2060,0.14533208414410884
57|AFR,no_climate,2065,0.18429025849574757
57|AFR,no_climate,2070,0.22975681967502534
57|AFR,no_climate,2075,0.28910707761840926
57|AFR,no_climate,2080,0.33146179185542096
57|AFR,no_climate,2085,0.3765640069775664
57|AFR,no_climate,2090,0.43654827558920506
57|AFR,no_climate,2095,0.5028426361054021
57|AFR,no_climate,2100,0.5684831414503451
58|NAM,2p6,2025,0.443217942956663
58|NAM,2p6,2030,0.6891535428817043
58|NAM,2p6,2035,0.7538617460252426
58|NAM,2p6,2040,0.736469552592818
58|NAM,2p6,2045,0.7089898429861743
58|NAM,2p6,2050,0.7121150872900198
58|NAM,2p6,2055,0.6890952765496092
58|NAM,2p6,2060,0.6801110628576358
58|NAM,2p6,2065,0.6570664932469561
58|NAM,2p6,2070,0.6535240717198719
58|NAM,2p6,2075,0.6455479007425398
58|NAM,2p6,2080,0.6377071445577636
58|NAM,2p6,2085,0.6259476076921903
58|NAM,2p6,2090,0.6125300724995575
58|NAM,2p6,2095,0.5989347936522894
58|NAM,2p6,2100,0.577997295507117
58|NAM,7p0,2025,0.43952150635132475
58|NAM,7p0,2030,0.6787382609798401
58|NAM,7p0,2035,0.7547214946333624
58|NAM,7p0,2040,0.7973506431218478
58|NAM,7p0,2045,0.8236482735682129
58|NAM,7p0,2050,0.8663271757834899
58|NAM,7p0,2055,0.9041736775368026
58|NAM,7p0,2060,0.9309297359985926
58|NAM,7p0,2065,0.9570314630621438
58|NAM,7p0,2070,0.9851237477354011
58|NAM,7p0,2075,1.0119403530775422
58|NAM,7p0,2080,1.034081628398661
58|NAM,7p0,2085,1.0569324616525202
58|NAM,7p0,2090,1.1146274531302447
58|NAM,7p0,2095,1.143210788103614
58|NAM,7p0,2100,1.149649461826735
58|NAM,no_climate,2025,0.4413697246539939
58|NAM,no_climate,2030,0.6839459019307722
58|NAM,no_climate,2035,0.7542916203293024
58|NAM,no_climate,2040,0.7669100978573329
58|NAM,no_climate,2045,0.7663190582771936
58|NAM,no_climate,2050,0.7892211315367549
58|NAM,no_climate,2055,0.7966344770432059
58|NAM,no_climate,2060,0.8055203994281142
58|NAM,no_climate,2065,0.80704897815455
58|NAM,no_climate,2070,0.8193239097276366
58|NAM,no_climate,2075,0.828744126910041
58|NAM,no_climate,2080,0.8358943864782122
58|NAM,no_climate,2085,0.8414400346723552
58|NAM,no_climate,2090,0.8635787628149011
58|NAM,no_climate,2095,0.8710727908779516
58|NAM,no_climate,2100,0.863823378666926
59|PAS,2p6,2025,0.04833028613026108
59|PAS,2p6,2030,0.06865205155457686
59|PAS,2p6,2035,0.09033829654553006
59|PAS,2p6,2040,0.1198008115094663
59|PAS,2p6,2045,0.15692658201789195
59|PAS,2p6,2050,0.19868417019414444
59|PAS,2p6,2055,0.24306216955948295
59|PAS,2p6,2060,0.311928156198185
59|PAS,2p6,2065,0.35283233093209704
59|PAS,2p6,2070,0.38613290501750325
59|PAS,2p6,2075,0.43318420258177415
59|PAS,2p6,2080,0.4794186119983366
59|PAS,2p6,2085,0.5551197806498106
59|PAS,2p6,2090,0.5542383377227946
59|PAS,2p6,2095,0.5297966125918635
59|PAS,2p6,2100,0.4952189624465537
59|PAS,7p0,2025,0.049428250688404764
59|PAS,7p0,2030,0.06668347471148589
59|PAS,7p0,2035,0.08449406567083487
59|PAS,7p0,2040,0.10611858306744062
59|PAS,7p0,2045,0.1288490951977851
59|PAS,7p0,2050,0.14633905500010078
59|PAS,7p0,2055,0.15637831668566007
59|PAS,7p0,2060,0.1636878199542906
59|PAS,7p0,2065,0.17732409354907774
59|PAS,7p0,2070,0.18724357441199954
59|PAS,7p0,2075,0.1950909135363401
59|PAS,7p0,2080,0.2024308550854983
59|PAS,7p0,2085,0.20922576661430947
59|PAS,7p0,2090,0.21770740930613283
59|PAS,7p0,2095,0.22324178158913874
59|PAS,7p0,2100,0.23184426108220882
59|PAS,no_climate,2025,0.04887926840933292
59|PAS,no_climate,2030,0.06766776313303138
59|PAS,no_climate,2035,0.08741618110818247
59|PAS,no_climate,2040,0.11295969728845345
59|PAS,no_climate,2045,0.14288783860783852
59|PAS,no_climate,2050,0.1725116125971226
59|PAS,no_climate,2055,0.19972024312257153
59|PAS,no_climate,2060,0.2378079880762378
59|PAS,no_climate,2065,0.26507821224058736
59|PAS,no_climate,2070,0.2866882397147514
59|PAS,no_climate,2075,0.31413755805905713
59|PAS,no_climate,2080,0.34092473354191744
59|PAS,no_climate,2085,0.38217277363206004
59|PAS,no_climate,2090,0.38597287351446374
59|PAS,no_climate,2095,0.37651919709050113
59|PAS,no_climate,2100,0.36353161176438126
59|RCPA,2p6,2025,0.39546219927219833
59|RCPA,2p6,2030,0.40218596832331677
59|RCPA,2p6,2035,0.4267850983226645
59|RCPA,2p6,2040,0.542384347906388
59|RCPA,2p6,2045,0.7454349778363981
59|RCPA,2p6,2050,0.7900352818998579
59|RCPA,2p6,2055,0.8040881366160855
59|RCPA,2p6,2060,0.8281742268054916
59|RCPA,2p6,2065,0.8911062817620555
59|RCPA,2p6,2070,1.0528242355929964
59|RCPA,2p6,2075,1.0813482867160178
59|RCPA,2p6,2080,1.1405877406228662
59|RCPA,2p6,2085,1.3391523255106874
59|RCPA,2p6,2090,1.2825319243726336
59|RCPA,2p6,2095,1.139085143833495
59|RCPA,2p6,2100,1.0498789787936222
59|RCPA,7p0,2025,0.39790083298092205
59|RCPA,7p0,2030,0.39258795540290575
59|RCPA,7p0,2035,0.38358775153750374
59|RCPA,7p0,2040,0.3968288833019919
59|RCPA,7p0,2045,0.39884093758440986
59|RCPA,7p0,2050,0.41773002678586457
59|RCPA,7p0,2055,0.4271140112969466
59|RCPA,7p0,2060,0.4275006977417989
59|RCPA,7p0,2065,0.43114442697261246
59|RCPA,7p0,2070,0.435215463865032
59|RCPA,7p0,2075,0.4368501871897381
59|RCPA,7p0,2080,0.4295268606368182
59|RCPA,7p0,2085,0.4345112226441702
59|RCPA,7p0,2090,0.4455122942014021
59|RCPA,7p0,2095,0.47219965993097474
59|RCPA,7p0,2100,0.5211960487988342
59|RCPA,no_climate,2025,0.3966815161265602
59|RCPA,no_climate,2030,0.3973869618631113
59|RCPA,no_climate,2035,0.4051864249300841
59|RCPA,no_climate,2040,0.4696066156041899
59|RCPA,no_climate,2045,0.572137957710404
59|RCPA,no_climate,2050,0.6038826543428613
59|RCPA,no_climate,2055,0.6156010739565161
59|RCPA,no_climate,2060,0.6278374622736452
59|RCPA,no_climate,2065,0.661125354367334
59|RCPA,no_climate,2070,0.7440198497290142
59|RCPA,no_climate,2075,0.759099236952878
59|RCPA,no_climate,2080,0.7850573006298422
59|RCPA,no_climate,2085,0.8868317740774287
59|RCPA,no_climate,2090,0.8640221092870178
59|RCPA,no_climate,2095,0.8056424018822349
59|RCPA,no_climate,2100,0.7855375137962282
5|AFR,2p6,2025,0.050759761060460644
5|AFR,2p6,2030,0.07199754773682357
5|AFR,2p6,2035,0.10113720136927391
5|AFR,2p6,2040,0.1456542622316444
5|AFR,2p6,2045,0.21013777469718853
5|AFR,2p6,2050,0.28716149404970376
5|AFR,2p6,2055,0.38530850157812757
5|AFR,2p6,2060,0.5054454779771902
5|AFR,2p6,2065,0.6503763284167168
5|AFR,2p6,2070,0.8254683182974929
5|AFR,2p6,2075,1.0649144210424535
5|AFR,2p6,2080,1.2210399815084316
5|AFR,2p6,2085,1.4030570321796367
5|AFR,2p6,2090,1.665124513457538
5|AFR,2p6,2095,1.9372334749467635
5|AFR,2p6,2100,2.206267144500158
5|AFR,7p0,2025,0.0487978749534269
5|AFR,7p0,2030,0.0657137043418129
5|AFR,7p0,2035,0.08622280824987123
5|AFR,7p0,2040,0.10816592471136498
5|AFR,7p0,2045,0.13972867861313507
5|AFR,7p0,2050,0.1763019928889171
5|AFR,7p0,2055,0.2156124834115937
5|AFR,7p0,2060,0.2681326420675453
5|AFR,7p0,2065,0.33056956903794144
5|AFR,7p0,2070,0.3974883996108839
5|AFR,7p0,2075,0.4739536885892225
5|AFR,7p0,2080,0.5432751132639143
5|AFR,7p0,2085,0.6013295305656455
5|AFR,7p0,2090,0.6585481726384415
5|AFR,7p0,2095,0.7393128871837215
5|AFR,7p0,2100,0.8196725331020619
5|AFR,no_climate,2025,0.04977881800694377
5|AFR,no_climate,2030,0.06885562603931823
5|AFR,no_climate,2035,0.09368000480957257
5|AFR,no_climate,2040,0.1269100934715047
5|AFR,no_climate,2045,0.1749332266551618
5|AFR,no_climate,2050,0.23173174346931041
5|AFR,no_climate,2055,0.3004604924948606
5|AFR,no_climate,2060,0.38678906002236774
5|AFR,no_climate,2065,0.4904729487273291
5|AFR,no_climate,2070,0.6114783589541883
5|AFR,no_climate,2075,0.769434054815838
5|AFR,no_climate,2080,0.8821575473861729
5|AFR,no_climate,2085,1.002193281372641
5|AFR,no_climate,2090,1.1618363430479897
5|AFR,no_climate,2095,1.3382731810652424
5|AFR,no_climate,2100,1.51296983880111
5|MEA,2p6,2025,0.8809421447391619
5|MEA,2p6,2030,1.0190980380804995
5|MEA,2p6,2035,1.174191109193617
5|MEA,2p6,2040,1.2537934009214142
5|MEA,2p6,2045,1.4590473896746288
5|MEA,2p6,2050,1.8303203492121358
5|MEA,2p6,2055,2.3165680764243866
5|MEA,2p6,2060,2.7683416910238066
5|MEA,2p6,2065,3.0204539262252483
5|MEA,2p6,2070,3.2460537713731394
5|MEA,2p6,2075,3.3195467631559175
5|MEA,2p6,2080,3.1926504925715755
5|MEA,2p6,2085,3.2281335860090272
5|MEA,2p6,2090,3.216737782112767
5|MEA,2p6,2095,3.170479031554729
5|MEA,2p6,2100,3.091284605838536
5|MEA,7p0,2025,0.7716728681721968
5|MEA,7p0,2030,0.9195440384629199
5|MEA,7p0,2035,1.040988106553442
5|MEA,7p0,2040,1.1674299532115973
5|MEA,7p0,2045,1.2433246024550162
5|MEA,7p0,2050,1.2284676610163834
5|MEA,7p0,2055,1.310050946849387
5|MEA,7p0,2060,1.3463050795695288
5|MEA,7p0,2065,1.487669730813895
5|MEA,7p0,2070,1.622500971937274
5|MEA,7p0,2075,1.7551131194241698
5|MEA,7p0,2080,1.9544057695869168
5|MEA,7p0,2085,2.018048659166207
5|MEA,7p0,2090,2.1126685492865875
5|MEA,7p0,2095,2.1956472325370577
5|MEA,7p0,2100,2.293504087212476
5|MEA,no_climate,2025,0.8263075064556793
5|MEA,no_climate,2030,0.9693210382717097
5|MEA,no_climate,2035,1.1075896078735297
5|MEA,no_climate,2040,1.2106116770665056
5|MEA,no_climate,2045,1.3511859960648225
5|MEA,no_climate,2050,1.5293940051142596
5|MEA,no_climate,2055,1.813309511636887
5|MEA,no_climate,2060,2.0573233852966677
5|MEA,no_climate,2065,2.2540618285195717
5|MEA,no_climate,2070,2.434277371655207
5|MEA,no_climate,2075,2.537329941290044
5|MEA,no_climate,2080,2.573528131079246
5|MEA,no_climate,2085,2.623091122587617
5|MEA,no_climate,2090,2.6647031656996774
5|MEA,no_climate,2095,2.683063132045893
5|MEA,no_climate,2100,2.6923943465255062
60|CHN,2p6,2025,0.3480811152238458
60|CHN,2p6,2030,0.4347944269671675
60|CHN,2p6,2035,0.5142174185767155
60|CHN,2p6,2040,0.6123475559664241
60|CHN,2p6,2045,0.782127005432156
60|CHN,2p6,2050,0.9468099220009152
60|CHN,2p6,2055,1.0058345185564146
60|CHN,2p6,2060,1.2119050635710504
60|CHN,2p6,2065,1.6789000935710603
60|CHN,2p6,2070,1.6700520858844767
60|CHN,2p6,2075,1.473083508216609
60|CHN,2p6,2080,1.2852182234190235
60|CHN,2p6,2085,1.152666665417616
60|CHN,2p6,2090,1.026807359281741
60|CHN,2p6,2095,0.9137534696958601
60|CHN,2p6,2100,0.8332254816296326
60|CHN,7p0,2025,0.3489033048746948
60|CHN,7p0,2030,0.4261508262346852
60|CHN,7p0,2035,0.48688118722043344
60|CHN,7p0,2040,0.49811318307835273
60|CHN,7p0,2045,0.5067420150165458
60|CHN,7p0,2050,0.4884228236925868
60|CHN,7p0,2055,0.4692534089362493
60|CHN,7p0,2060,0.4616388454544369
60|CHN,7p0,2065,0.4523495007561675
60|CHN,7p0,2070,0.44548287512983964
60|CHN,7p0,2075,0.44052454627570703
60|CHN,7p0,2080,0.43093990744967026
60|CHN,7p0,2085,0.41443030710404893
60|CHN,7p0,2090,0.40634280855146343
60|CHN,7p0,2095,0.40586731863690406
60|CHN,7p0,2100,0.40575161083069056
60|CHN,no_climate,2025,0.34849221004927033
60|CHN,no_climate,2030,0.43047262660092633
60|CHN,no_climate,2035,0.5005493028985745
60|CHN,no_climate,2040,0.5552303695223884
60|CHN,no_climate,2045,0.6444345102243509
60|CHN,no_climate,2050,0.7176163728467511
60|CHN,no_climate,2055,0.7375439637463319
60|CHN,no_climate,2060,0.8367719545127437
60|CHN,no_climate,2065,1.065624797163614
60|CHN,no_climate,2070,1.0577674805071582
60|CHN,no_climate,2075,0.956804027246158
60|CHN,no_climate,2080,0.8580790654343469
60|CHN,no_climate,2085,0.7835484862608325
60|CHN,no_climate,2090,0.7165750839166023
60|CHN,no_climate,2095,0.6598103941663821
60|CHN,no_climate,2100,0.6194885462301616
61|CHN,2p6,2025,0.2999252224196169
61|CHN,2p6,2030,0.3746420288589214
61|CHN,2p6,2035,0.44307710729862976
61|CHN,2p6,2040,0.5276312586025544
61|CHN,2p6,2045,0.6739222721513449
61|CHN,2p6,2050,0.8158218415917402
61|CHN,2p6,2055,0.8666805767424587
61|CHN,2p6,2060,1.0442419305317903
61|CHN,2p6,2065,1.4466297134815653
61|CHN,2p6,2070,1.4390057989475569
61|CHN,2p6,2075,1.2692871848575047
61|CHN,2p6,2080,1.1074124526083693
61|CHN,2p6,2085,0.9931989725404471
61|CHN,2p6,2090,0.8847518930081215
61|CHN,2p6,2095,0.7873386421983423
61|CHN,2p6,2100,0.7179514399761375
61|CHN,7p0,2025,0.30063366480019077
61|CHN,7p0,2030,0.36719424224019326
61|CHN,7p0,2035,0.41952275484726376
61|CHN,7p0,2040,0.42920084052489743
61|CHN,7p0,2045,0.43663590156410303
61|CHN,7p0,2050,0.4208511109159446
61|CHN,7p0,2055,0.40433372248839067
61|CHN,7p0,2060,0.397772609155821
61|CHN,7p0,2065,0.3897684151536005
61|CHN,7p0,2070,0.38385176490118966
61|CHN,7p0,2075,0.3795794047547652
61|CHN,7p0,2080,0.3713207696091552
61|CHN,7p0,2085,0.35709521889941587
61|CHN,7p0,2090,0.3501265995284895
61|CHN,7p0,2095,0.3497168921006941
61|CHN,7p0,2100,0.3496171920940105
61|CHN,no_climate,2025,0.30027944360990383
61|CHN,no_climate,2030,0.3709181355495573
61|CHN,no_climate,2035,0.43129993107294673
61|CHN,no_climate,2040,0.47841604956372596
61|CHN,no_climate,2045,0.555279086857724
61|CHN,no_climate,2050,0.6183364762538424
61|CHN,no_climate,2055,0.6355071496154246
61|CHN,no_climate,2060,0.7210072698438057
61|CHN,no_climate,2065,0.9181990643175829
61|CHN,no_climate,2070,0.9114287819243733
61|CHN,no_climate,2075,0.8244332948061349
61|CHN,no_climate,2080,0.7393666111087622
61|CHN,no_climate,2085,0.6751470957199315
61|CHN,no_climate,2090,0.6174392462683055
61|CHN,no_climate,2095,0.5685277671495181
61|CHN,no_climate,2100,0.533784316035074
61|RCPA,2p6,2025,0.14783088061752894
61|RCPA,2p6,2030,0.1503443463842319
61|RCPA,2p6,2035,0.15953994347776249
61|RCPA,2p6,2040,0.20275302148152094
61|RCPA,2p6,2045,0.2786569978609079
61|RCPA,2p6,2050,0.29532939344674397
61|RCPA,2p6,2055,0.3005826032142348
61|RCPA,2p6,2060,0.3095864168021987
61|RCPA,2p6,2065,0.3331115504822855
61|RCPA,2p6,2070,0.39356462936186165
61|RCPA,2p6,2075,0.4042274325426867
61|RCPA,2p6,2080,0.42637220555630956
61|RCPA,2p6,2085,0.5005992176384839
61|RCPA,2p6,2090,0.479433493641195
61|RCPA,2p6,2095,0.42581050785929936
61|RCPA,2p6,2100,0.3924636394136503
61|RCPA,7p0,2025,0.14874248574521926
61|RCPA,7p0,2030,0.14675643657941598
61|RCPA,7p0,2035,0.14339199854814952
61|RCPA,7p0,2040,0.14834177168125673
61|RCPA,7p0,2045,0.14909391374936723
61|RCPA,7p0,2050,0.15615499492439022
61|RCPA,7p0,2055,0.1596628970615036
61|RCPA,7p0,2060,0.15980744740732827
61|RCPA,7p0,2065,0.16116953890915658
61|RCPA,7p0,2070,0.16269136569801382
61|RCPA,7p0,2075,0.16330245466960724
61|RCPA,7p0,2080,0.16056486352850627
61|RCPA,7p0,2085,0.16242810766718618
61|RCPA,7p0,2090,0.16654050601786305
61|RCPA,7p0,2095,0.17651672317445982
61|RCPA,7p0,2100,0.19483245430311072
61|RCPA,no_climate,2025,0.1482866831813741
61|RCPA,no_climate,2030,0.14855039148182392
61|RCPA,no_climate,2035,0.151465971012956
61|RCPA,no_climate,2040,0.17554739658138885
61|RCPA,no_climate,2045,0.21387545580513756
61|RCPA,no_climate,2050,0.2257421941855671
61|RCPA,no_climate,2055,0.2301227501378692
61|RCPA,no_climate,2060,0.2346969321047635
61|RCPA,no_climate,2065,0.24714054469572105
61|RCPA,no_climate,2070,0.2781279975299377
61|RCPA,no_climate,2075,0.283764943606147
61|RCPA,no_climate,2080,0.2934685345424079
61|RCPA,no_climate,2085,0.33151366265283505
61|RCPA,no_climate,2090,0.322986999829529
61|RCPA,no_climate,2095,0.3011636155168796
61|RCPA,no_climate,2100,0.29364804685838053
62|CHN,2p6,2025,0.4943727028984941
62|CHN,2p6,2030,0.617529899393505
62|CHN,2p6,2035,0.7303327988241339
62|CHN,2p6,2040,0.8697050863035993
62|CHN,2p6,2045,1.1108394703824807
62|CHN,2p6,2050,1.344735349890187
62|CHN,2p6,2055,1.4285668134784086
62|CHN,2p6,2060,1.7212447206413313
62|CHN,2p6,2065,2.3845084977433997
62|CHN,2p6,2070,2.3719418479483654
62|CHN,2p6,2075,2.092191284447916
62|CHN,2p6,2080,1.8253699472246918
62|CHN,2p6,2085,1.6371095988848487
62|CHN,2p6,2090,1.4583541231121746
62|CHN,2p6,2095,1.2977859264381972
62|CHN,2p6,2100,1.183413622460497
62|CHN,7p0,2025,0.49554044254942
62|CHN,7p0,2030,0.605253564740461
62|CHN,7p0,2035,0.6915076917108886
62|CHN,7p0,2040,0.7074602726133409
62|CHN,7p0,2045,0.7197156314408316
62|CHN,7p0,2050,0.6936972474100974
62|CHN,7p0,2055,0.6664713079046507
62|CHN,7p0,2060,0.6556564944452221
62|CHN,7p0,2065,0.642463022447507
62|CHN,7p0,2070,0.6327104902870171
62|CHN,7p0,2075,0.6256682741762672
62|CHN,7p0,2080,0.6120554017867771
62|CHN,7p0,2085,0.5886071439248418
62|CHN,7p0,2090,0.5771206301662366
62|CHN,7p0,2095,0.576445301273112
62|CHN,7p0,2100,0.5762809637712988
62|CHN,no_climate,2025,0.49495657272395704
62|CHN,no_climate,2030,0.611391732066983
62|CHN,no_climate,2035,0.7109202452675112
62|CHN,no_climate,2040,0.78858267945847
62|CHN,no_climate,2045,0.9152775509116562
62|CHN,no_climate,2050,1.0192162986501423
62|CHN,no_climate,2055,1.0475190606915297
62|CHN,no_climate,2060,1.1884506075432766
62|CHN,no_climate,2065,1.5134857600954534
62|CHN,no_climate,2070,1.5023261691176912
62|CHN,no_climate,2075,1.3589297793120916
62|CHN,no_climate,2080,1.2187126745057344
62|CHN,no_climate,2085,1.1128583714048452
62|CHN,no_climate,2090,1.0177373766392055
62|CHN,no_climate,2095,0.9371156138556547
62|CHN,no_climate,2100,0.8798472931158978
63|NAM,2p6,2025,0.007003113685386431
63|NAM,2p6,2030,0.010889046087105968
63|NAM,2p6,2035,0.011911475143042423
63|NAM,2p6,2040,0.011636667884489242
63|NAM,2p6,2045,0.011202471721010483
63|NAM,2p6,2050,0.011251852486167313
63|NAM,2p6,2055,0.010888125443539577
63|NAM,2p6,2060,0.010746169390409194
63|NAM,2p6,2065,0.010382051142538144
63|NAM,2p6,2070,0.010326078722941954
63|NAM,2p6,2075,0.010200050359208044
63|NAM,2p6,2080,0.010076161631745689
63|NAM,2p6,2085,0.009890353780629076
63|NAM,2p6,2090,0.009678348545225356
63|NAM,2p6,2095,0.009463534851725458
63|NAM,2p6,2100,0.009132709617485003
63|NAM,7p0,2025,0.006944707733665883
63|NAM,7p0,2030,0.010724478283876859
63|NAM,7p0,2035,0.011925059695155431
63|NAM,7p0,2040,0.012598626228099865
63|NAM,7p0,2045,0.013014144820248067
63|NAM,7p0,2050,0.01368849749240579
63|NAM,7p0,2055,0.014286495291422112
63|NAM,7p0,2060,0.014709257325672792
63|NAM,7p0,2065,0.015121680524949384
63|NAM,7p0,2070,0.0155655557479078
63|NAM,7p0,2075,0.015989274459777544
63|NAM,7p0,2080,0.016339120107223267
63|NAM,7p0,2085,0.016700177202554428
63|NAM,7p0,2090,0.017611793238901163
63|NAM,7p0,2095,0.018063427355946734
63|NAM,7p0,2100,0.018165162325802266
63|NAM,no_climate,2025,0.006973910709526156
63|NAM,no_climate,2030,0.010806762185491413
63|NAM,no_climate,2035,0.011918267419098927
63|NAM,no_climate,2040,0.012117647056294555
63|NAM,no_climate,2045,0.012108308270629274
63|NAM,no_climate,2050,0.012470174989286553
63|NAM,no_climate,2055,0.012587310367480845
63|NAM,no_climate,2060,0.012727713358040994
63|NAM,no_climate,2065,0.012751865833743764
63|NAM,no_climate,2070,0.012945817235424876
63|NAM,no_climate,2075,0.013094662409492794
63|NAM,no_climate,2080,0.013207640869484477
63|NAM,no_climate,2085,0.013295265491591752
63|NAM,no_climate,2090,0.013645070892063259
63|NAM,no_climate,2095,0.013763481103836097
63|NAM,no_climate,2100,0.013648935971643635
65|SAS,2p6,2025,0.5948710807685843
65|SAS,2p6,2030,0.8520812115919079
65|SAS,2p6,2035,1.1777948119343398
65|SAS,2p6,2040,1.5748640888453262
65|SAS,2p6,2045,1.9636451105478268
65|SAS,2p6,2050,2.347066051640949
65|SAS,2p6,2055,2.7925429832280444
65|SAS,2p6,2060,3.3995807306275427
65|SAS,2p6,2065,4.665333308533849
65|SAS,2p6,2070,7.500340371920163
65|SAS,2p6,2075,8.934007232445198
65|SAS,2p6,2080,10.871939761036536
65|SAS,2p6,2085,13.862455698773912
65|SAS,2p6,2090,13.990195414099482
65|SAS,2p6,2095,13.036568246763547
65|SAS,2p6,2100,11.377747405704872
65|SAS,7p0,2025,0.5394608404505955
65|SAS,7p0,2030,0.6370978870108865
65|SAS,7p0,2035,0.7027148141033428
65|SAS,7p0,2040,0.8110901471518287
65|SAS,7p0,2045,0.9489565361426877
65|SAS,7p0,2050,1.1408431314467735
65|SAS,7p0,2055,1.3823793886285878
65|SAS,7p0,2060,1.6202624237788017
65|SAS,7p0,2065,1.804821404415261
65|SAS,7p0,2070,2.0085317939692944
65|SAS,7p0,2075,2.1958061166534772
65|SAS,7p0,2080,2.493909046237359
65|SAS,7p0,2085,2.7528372307005724
65|SAS,7p0,2090,2.9955153304410107
65|SAS,7p0,2095,3.14941380721126
65|SAS,7p0,2100,3.320813907213831
65|SAS,no_climate,2025,0.5671659606095899
65|SAS,no_climate,2030,0.7445895493013972
65|SAS,no_climate,2035,0.9402548130188413
65|SAS,no_climate,2040,1.1929771179985775
65|SAS,no_climate,2045,1.4563008233452572
65|SAS,no_climate,2050,1.7439545915438615
65|SAS,no_climate,2055,2.087461185928316
65|SAS,no_climate,2060,2.509921577203172
65|SAS,no_climate,2065,3.2350773564745547
65|SAS,no_climate,2070,4.7544360829447285
65|SAS,no_climate,2075,5.564906674549338
65|SAS,no_climate,2080,6.682924403636948
65|SAS,no_climate,2085,8.307646464737243
65|SAS,no_climate,2090,8.492855372270245
65|SAS,no_climate,2095,8.092991026987404
65|SAS,no_climate,2100,7.349280656459351
66|SAS,2p6,2025,0.4314191243800313
66|SAS,2p6,2030,0.6179559606943841
66|SAS,2p6,2035,0.8541736569334519
66|SAS,2p6,2040,1.14214072290987
66|SAS,2p6,2045,1.4240968868265282
66|SAS,2p6,2050,1.7021657525404963
66|SAS,2p6,2055,2.0252395646150356
66|SAS,2p6,2060,2.465482336394014
66|SAS,2p6,2065,3.383445717865801
66|SAS,2p6,2070,5.439481562333295
66|SAS,2p6,2075,6.479221636470454
66|SAS,2p6,2080,7.884670954181862
66|SAS,2p6,2085,10.05348670100934
66|SAS,2p6,2090,10.146127540202784
66|SAS,2p6,2095,9.454527274502315
66|SAS,2p6,2100,8.251498487444366
66|SAS,7p0,2025,0.3912338840271332
66|SAS,7p0,2030,0.4620433257630973
66|SAS,7p0,2035,0.5096307747850953
66|SAS,7p0,2040,0.5882279579390713
66|SAS,7p0,2045,0.6882129777908117
66|SAS,7p0,2050,0.8273751418338112
66|SAS,7p0,2055,1.0025447944664048
66|SAS,7p0,2060,1.1750650161533847
66|SAS,7p0,2065,1.308912964720289
66|SAS,7p0,2070,1.4566501143813009
66|SAS,7p0,2075,1.5924673139783743
66|SAS,7p0,2080,1.8086608877020078
66|SAS,7p0,2085,1.9964437102828327
66|SAS,7p0,2090,2.1724414628731266
66|SAS,7p0,2095,2.284053454509799
66|SAS,7p0,2100,2.408358171031268
66|SAS,no_climate,2025,0.4113265042035823
66|SAS,no_climate,2030,0.5399996432287407
66|SAS,no_climate,2035,0.6819022158592736
66|SAS,no_climate,2040,0.8651843404244706
66|SAS,no_climate,2045,1.05615493230867
66|SAS,no_climate,2050,1.2647704471871537
66|SAS,no_climate,2055,1.5138921795407203
66|SAS,no_climate,2060,1.8202736762736995
66|SAS,no_climate,2065,2.346179341293045
66|SAS,no_climate,2070,3.448065838357298
66|SAS,no_climate,2075,4.0358444752244145
66|SAS,no_climate,2080,4.846665920941935
66|SAS,no_climate,2085,6.024965205646087
66|SAS,no_climate,2090,6.159284501537956
66|SAS,no_climate,2095,5.869290364506057
66|SAS,no_climate,2100,5.329928329237816
67|CHN,2p6,2025,0.027689048095567683
67|CHN,2p6,2030,0.03458689159920831
67|CHN,2p6,2035,0.04090480698843132
67|CHN,2p6,2040,0.048710832581233036
67|CHN,2p6,2045,0.06221639532591825
67|CHN,2p6,2050,0.07531654065973885
67|CHN,2p6,2055,0.08001181087511863
67|CHN,2p6,2060,0.09640424638062062
67|CHN,2p6,2065,0.13355262151653063
67|CHN,2p6,2070,0.13284878295802047
67|CHN,2p6,2075,0.11718038791494596
67|CHN,2p6,2080,0.10223613877663043
67|CHN,2p6,2085,0.09169196874234654
67|CHN,2p6,2090,0.0816801518742297
67|CHN,2p6,2095,0.0726869762918044
67|CHN,2p6,2100,0.06628116098875023
67|CHN,7p0,2025,0.027754451381728138
67|CHN,7p0,2030,0.033899313141392017
67|CHN,7p0,2035,0.03873027297417174
67|CHN,7p0,2040,0.03962375228091075
67|CHN,7p0,2045,0.04031015591528072
67|CHN,7p0,2050,0.038852906591901576
67|CHN,7p0,2055,0.03732802395984389
67|CHN,7p0,2060,0.03672230303660716
67|CHN,7p0,2065,0.035983357139007174
67|CHN,7p0,2070,0.0354371329432493
67|CHN,7p0,2075,0.03504270934452166
67|CHN,7p0,2080,0.03428027348165645
67|CHN,7p0,2085,0.032966972937573405
67|CHN,7p0,2090,0.032323631122688205
67|CHN,7p0,2095,0.03228580699912228
67|CHN,7p0,2100,0.032276602710606894
67|CHN,no_climate,2025,0.02772174973864791
67|CHN,no_climate,2030,0.03424310237030016
67|CHN,no_climate,2035,0.039817539981301525
67|CHN,no_climate,2040,0.0441672924310719
67|CHN,no_climate,2045,0.051263275620599486
67|CHN,no_climate,2050,0.05708472362582021
67|CHN,no_climate,2055,0.05866991741748126
67|CHN,no_climate,2060,0.0665632747086139
67|CHN,no_climate,2065,0.08476798932776891
67|CHN,no_climate,2070,0.08414295795063488
67|CHN,no_climate,2075,0.07611154862973381
67|CHN,no_climate,2080,0.06825820612914343
67|CHN,no_climate,2085,0.062329470839959975
67|CHN,no_climate,2090,0.057001891498458954
67|CHN,no_climate,2095,0.05248639164546334
67|CHN,no_climate,2100,0.04927888184967856
67|SAS,2p6,2025,0.11130567512925438
67|SAS,2p6,2030,0.1594319804530646
67|SAS,2p6,2035,0.22037589478498
67|SAS,2p6,2040,0.29467109145609754
67|SAS,2p6,2045,0.3674154817904333
67|SAS,2p6,2050,0.43915695332393717
67|SAS,2p6,2055,0.5225096531404196
67|SAS,2p6,2060,0.636091819911656
67|SAS,2p6,2065,0.8729253957654847
67|SAS,2p6,2070,1.4033804563455334
67|SAS,2p6,2075,1.6716322893561473
67|SAS,2p6,2080,2.034236718152904
67|SAS,2p6,2085,2.593788873562091
67|SAS,2p6,2090,2.6176901115189963
67|SAS,2p6,2095,2.4392579787200974
67|SAS,2p6,2100,2.1288778314889356
67|SAS,7p0,2025,0.10093792586886087
67|SAS,7p0,2030,0.11920668650684406
67|SAS,7p0,2035,0.13148419772910183
67|SAS,7p0,2040,0.15176218736802355
67|SAS,7p0,2045,0.17755821612173864
67|SAS,7p0,2050,0.21346190639859708
67|SAS,7p0,2055,0.2586554904253747
67|SAS,7p0,2060,0.3031655240867539
67|SAS,7p0,2065,0.3376981524242533
67|SAS,7p0,2070,0.3758141798681487
67|SAS,7p0,2075,0.41085487287646416
67|SAS,7p0,2080,0.4666325849018541
67|SAS,7p0,2085,0.5150803533568845
67|SAS,7p0,2090,0.5604875862917832
67|SAS,7p0,2095,0.5892833613967765
67|SAS,7p0,2100,0.6213538460190227
67|SAS,no_climate,2025,0.10612180049905762
67|SAS,no_climate,2030,0.13931933347995432
67|SAS,no_climate,2035,0.1759300462570409
67|SAS,no_climate,2040,0.22321663941206055
67|SAS,no_climate,2045,0.272486848956086
67|SAS,no_climate,2050,0.3263094298612671
67|SAS,no_climate,2055,0.3905825717828972
67|SAS,no_climate,2060,0.46962867199920494
67|SAS,no_climate,2065,0.605311774094869
67|SAS,no_climate,2070,0.8895973181068411
67|SAS,no_climate,2075,1.0412435811163057
67|SAS,no_climate,2080,1.2504346515273792
67|SAS,no_climate,2085,1.5544346134594877
67|SAS,no_climate,2090,1.5890888489053898
67|SAS,no_climate,2095,1.514270670058437
67|SAS,no_climate,2100,1.3751158387539792
68|WEU,2p6,2025,0.007884899386947728
68|WEU,2p6,2030,0.009185487055690661
68|WEU,2p6,2035,0.01065977734054021
68|WEU,2p6,2040,0.012327772022650015
68|WEU,2p6,2045,0.013640637421376884
68|WEU,2p6,2050,0.015310123552999384
68|WEU,2p6,2055,0.016892102921336614
68|WEU,2p6,2060,0.017182044957620417
68|WEU,2p6,2065,0.016085304294265166
68|WEU,2p6,2070,0.015051290620878895
68|WEU,2p6,2075,0.014578852668953837
68|WEU,2p6,2080,0.013777954501151995
68|WEU,2p6,2085,0.013329928678953117
68|WEU,2p6,2090,0.012860575258941319
68|WEU,2p6,2095,0.012366416959297466
68|WEU,2p6,2100,0.011974421430141925
68|WEU,7p0,2025,0.007853570836722213
68|WEU,7p0,2030,0.00915903010013809
68|WEU,7p0,2035,0.01007992484823026
68|WEU,7p0,2040,0.011356074275093362
68|WEU,7p0,2045,0.012112825575202513
68|WEU,7p0,2050,0.012401830064982022
68|WEU,7p0,2055,0.012522338089160574
68|WEU,7p0,2060,0.01273222456988827
68|WEU,7p0,2065,0.012898438067479033
68|WEU,7p0,2070,0.013199800814402324
68|WEU,7p0,2075,0.013522770021962565
68|WEU,7p0,2080,0.013718501679536834
68|WEU,7p0,2085,0.013631754471721153
68|WEU,7p0,2090,0.013999599294042844
68|WEU,7p0,2095,0.014092239438407025
68|WEU,7p0,2100,0.014132892815222437
68|WEU,no_climate,2025,0.00786923511183497
68|WEU,no_climate,2030,0.009172258577914375
68|WEU,no_climate,2035,0.010369851094385235
68|WEU,no_climate,2040,0.011841923148871688
68|WEU,no_climate,2045,0.012876731498289698
68|WEU,no_climate,2050,0.013855976808990703
68|WEU,no_climate,2055,0.014707220505248593
68|WEU,no_climate,2060,0.014957134763754345
68|WEU,no_climate,2065,0.014491871180872098
68|WEU,no_climate,2070,0.01412554571764061
68|WEU,no_climate,2075,0.0140508113454582
68|WEU,no_climate,2080,0.013748228090344414
68|WEU,no_climate,2085,0.013480841575337136
68|WEU,no_climate,2090,0.013430087276492081
68|WEU,no_climate,2095,0.013229328198852246
68|WEU,no_climate,2100,0.01305365712268218
69|PAS,2p6,2025,0.03132165470671919
69|PAS,2p6,2030,0.04449168473583636
69|PAS,2p6,2035,0.05854599998779296
69|PAS,2p6,2040,0.0776399221302103
69|PAS,2p6,2045,0.10170020932676625
69|PAS,2p6,2050,0.12876226219185435
69|PAS,2p6,2055,0.15752253828353302
69|PAS,2p6,2060,0.2021528690190343
69|PAS,2p6,2065,0.22866184588761343
69|PAS,2p6,2070,0.25024311855435105
69|PAS,2p6,2075,0.28073589262647575
69|PAS,2p6,2080,0.3106992618358281
69|PAS,2p6,2085,0.35975930379390736
69|PAS,2p6,2090,0.35918806258649416
69|PAS,2p6,2095,0.34334798928495774
69|PAS,2p6,2100,0.32093907543118655
69|PAS,7p0,2025,0.032033218190487996
69|PAS,7p0,2030,0.0432158991140266
69|PAS,7p0,2035,0.054758499516759394
69|PAS,7p0,2040,0.06877281065223267
69|PAS,7p0,2045,0.083503889428275
69|PAS,7p0,2050,0.0948386967639081
69|PAS,7p0,2055,0.10134489222027226
69|PAS,7p0,2060,0.10608199923512873
69|PAS,7p0,2065,0.11491932852118168
69|PAS,7p0,2070,0.1213478970097057
69|PAS,7p0,2075,0.12643356204708328
69|PAS,7p0,2080,0.1311903953534412
69|PAS,7p0,2085,0.13559400827835769
69|PAS,7p0,2090,0.14109074965959112
69|PAS,7p0,2095,0.14467743849481843
69|PAS,7p0,2100,0.15025249119732803
69|PAS,no_climate,2025,0.03167743644860359
69|PAS,no_climate,2030,0.04385379192493148
69|PAS,no_climate,2035,0.056652249752276174
69|PAS,no_climate,2040,0.0732063663912215
69|PAS,no_climate,2045,0.09260204937752062
69|PAS,no_climate,2050,0.11180047947788123
69|PAS,no_climate,2055,0.12943371525190264
69|PAS,no_climate,2060,0.1541174341270815
69|PAS,no_climate,2065,0.17179058720439755
69|PAS,no_climate,2070,0.18579550778202839
69|PAS,no_climate,2075,0.20358472733677951
69|PAS,no_climate,2080,0.22094482859463466
69|PAS,no_climate,2085,0.24767665603613254
69|PAS,no_climate,2090,0.25013940612304264
69|PAS,no_climate,2095,0.2440127138898881
69|PAS,no_climate,2100,0.2355957833142573
6|AFR,2p6,2025,0.0018921235137030245
6|AFR,2p6,2030,0.0026837843629629486
6|AFR,2p6,2035,0.003769995619029501
6|AFR,2p6,2040,0.005429415912957012
6|AFR,2p6,2045,0.007833106703323212
6|AFR,2p6,2050,0.010704246902863666
6|AFR,2p6,2055,0.014362779899560031
6|AFR,2p6,2060,0.01884101212841341
6|AFR,2p6,2065,0.024243462105492084
6|AFR,2p6,2070,0.030770200297184077
6|AFR,2p6,2075,0.039695805772919916
6|AFR,2p6,2080,0.04551555034768013
6|AFR,2p6,2085,0.05230042746835144
6|AFR,2p6,2090,0.062069268635909614
6|AFR,2p6,2095,0.07221241654611772
6|AFR,2p6,2100,0.08224092971294403
6|AFR,7p0,2025,0.0018189921443511421
6|AFR,7p0,2030,0.0024495474872226345
6|AFR,7p0,2035,0.0032140459194196203
6|AFR,7p0,2040,0.004031998678717724
6|AFR,7p0,2045,0.005208533547422622
6|AFR,7p0,2050,0.006571842327241959
6|AFR,7p0,2055,0.008037182232301024
6|AFR,7p0,2060,0.009994926419039275
6|AFR,7p0,2065,0.012322328581222996
6|AFR,7p0,2070,0.014816798417000118
6|AFR,7p0,2075,0.017667122536644392
6|AFR,7p0,2080,0.02025115159608274
6|AFR,7p0,2085,0.02241519109816184
6|AFR,7p0,2090,0.02454807619900262
6|AFR,7p0,2095,0.027558665931421072
6|AFR,7p0,2100,0.03055415630447133
6|AFR,no_climate,2025,0.0018555578290270834
6|AFR,no_climate,2030,0.0025666659250927915
6|AFR,no_climate,2035,0.003492020769224561
6|AFR,no_climate,2040,0.004730707295837367
6|AFR,no_climate,2045,0.006520820125372917
6|AFR,no_climate,2050,0.008638044615052812
6|AFR,no_climate,2055,0.011199981065930528
6|AFR,no_climate,2060,0.014417969273726343
6|AFR,no_climate,2065,0.01828289534335754
6|AFR,no_climate,2070,0.022793499357092097
6|AFR,no_climate,2075,0.028681464154782156
6|AFR,no_climate,2080,0.032883350971881435
6|AFR,no_climate,2085,0.03735780928325664
6|AFR,no_climate,2090,0.04330867241745612
6|AFR,no_climate,2095,0.0498855412387694
6|AFR,no_climate,2100,0.05639754300870768
70|CHN,2p6,2025,0.007597067067388186
70|CHN,2p6,2030,0.009489634104602232
70|CHN,2p6,2035,0.011223085784571481
70|CHN,2p6,2040,0.01336483149405133
70|CHN,2p6,2045,0.017070363934172193
70|CHN,2p6,2050,0.020664661663370713
70|CHN,2p6,2055,0.021952906842570653
70|CHN,2p6,2060,0.026450512953958383
70|CHN,2p6,2065,0.03664294341880994
70|CHN,2p6,2070,0.03644983065035506
70|CHN,2p6,2075,0.03215088012053804
70|CHN,2p6,2080,0.028050614102591583
70|CHN,2p6,2085,0.02515760143404765
70|CHN,2p6,2090,0.02241065094477939
70|CHN,2p6,2095,0.019943185909048554
70|CHN,2p6,2100,0.018185617056893096
70|CHN,7p0,2025,0.0076150118212010886
70|CHN,7p0,2030,0.009300982633446824
70|CHN,7p0,2035,0.010626457085396687
70|CHN,7p0,2040,0.010871601743067541
70|CHN,7p0,2045,0.011059930876940597
70|CHN,7p0,2050,0.01066010417269974
70|CHN,7p0,2055,0.010241720861520035
70|CHN,7p0,2060,0.010075528709949237
70|CHN,7p0,2065,0.009872783511780541
70|CHN,7p0,2070,0.009722915526623369
70|CHN,7p0,2075,0.00961469719704583
70|CHN,7p0,2080,0.009405507037645002
70|CHN,7p0,2085,0.00904517567924654
70|CHN,7p0,2090,0.008868661452463839
70|CHN,7p0,2095,0.008858283616342362
70|CHN,7p0,2100,0.0088557582280763
70|CHN,no_climate,2025,0.007606039444294638
70|CHN,no_climate,2030,0.009395308369024528
70|CHN,no_climate,2035,0.010924771434984083
70|CHN,no_climate,2040,0.012118216618559436
70|CHN,no_climate,2045,0.014065147405556394
70|CHN,no_climate,2050,0.015662382918035227
70|CHN,no_climate,2055,0.016097313852045346
70|CHN,no_climate,2060,0.01826302083195381
70|CHN,no_climate,2065,0.023257863465295243
70|CHN,no_climate,2070,0.023086373088489213
70|CHN,no_climate,2075,0.020882788658791934
70|CHN,no_climate,2080,0.01872806057011829
70|CHN,no_climate,2085,0.017101388556647095
70|CHN,no_climate,2090,0.015639656198621614
70|CHN,no_climate,2095,0.014400734762695457
70|CHN,no_climate,2100,0.013520687642484697
70|PAS,2p6,2025,0.012353819499173732
70|PAS,2p6,2030,0.017548314339943066
70|PAS,2p6,2035,0.0230915870511996
70|PAS,2p6,2040,0.030622570643458483
70|PAS,2p6,2045,0.04011237722959549
70|PAS,2p6,2050,0.05078613375691833
70|PAS,2p6,2055,0.06212969982677799
70|PAS,2p6,2060,0.07973269862289621
70|PAS,2p6,2065,0.09018831210847444
70|PAS,2p6,2070,0.09870035113015917
70|PAS,2p6,2075,0.11072724531705223
70|PAS,2p6,2080,0.12254533277971848
70|PAS,2p6,2085,0.1418954887228521
70|PAS,2p6,2090,0.14167018099779888
70|PAS,2p6,2095,0.1354225734479052
70|PAS,2p6,2100,0.12658409797417375
70|PAS,7p0,2025,0.012634472833839266
70|PAS,7p0,2030,0.017045121726428372
70|PAS,7p0,2035,0.021597729283776266
70|PAS,7p0,2040,0.02712522365768484
70|PAS,7p0,2045,0.03293542397856049
70|PAS,7p0,2050,0.03740607424252252
70|PAS,7p0,2055,0.03997223382275135
70|PAS,7p0,2060,0.04184063335520812
70|PAS,7p0,2065,0.04532623371307299
70|PAS,7p0,2070,0.04786177583206152
70|PAS,7p0,2075,0.0498676528680389
70|PAS,7p0,2080,0.051743832801846724
70|PAS,7p0,2085,0.05348069631458369
70|PAS,7p0,2090,0.055648709195551614
70|PAS,7p0,2095,0.057063363270663255
70|PAS,7p0,2100,0.05926226353407779
70|PAS,no_climate,2025,0.012494146166506499
70|PAS,no_climate,2030,0.01729671803318572
70|PAS,no_climate,2035,0.022344658167487933
70|PAS,no_climate,2040,0.028873897150571662
70|PAS,no_climate,2045,0.036523900604077994
70|PAS,no_climate,2050,0.04409610399972043
70|PAS,no_climate,2055,0.05105096682476467
70|PAS,no_climate,2060,0.06078666598905216
70|PAS,no_climate,2065,0.06775727291077371
70|PAS,no_climate,2070,0.07328106348111034
70|PAS,no_climate,2075,0.08029744909254558
70|PAS,no_climate,2080,0.0871445827907826
70|PAS,no_climate,2085,0.09768809251871789
70|PAS,no_climate,2090,0.09865944509667525
70|PAS,no_climate,2095,0.09624296835928423
70|PAS,no_climate,2100,0.09292318075412577
70|SAS,2p6,2025,0.12029461214535955
70|SAS,2p6,2030,0.17230755062485759
70|SAS,2p6,2035,0.2381732356284691
70|SAS,2p6,2040,0.3184684394214184
70|SAS,2p6,2045,0.39708759528079124
70|SAS,2p6,2050,0.47462283760188967
70|SAS,2p6,2055,0.5647070195993356
70|SAS,2p6,2060,0.6874619706160632
70|SAS,2p6,2065,0.9434219934742953
70|SAS,2p6,2070,1.516716083815326
70|SAS,2p6,2075,1.8066316714241402
70|SAS,2p6,2080,2.198519677796163
70|SAS,2p6,2085,2.8032607157700364
70|SAS,2p6,2090,2.8290921942322176
70|SAS,2p6,2095,2.6362500576171066
70|SAS,2p6,2100,2.3008039145032506
70|SAS,7p0,2025,0.10908957363630711
70|SAS,7p0,2030,0.1288337014426439
70|SAS,7p0,2035,0.14210273241412597
70|SAS,7p0,2040,0.16401835258236105
70|SAS,7p0,2045,0.19189764328532993
70|SAS,7p0,2050,0.23070088032985903
70|SAS,7p0,2055,0.2795442538204444
70|SAS,7p0,2060,0.3276488740893999
70|SAS,7p0,2065,0.36497032357879367
70|SAS,7p0,2070,0.406164563967352
70|SAS,7p0,2075,0.44403510893143394
70|SAS,7p0,2080,0.5043173742036952
70|SAS,7p0,2085,0.5566777368611989
70|SAS,7p0,2090,0.6057520133359121
70|SAS,7p0,2095,0.6368733069595985
70|SAS,7p0,2100,0.6715337724252345
70|SAS,no_climate,2025,0.11469209289083333
70|SAS,no_climate,2030,0.15057062603375074
70|SAS,no_climate,2035,0.19013798402129753
70|SAS,no_climate,2040,0.2412433960018897
70|SAS,no_climate,2045,0.2944926192830606
70|SAS,no_climate,2050,0.3526618589658743
70|SAS,no_climate,2055,0.42212563670989
70|SAS,no_climate,2060,0.5075554223527315
70|SAS,no_climate,2065,0.6541961585265446
70|SAS,no_climate,2070,0.9614403238913389
70|SAS,no_climate,2075,1.125333390177787
70|SAS,no_climate,2080,1.351418525999929
70|SAS,no_climate,2085,1.6799692263156176
70|SAS,no_climate,2090,1.717422103784065
70|SAS,no_climate,2095,1.6365616822883526
70|SAS,no_climate,2100,1.4861688434642426
71|FSU,2p6,2025,0.015853465862064892
71|FSU,2p6,2030,0.02354581955602076
71|FSU,2p6,2035,0.037056865298334005
71|FSU,2p6,2040,0.0483281890423581
71|FSU,2p6,2045,0.07113790429028655
71|FSU,2p6,2050,0.09138007162947134
71|FSU,2p6,2055,0.11191332130345766
71|FSU,2p6,2060,0.14168989326366815
71|FSU,2p6,2065,0.1707721603141071
71|FSU,2p6,2070,0.20086874094674734
71|FSU,2p6,2075,0.20938487616645649
71|FSU,2p6,2080,0.20819192877521164
71|FSU,2p6,2085,0.2015658748279068
71|FSU,2p6,2090,0.194256466638462
71|FSU,2p6,2095,0.19251637634217308
71|FSU,2p6,2100,0.18943593074780601
71|FSU,7p0,2025,0.01546183249159937
71|FSU,7p0,2030,0.022111943277233547
71|FSU,7p0,2035,0.031706588622404774
71|FSU,7p0,2040,0.038063305559187285
71|FSU,7p0,2045,0.042769311058227344
71|FSU,7p0,2050,0.04866011229804703
71|FSU,7p0,2055,0.052966796191688786
71|FSU,7p0,2060,0.05686028321168024
71|FSU,7p0,2065,0.05949536409132008
71|FSU,7p0,2070,0.06365619642801168
71|FSU,7p0,2075,0.0681181065259838
71|FSU,7p0,2080,0.07078576549328956
71|FSU,7p0,2085,0.07470495992738133
71|FSU,7p0,2090,0.07956655384508354
71|FSU,7p0,2095,0.08525903005628123
71|FSU,7p0,2100,0.0914145515113356
71|FSU,no_climate,2025,0.01565764917683213
71|FSU,no_climate,2030,0.02282888141662715
71|FSU,no_climate,2035,0.03438172696036939
71|FSU,no_climate,2040,0.04319574730077269
71|FSU,no_climate,2045,0.056953607674256945
71|FSU,no_climate,2050,0.07002009196375919
71|FSU,no_climate,2055,0.08244005874757322
71|FSU,no_climate,2060,0.0992750882376742
71|FSU,no_climate,2065,0.1151337622027136
71|FSU,no_climate,2070,0.1322624686873795
71|FSU,no_climate,2075,0.13875149134622014
71|FSU,no_climate,2080,0.1394888471342506
71|FSU,no_climate,2085,0.13813541737764407
71|FSU,no_climate,2090,0.13691151024177278
71|FSU,no_climate,2095,0.13888770319922716
71|FSU,no_climate,2100,0.1404252411295708
71|PAO,2p6,2025,0.08548937364649874
71|PAO,2p6,2030,0.09975490185789082
71|PAO,2p6,2035,0.12452621498719658
71|PAO,2p6,2040,0.14269145090482427
71|PAO,2p6,2045,0.15079374448783286
71|PAO,2p6,2050,0.15532176217960486
71|PAO,2p6,2055,0.1604628318061275
71|PAO,2p6,2060,0.15699746058901132
71|PAO,2p6,2065,0.1641559226449486
71|PAO,2p6,2070,0.17087422009407152
71|PAO,2p6,2075,0.16740896159193233
71|PAO,2p6,2080,0.1607889426467391
71|PAO,2p6,2085,0.1502774001506136
71|PAO,2p6,2090,0.14348367029489348
71|PAO,2p6,2095,0.13776477171323698
71|PAO,2p6,2100,0.1330642978193194
71|PAO,7p0,2025,0.0911671184208679
71|PAO,7p0,2030,0.12168384472332751
71|PAO,7p0,2035,0.13879141740945272
71|PAO,7p0,2040,0.15037644247304405
71|PAO,7p0,2045,0.1615677591416581
71|PAO,7p0,2050,0.16763026365929232
71|PAO,7p0,2055,0.16579480918762424
71|PAO,7p0,2060,0.14892186703042515
71|PAO,7p0,2065,0.1546274655752572
71|PAO,7p0,2070,0.16544875862852043
71|PAO,7p0,2075,0.1761985426920688
71|PAO,7p0,2080,0.1799584536951642
71|PAO,7p0,2085,0.18212260223490026
71|PAO,7p0,2090,0.18467464874910267
71|PAO,7p0,2095,0.186874213445542
71|PAO,7p0,2100,0.18875056507806143
71|PAO,no_climate,2025,0.08832824603368332
71|PAO,no_climate,2030,0.11071937329060916
71|PAO,no_climate,2035,0.13165881619832465
71|PAO,no_climate,2040,0.14653394668893416
71|PAO,no_climate,2045,0.1561807518147455
71|PAO,no_climate,2050,0.16147601291944857
71|PAO,no_climate,2055,0.16312882049687588
71|PAO,no_climate,2060,0.15295966380971823
71|PAO,no_climate,2065,0.1593916941101029
71|PAO,no_climate,2070,0.168161489361296
71|PAO,no_climate,2075,0.17180375214200055
71|PAO,no_climate,2080,0.17037369817095166
71|PAO,no_climate,2085,0.16620000119275694
71|PAO,no_climate,2090,0.16407915952199809
71|PAO,no_climate,2095,0.1623194925793895
71|PAO,no_climate,2100,0.1609074314486904
72|PAS,2p6,2025,0.31415849810268315
72|PAS,2p6,2030,0.44625486697770006
72|PAS,2p6,2035,0.5872206816116613
72|PAS,2p6,2040,0.7787341236478058
72|PAS,2p6,2045,1.0200605720862952
72|PAS,2p6,2050,1.2914949507383169
72|PAS,2p6,2055,1.5799626331319296
72|PAS,2p6,2060,2.0276081296734416
72|PAS,2p6,2065,2.293495115442589
72|PAS,2p6,2070,2.5099568659985816
72|PAS,2p6,2075,2.815801630433332
72|PAS,2p6,2080,3.1163364251958505
72|PAS,2p6,2085,3.6084122507779024
72|PAS,2p6,2090,3.6026826594949486
72|PAS,2p6,2095,3.4438055604130935
72|PAS,2p6,2100,3.2190425079392746
72|PAS,7p0,2025,0.3212955321278225
72|PAS,7p0,2030,0.4334586434511451
72|PAS,7p0,2035,0.5492317735962794
72|PAS,7p0,2040,0.689796344002565
72|PAS,7p0,2045,0.8375501465090776
72|PAS,7p0,2050,0.9512390969233696
72|PAS,7p0,2055,1.0164967154008309
72|PAS,7p0,2060,1.06401024682418
72|PAS,7p0,2065,1.152649308896136
72|PAS,7p0,2070,1.217128323182431
72|PAS,7p0,2075,1.2681379171823648
72|PAS,7p0,2080,1.3158493047588853
72|PAS,7p0,2085,1.3600178659562778
72|PAS,7p0,2090,1.4151505858893891
72|PAS,7p0,2095,1.4511253384427705
72|PAS,7p0,2100,1.507043526682295
72|PAS,no_climate,2025,0.3177270151152528
72|PAS,no_climate,2030,0.4398567552144226
72|PAS,no_climate,2035,0.5682262276039703
72|PAS,no_climate,2040,0.7342652338251854
72|PAS,no_climate,2045,0.9288053592976864
72|PAS,no_climate,2050,1.1213670238308433
72|PAS,no_climate,2055,1.2982296742663801
72|PAS,no_climate,2060,1.545809188248811
72|PAS,no_climate,2065,1.7230722121693625
72|PAS,no_climate,2070,1.8635425945905064
72|PAS,no_climate,2075,2.0419697738078484
72|PAS,no_climate,2080,2.2160928649773677
72|PAS,no_climate,2085,2.48421505836709
72|PAS,no_climate,2090,2.508916622692169
72|PAS,no_climate,2095,2.447465449427932
72|PAS,no_climate,2100,2.363043017310785
73|PAS,2p6,2025,0.025537305256689683
73|PAS,2p6,2030,0.0362751503751082
73|PAS,2p6,2035,0.0477339746972463
73|PAS,2p6,2040,0.06330171282807294
73|PAS,2p6,2045,0.08291864892086058
73|PAS,2p6,2050,0.10498299741583887
73|PAS,2p6,2055,0.1284319485232117
73|PAS,2p6,2060,0.1648201403467751
73|PAS,2p6,2065,0.18643355255868505
73|PAS,2p6,2070,0.20402928793980793
73|PAS,2p6,2075,0.22889078669823945
73|PAS,2p6,2080,0.25332064882343486
73|PAS,2p6,2085,0.29332049171553815
73|PAS,2p6,2090,0.29285474489515123
73|PAS,2p6,2095,0.2799399486949716
73|PAS,2p6,2100,0.26166941736726834
73|PAS,7p0,2025,0.02611746023460084
73|PAS,7p0,2030,0.03523497139442164
73|PAS,7p0,2035,0.044645933640849275
73|PAS,7p0,2040,0.05607214163592151
73|PAS,7p0,2045,0.06808274768424864
73|PAS,7p0,2050,0.07732429119994715
73|PAS,7p0,2055,0.08262895026041547
73|PAS,7p0,2060,0.08649122857887367
73|PAS,7p0,2065,0.09369651762713728
73|PAS,7p0,2070,0.09893788553672465
73|PAS,7p0,2075,0.10308435167042238
73|PAS,7p0,2080,0.1069627133130974
73|PAS,7p0,2085,0.11055308580614999
73|PAS,7p0,2090,0.11503471245978664
73|PAS,7p0,2095,0.11795902691582691
73|PAS,7p0,2100,0.12250450269031012
73|PAS,no_climate,2025,0.025827382745645264
73|PAS,no_climate,2030,0.03575506088476492
73|PAS,no_climate,2035,0.04618995416904779
73|PAS,no_climate,2040,0.05968692723199723
73|PAS,no_climate,2045,0.07550069830255461
73|PAS,no_climate,2050,0.09115364430789301
73|PAS,no_climate,2055,0.10553044939181358
73|PAS,no_climate,2060,0.12565568446282438
73|PAS,no_climate,2065,0.14006503509291116
73|PAS,no_climate,2070,0.15148358673826628
73|PAS,no_climate,2075,0.1659875691843309
73|PAS,no_climate,2080,0.1801416810682661
73|PAS,no_climate,2085,0.20193678876084406
73|PAS,no_climate,2090,0.20394472867746893
73|PAS,no_climate,2095,0.19894948780539923
73|PAS,no_climate,2100,0.19208696002878922
74|FSU,2p6,2025,0.015978729276313577
74|FSU,2p6,2030,0.023731862770453017
74|FSU,2p6,2035,0.03734966370021093
74|FSU,2p6,2040,0.048710045856292225
74|FSU,2p6,2045,0.07169998811797625
74|FSU,2p6,2050,0.09210209543588625
74|FSU,2p6,2055,0.11279758502524267
74|FSU,2p6,2060,0.14280943141066782
74|FSU,2p6,2065,0.17212148695634977
74|FSU,2p6,2070,0.2024558705072955
74|FSU,2p6,2075,0.2110392944942121
74|FSU,2p6,2080,0.20983692123580697
74|FSU,2p6,2085,0.20315851267105398
74|FSU,2p6,2090,0.1957913504589927
74|FSU,2p6,2095,0.19403751114065962
74|FSU,2p6,2100,0.19093272593904737
74|FSU,7p0,2025,0.015584001482613094
74|FSU,7p0,2030,0.022286656966636148
74|FSU,7p0,2035,0.0319571127399433
74|FSU,7p0,2040,0.03836405617444195
74|FSU,7p0,2045,0.043107245360721864
74|FSU,7p0,2050,0.04904459174608766
74|FSU,7p0,2055,0.05338530415647782
74|FSU,7p0,2060,0.05730955488969769
74|FSU,7p0,2065,0.05996545640443883
74|FSU,7p0,2070,0.06415916483706713
74|FSU,7p0,2075,0.06865632994475167
74|FSU,7p0,2080,0.07134506695727501
74|FSU,7p0,2085,0.07529522822727447
74|FSU,7p0,2090,0.08019523518715437
74|FSU,7p0,2095,0.08593268951303991
74|FSU,7p0,2100,0.09213684775456418
74|FSU,no_climate,2025,0.015781365379463334
74|FSU,no_climate,2030,0.02300925986854458
74|FSU,no_climate,2035,0.034653388220077116
74|FSU,no_climate,2040,0.04353705101536709
74|FSU,no_climate,2045,0.05740361673934906
74|FSU,no_climate,2050,0.07057334359098696
74|FSU,no_climate,2055,0.08309144459086025
74|FSU,no_climate,2060,0.10005949315018275
74|FSU,no_climate,2065,0.1160434716803943
74|FSU,no_climate,2070,0.1333075176721813
74|FSU,no_climate,2075,0.1398478122194819
74|FSU,no_climate,2080,0.140590994096541
74|FSU,no_climate,2085,0.1392268704491642
74|FSU,no_climate,2090,0.13799329282307354
74|FSU,no_climate,2095,0.13998510032684977
74|FSU,no_climate,2100,0.14153478684680576
75|LAM,2p6,2025,0.021780589150087893
75|LAM,2p6,2030,0.02820274473418029
75|LAM,2p6,2035,0.03629561041397818
75|LAM,2p6,2040,0.04555342335224087
75|LAM,2p6,2045,0.05900696830378502
75|LAM,2p6,2050,0.08164498718048524
75|LAM,2p6,2055,0.09507275794047004
75|LAM,2p6,2060,0.10219371087739036
75|LAM,2p6,2065,0.11545237195941337
75|LAM,2p6,2070,0.13001963446250106
75|LAM,2p6,2075,0.14759820128697618
75|LAM,2p6,2080,0.14852459035510623
75|LAM,2p6,2085,0.13893410942441742
75|LAM,2p6,2090,0.12619907948257994
75|LAM,2p6,2095,0.11557043301306091
75|LAM,2p6,2100,0.10920591443678213
75|LAM,7p0,2025,0.02170180905665744
75|LAM,7p0,2030,0.02850927911987443
75|LAM,7p0,2035,0.036268100423391986
75|LAM,7p0,2040,0.04279315034914827
75|LAM,7p0,2045,0.04993130469841198
75|LAM,7p0,2050,0.05891848163696303
75|LAM,7p0,2055,0.07865731494559454
75|LAM,7p0,2060,0.09461880744799855
75|LAM,7p0,2065,0.10225108868780144
75|LAM,7p0,2070,0.10686860507740158
75|LAM,7p0,2075,0.11009207111089561
75|LAM,7p0,2080,0.11303163833293274
75|LAM,7p0,2085,0.11719079078078712
75|LAM,7p0,2090,0.1195397466446769
75|LAM,7p0,2095,0.12441722421372925
75|LAM,7p0,2100,0.1275267340648378
75|LAM,no_climate,2025,0.021741199103372667
75|LAM,no_climate,2030,0.028356011927027358
75|LAM,no_climate,2035,0.03628185541868508
75|LAM,no_climate,2040,0.04417328685069457
75|LAM,no_climate,2045,0.0544691365010985
75|LAM,no_climate,2050,0.07028173440872414
75|LAM,no_climate,2055,0.08686503644303228
75|LAM,no_climate,2060,0.09840625916269446
75|LAM,no_climate,2065,0.1088517303236074
75|LAM,no_climate,2070,0.11844411976995131
75|LAM,no_climate,2075,0.1288451361989359
75|LAM,no_climate,2080,0.13077811434401948
75|LAM,no_climate,2085,0.12806245010260225
75|LAM,no_climate,2090,0.12286941306362842
75|LAM,no_climate,2095,0.11999382861339508
75|LAM,no_climate,2100,0.11836632425080997
76|LAM,2p6,2025,0.12826797778890797
76|LAM,2p6,2030,0.16608866776845113
76|LAM,2p6,2035,0.213748329686308
76|LAM,2p6,2040,0.26826847770232953
76|LAM,2p6,2045,0.3474976938238675
76|LAM,2p6,2050,0.48081515748162845
76|LAM,2p6,2055,0.5598925869178899
76|LAM,2p6,2060,0.6018285615076806
76|LAM,2p6,2065,0.6799100878364908
76|LAM,2p6,2070,0.7656980934003211
76|LAM,2p6,2075,0.8692199588312894
76|LAM,2p6,2080,0.8746755528740391
76|LAM,2p6,2085,0.8181962911550063
76|LAM,2p6,2090,0.7431984788155686
76|LAM,2p6,2095,0.6806053607009044
76|LAM,2p6,2100,0.6431241005865092
76|LAM,7p0,2025,0.1278040342654012
76|LAM,7p0,2030,0.16789387815577408
76|LAM,7p0,2035,0.21358632071413708
76|LAM,7p0,2040,0.2520129653370648
76|LAM,7p0,2045,0.29405024069338637
76|LAM,7p0,2050,0.3469765873590091
76|LAM,7p0,2055,0.46322046923767196
76|LAM,7p0,2060,0.5572192289437617
76|LAM,7p0,2065,0.6021664649344736
76|LAM,7p0,2070,0.6293594616720645
76|LAM,7p0,2075,0.6483427622034849
76|LAM,7p0,2080,0.6656541554145238
76|LAM,7p0,2085,0.6901478029520568
76|LAM,7p0,2090,0.7039810292482023
76|LAM,7p0,2095,0.7327049622962016
76|LAM,7p0,2100,0.7510171639436384
76|LAM,no_climate,2025,0.1280360060271546
76|LAM,no_climate,2030,0.1669912729621126
76|LAM,no_climate,2035,0.21366732520022252
76|LAM,no_climate,2040,0.26014072151969714
76|LAM,no_climate,2045,0.32077396725862695
76|LAM,no_climate,2050,0.4138958724203188
76|LAM,no_climate,2055,0.511556528077781
76|LAM,no_climate,2060,0.5795238952257211
76|LAM,no_climate,2065,0.6410382763854822
76|LAM,no_climate,2070,0.6975287775361928
76|LAM,no_climate,2075,0.7587813605173872
76|LAM,no_climate,2080,0.7701648541442814
76|LAM,no_climate,2085,0.7541720470535316
76|LAM,no_climate,2090,0.7235897540318854
76|LAM,no_climate,2095,0.706655161498553
76|LAM,no_climate,2100,0.6970706322650737
77|CHN,2p6,2025,0.6446280299957751
77|CHN,2p6,2030,0.8052165505409358
77|CHN,2p6,2035,0.9523037792884909
77|CHN,2p6,2040,1.1340356641339604
77|CHN,2p6,2045,1.4484583295879014
77|CHN,2p6,2050,1.7534424825299777
77|CHN,2p6,2055,1.8627529499318023
77|CHN,2p6,2060,2.244384827281752
77|CHN,2p6,2065,3.1092352114030826
77|CHN,2p6,2070,3.092849163683367
77|CHN,2p6,2075,2.7280736540684485
77|CHN,2p6,2080,2.3801569669888205
77|CHN,2p6,2085,2.1346784104966976
77|CHN,2p6,2090,1.9015935546324858
77|CHN,2p6,2095,1.692223660835634
77|CHN,2p6,2100,1.543090036412279
77|CHN,7p0,2025,0.6461506822504625
77|CHN,7p0,2030,0.7892090538151598
77|CHN,7p0,2035,0.9016785077756235
77|CHN,7p0,2040,0.9224795769693802
77|CHN,7p0,2045,0.9384597226601481
77|CHN,7p0,2050,0.9045335379354034
77|CHN,7p0,2055,0.8690327838580006
77|CHN,7p0,2060,0.8549310103291441
77|CHN,7p0,2065,0.8377276295339918
77|CHN,7p0,2070,0.8250109978162048
77|CHN,7p0,2075,0.8158284319672784
77|CHN,7p0,2080,0.7980781818835421
77|CHN,7p0,2085,0.7675032650571254
77|CHN,7p0,2090,0.7525256404991422
77|CHN,7p0,2095,0.7516450580328737
77|CHN,7p0,2100,0.7514307732242119
77|CHN,no_climate,2025,0.6453893561231188
77|CHN,no_climate,2030,0.7972128021780478
77|CHN,no_climate,2035,0.9269911435320572
77|CHN,no_climate,2040,1.0282576205516702
77|CHN,no_climate,2045,1.1934590261240248
77|CHN,no_climate,2050,1.3289880102326905
77|CHN,no_climate,2055,1.3658928668949015
77|CHN,no_climate,2060,1.549657918805448
77|CHN,no_climate,2065,1.9734814204685371
77|CHN,no_climate,2070,1.958930080749786
77|CHN,no_climate,2075,1.7719510430178635
77|CHN,no_climate,2080,1.5891175744361812
77|CHN,no_climate,2085,1.4510908377769116
77|CHN,no_climate,2090,1.327059597565814
77|CHN,no_climate,2095,1.221934359434254
77|CHN,no_climate,2100,1.1472604048182455
77|FSU,2p6,2025,0.05719576798960705
77|FSU,2p6,2030,0.08494806398604798
77|FSU,2p6,2035,0.1336929027675448
77|FSU,2p6,2040,0.17435732425165448
77|FSU,2p6,2045,0.25664968811584193
77|FSU,2p6,2050,0.329678911934287
77|FSU,2p6,2055,0.4037582958774666
77|FSU,2p6,2060,0.511185524483503
77|FSU,2p6,2065,0.6161078558715523
77|FSU,2p6,2070,0.7246896043751431
77|FSU,2p6,2075,0.7554139203343514
77|FSU,2p6,2080,0.7511100322882229
77|FSU,2p6,2085,0.7272047078907662
77|FSU,2p6,2090,0.7008339938410898
77|FSU,2p6,2095,0.6945561362588145
77|FSU,2p6,2100,0.6834425757886324
77|FSU,7p0,2025,0.055782842160704664
77|FSU,7p0,2030,0.07977495826387547
77|FSU,7p0,2035,0.1143902981447348
77|FSU,7p0,2040,0.1373239146961671
77|FSU,7p0,2045,0.15430213264691695
77|FSU,7p0,2050,0.1755548293075153
77|FSU,7p0,2055,0.19109238399293774
77|FSU,7p0,2060,0.20513921654069286
77|FSU,7p0,2065,0.21464600047911042
77|FSU,7p0,2070,0.229657355285918
77|FSU,7p0,2075,0.24575493148625926
77|FSU,7p0,2080,0.2553792498969429
77|FSU,7p0,2085,0.26951882905955726
77|FSU,7p0,2090,0.2870583753137266
77|FSU,7p0,2095,0.307595559516526
77|FSU,7p0,2100,0.3298033076557384
77|FSU,no_climate,2025,0.05648930507515586
77|FSU,no_climate,2030,0.08236151112496173
77|FSU,no_climate,2035,0.1240416004561398
77|FSU,no_climate,2040,0.15584061947391079
77|FSU,no_climate,2045,0.20547591038137944
77|FSU,no_climate,2050,0.25261687062090116
77|FSU,no_climate,2055,0.29742533993520215
77|FSU,no_climate,2060,0.3581623705120979
77|FSU,no_climate,2065,0.41537692817533134
77|FSU,no_climate,2070,0.47717347983053054
77|FSU,no_climate,2075,0.5005844259103054
77|FSU,no_climate,2080,0.5032446410925829
77|FSU,no_climate,2085,0.4983617684751617
77|FSU,no_climate,2090,0.4939461845774082
77|FSU,no_climate,2095,0.5010758478876702
77|FSU,no_climate,2100,0.5066229417221855
78|AFR,2p6,2025,0.04177318466428335
78|AFR,2p6,2030,0.05925100501169681
78|AFR,2p6,2035,0.08323173515720937
78|AFR,2p6,2040,0.11986743566612086
78|AFR,2p6,2045,0.1729347003212147
78|AFR,2p6,2050,0.23632203676297048
78|AFR,2p6,2055,0.3170929660202653
78|AFR,2p6,2060,0.4159607304715023
78|AFR,2p6,2065,0.5352328281425435
78|AFR,2p6,2070,0.6793262965458818
78|AFR,2p6,2075,0.8763805390824883
78|AFR,2p6,2080,1.0048654202542449
78|AFR,2p6,2085,1.1546579273678996
78|AFR,2p6,2090,1.3703286291445649
78|AFR,2p6,2095,1.5942630539649765
78|AFR,2p6,2100,1.8156666406717288
78|AFR,7p0,2025,0.04015863351338656
78|AFR,7p0,2030,0.05407966170634604
78|AFR,7p0,2035,0.07095780626320936
78|AFR,7p0,2040,0.08901608386156208
78|AFR,7p0,2045,0.11499092534439563
78|AFR,7p0,2050,0.14508925085084057
78|AFR,7p0,2055,0.17744015923851741
78|AFR,7p0,2060,0.22066207833934418
78|AFR,7p0,2065,0.27204508774906305
78|AFR,7p0,2070,0.32711651851706375
78|AFR,7p0,2075,0.3900442898494637
78|AFR,7p0,2080,0.447092956226713
78|AFR,7p0,2085,0.4948693413762411
78|AFR,7p0,2090,0.5419579180679129
78|AFR,7p0,2095,0.6084239388799402
78|AFR,7p0,2100,0.6745566049597674
78|AFR,no_climate,2025,0.040965909088834955
78|AFR,no_climate,2030,0.05666533335902142
78|AFR,no_climate,2035,0.07709477071020937
78|AFR,no_climate,2040,0.10444175976384147
78|AFR,no_climate,2045,0.14396281283280515
78|AFR,no_climate,2050,0.19070564380690552
78|AFR,no_climate,2055,0.24726656262939137
78|AFR,no_climate,2060,0.3183114044054232
78|AFR,no_climate,2065,0.4036389579458033
78|AFR,no_climate,2070,0.5032214075314728
78|AFR,no_climate,2075,0.633212414465976
78|AFR,no_climate,2080,0.7259791882404789
78|AFR,no_climate,2085,0.8247636343720703
78|AFR,no_climate,2090,0.956143273606239
78|AFR,no_climate,2095,1.1013434964224582
78|AFR,no_climate,2100,1.2451116228157482
78|MEA,2p6,2025,0.7096744398748046
78|MEA,2p6,2030,0.8209708590641117
78|MEA,2p6,2035,0.9459116273403919
78|MEA,2p6,2040,1.0100380993590532
78|MEA,2p6,2045,1.1753877881784438
78|MEA,2p6,2050,1.4744799943737281
78|MEA,2p6,2055,1.8661942352129204
78|MEA,2p6,2060,2.2301366221286805
78|MEA,2p6,2065,2.4332346466364574
78|MEA,2p6,2070,2.614974667473555
78|MEA,2p6,2075,2.6741795745036407
78|MEA,2p6,2080,2.571953746976898
78|MEA,2p6,2085,2.6005384214763847
78|MEA,2p6,2090,2.5913581242283787
78|MEA,2p6,2095,2.5540927338873316
78|MEA,2p6,2100,2.490294832916222
78|MEA,7p0,2025,0.6216486675737797
78|MEA,7p0,2030,0.7407715754473411
78|MEA,7p0,2035,0.838605186329674
78|MEA,7p0,2040,0.9404649364162487
78|MEA,7p0,2045,1.0016045844770936
78|MEA,7p0,2050,0.9896360441402746
78|MEA,7p0,2055,1.0553583767842938
78|MEA,7p0,2060,1.0845641895439175
78|MEA,7p0,2065,1.1984455383805626
78|MEA,7p0,2070,1.307063665113721
78|MEA,7p0,2075,1.4138941216316383
78|MEA,7p0,2080,1.5744414410214829
78|MEA,7p0,2085,1.62571124606364
78|MEA,7p0,2090,1.7019356813721347
78|MEA,7p0,2095,1.7687821262936254
78|MEA,7p0,2100,1.8476142141264191
78|MEA,no_climate,2025,0.6656615537242921
78|MEA,no_climate,2030,0.7808712172557264
78|MEA,no_climate,2035,0.892258406835033
78|MEA,no_climate,2040,0.975251517887651
78|MEA,no_climate,2045,1.0884961863277687
78|MEA,no_climate,2050,1.2320580192570014
78|MEA,no_climate,2055,1.460776305998607
78|MEA,no_climate,2060,1.657350405836299
78|MEA,no_climate,2065,1.8158400925085099
78|MEA,no_climate,2070,1.9610191662936378
78|MEA,no_climate,2075,2.0440368480676394
78|MEA,no_climate,2080,2.0731975939991902
78|MEA,no_climate,2085,2.113124833770012
78|MEA,no_climate,2090,2.146646902800257
78|MEA,no_climate,2095,2.1614374300904786
78|MEA,no_climate,2100,2.1689545235213203
79|FSU,2p6,2025,0.01621880008438666
79|FSU,2p6,2030,0.02408841975154085
79|FSU,2p6,2035,0.037910819959304655
79|FSU,2p6,2040,0.04944188503247325
79|FSU,2p6,2045,0.07277723736531341
79|FSU,2p6,2050,0.09348587408900444
79|FSU,2p6,2055,0.11449230097651947
79|FSU,2p6,2060,0.14495505732411507
79|FSU,2p6,2065,0.17470750889500325
79|FSU,2p6,2070,0.2054976483352655
79|FSU,2p6,2075,0.21421003311104955
79|FSU,2p6,2080,0.21298959491676878
79|FSU,2p6,2085,0.20621084727541858
79|FSU,2p6,2090,0.19873299787698154
79|FSU,2p6,2095,0.19695280817651847
79|FSU,2p6,2100,0.19380137544246762
79|FSU,7p0,2025,0.015818141742720573
79|FSU,7p0,2030,0.022621500598736428
79|FSU,7p0,2035,0.03243724916046164
79|FSU,7p0,2040,0.03894045307105951
79|FSU,7p0,2045,0.04375490582536807
79|FSU,7p0,2050,0.04978145727328271
79|FSU,7p0,2055,0.05418738627993374
79|FSU,7p0,2060,0.058170596522906494
79|FSU,7p0,2065,0.06086640136236017
79|FSU,7p0,2070,0.06512311774479687
79|FSU,7p0,2075,0.06968785005652939
79|FSU,7p0,2080,0.07241698372739334
79|FSU,7p0,2085,0.0764264937973949
79|FSU,7p0,2090,0.08140012041814271
79|FSU,7p0,2095,0.08722377654846956
79|FSU,7p0,2100,0.09352114854039288
79|FSU,no_climate,2025,0.016018470913553615
79|FSU,no_climate,2030,0.02335496017513864
79|FSU,no_climate,2035,0.03517403455988315
79|FSU,no_climate,2040,0.044191169051766385
79|FSU,no_climate,2045,0.05826607159534074
79|FSU,no_climate,2050,0.07163366568114357
79|FSU,no_climate,2055,0.08433984362822661
79|FSU,no_climate,2060,0.10156282692351078
79|FSU,no_climate,2065,0.1177869551286817
79|FSU,no_climate,2070,0.13531038304003118
79|FSU,no_climate,2075,0.14194894158378946
79|FSU,no_climate,2080,0.14270328932208107
79|FSU,no_climate,2085,0.14131867053640673
79|FSU,no_climate,2090,0.1400665591475621
79|FSU,no_climate,2095,0.142088292362494
79|FSU,no_climate,2100,0.14366126199143026
7|AFR,2p6,2025,0.08073723815198865
7|AFR,2p6,2030,0.11451754375012307
7|AFR,2p6,2035,0.160866366239404
7|AFR,2p6,2040,0.23167411768627738
7|AFR,2p6,2045,0.33424002016572685
7|AFR,2p6,2050,0.4567520699231873
7|AFR,2p6,2055,0.6128623067560371
7|AFR,2p6,2060,0.8039492518430661
7|AFR,2p6,2065,1.034472728373397
7|AFR,2p6,2070,1.3129697778112717
7|AFR,2p6,2075,1.693826909878118
7|AFR,2p6,2080,1.9421564191904297
7|AFR,2p6,2085,2.2316683014520424
7|AFR,2p6,2090,2.6485064465848267
7|AFR,2p6,2095,3.081316325277477
7|AFR,2p6,2100,3.5092347196088376
7|AFR,7p0,2025,0.07761670995127486
7|AFR,7p0,2030,0.10452261567927423
7|AFR,7p0,2035,0.13714389623527376
7|AFR,7p0,2040,0.17204608218997583
7|AFR,7p0,2045,0.22224902887966805
7|AFR,7p0,2050,0.2804216507163663
7|AFR,7p0,2055,0.34294795834457703
7|AFR,7p0,2060,0.4264852419841725
7|AFR,7p0,2065,0.5257958954815917
7|AFR,7p0,2070,0.6322353555567648
7|AFR,7p0,2075,0.7538591795785388
7|AFR,7p0,2080,0.8641201472440344
7|AFR,7p0,2085,0.9564600877311827
7|AFR,7p0,2090,1.0474706645197962
7|AFR,7p0,2095,1.175933050005668
7|AFR,7p0,2100,1.3037511432112403
7|AFR,no_climate,2025,0.07917697405163175
7|AFR,no_climate,2030,0.10952007971469865
7|AFR,no_climate,2035,0.14900513123733888
7|AFR,no_climate,2040,0.2018600999381266
7|AFR,no_climate,2045,0.27824452452269743
7|AFR,no_climate,2050,0.36858686031977683
7|AFR,no_climate,2055,0.4779051325503071
7|AFR,no_climate,2060,0.6152172469136192
7|AFR,no_climate,2065,0.7801343119274944
7|AFR,no_climate,2070,0.9726025666840182
7|AFR,no_climate,2075,1.2238430447283284
7|AFR,no_climate,2080,1.403138283217232
7|AFR,no_climate,2085,1.5940641945916125
7|AFR,no_climate,2090,1.8479885555523115
7|AFR,no_climate,2095,2.1286246876415724
7|AFR,no_climate,2100,2.406492931410039
80|AFR,2p6,2025,0.11868392716036114
80|AFR,2p6,2030,0.16834105466225074
80|AFR,2p6,2035,0.23647393111674256
80|AFR,2p6,2040,0.3405614898128866
80|AFR,2p6,2045,0.49133360411399796
80|AFR,2p6,2050,0.6714266011311721
80|AFR,2p6,2055,0.9009090109998124
80|AFR,2p6,2060,1.1818072630469227
80|AFR,2p6,2065,1.5206773076944076
80|AFR,2p6,2070,1.9300686156759534
80|AFR,2p6,2075,2.4899294823015015
80|AFR,2p6,2080,2.8549744363970078
80|AFR,2p6,2085,3.2805575741520108
80|AFR,2p6,2090,3.8933106133563977
80|AFR,2p6,2095,4.529542137902027
80|AFR,2p6,2100,5.158583169102459
80|AFR,7p0,2025,0.11409674347470955
80|AFR,7p0,2030,0.15364848723877053
80|AFR,7p0,2035,0.2016018452431351
80|AFR,7p0,2040,0.2529081394686976
80|AFR,7p0,2045,0.32670658742821784
80|AFR,7p0,2050,0.4122204763204387
80|AFR,7p0,2055,0.504134293414145
80|AFR,7p0,2060,0.6269342939292972
80|AFR,7p0,2065,0.7729211846840591
80|AFR,7p0,2070,0.9293874376263375
80|AFR,7p0,2075,1.108174740753937
80|AFR,7p0,2080,1.270258618708837
80|AFR,7p0,2085,1.4059985451866026
80|AFR,7p0,2090,1.539784303947242
80|AFR,7p0,2095,1.7286243082727544
80|AFR,7p0,2100,1.9165172014533312
80|AFR,no_climate,2025,0.11639033531753534
80|AFR,no_climate,2030,0.16099477095051062
80|AFR,no_climate,2035,0.21903788817993883
80|AFR,no_climate,2040,0.2967348146407921
80|AFR,no_climate,2045,0.40902009577110787
80|AFR,no_climate,2050,0.5418235387258055
80|AFR,no_climate,2055,0.7025216522069786
80|AFR,no_climate,2060,0.90437077848811
80|AFR,no_climate,2065,1.1467992461892333
80|AFR,no_climate,2070,1.4297280266511454
80|AFR,no_climate,2075,1.7990521115277192
80|AFR,no_climate,2080,2.0626165275529225
80|AFR,no_climate,2085,2.3432780596693066
80|AFR,no_climate,2090,2.71654745865182
80|AFR,no_climate,2095,3.129083223087391
80|AFR,no_climate,2100,3.537550185277895
81|NAM,2p6,2025,0.00708845165019917
81|NAM,2p6,2030,0.01102173692629152
81|NAM,2p6,2035,0.012056625013841454
81|NAM,2p6,2040,0.01177846903167557
81|NAM,2p6,2045,0.011338981876420096
81|NAM,2p6,2050,0.011388964381629807
81|NAM,2p6,2055,0.011020805064022733
81|NAM,2p6,2060,0.010877119174535092
81|NAM,2p6,2065,0.010508563884568133
81|NAM,2p6,2070,0.010451909400880373
81|NAM,2p6,2075,0.010324345291112215
81|NAM,2p6,2080,0.010198946890618711
81|NAM,2p6,2085,0.010010874837523828
81|NAM,2p6,2090,0.009796286166218337
81|NAM,2p6,2095,0.009578854813739771
81|NAM,2p6,2100,0.009243998236661388
81|NAM,7p0,2025,0.007029333980052119
81|NAM,7p0,2030,0.010855163746306842
81|NAM,7p0,2035,0.012070375103468532
81|NAM,7p0,2040,0.012752149527883783
81|NAM,7p0,2045,0.013172731512201353
81|NAM,7p0,2050,0.013855301655500243
81|NAM,7p0,2055,0.014460586486745818
81|NAM,7p0,2060,0.014888500179704873
81|NAM,7p0,2065,0.015305949051567827
81|NAM,7p0,2070,0.015755233212587195
81|NAM,7p0,2075,0.016184115240968494
81|NAM,7p0,2080,0.016538224008633712
81|NAM,7p0,2085,0.016903680843720785
81|NAM,7p0,2090,0.01782640557553177
81|NAM,7p0,2095,0.01828354317832956
81|NAM,7p0,2100,0.01838651786178504
81|NAM,no_climate,2025,0.007058892815125645
81|NAM,no_climate,2030,0.010938450336299182
81|NAM,no_climate,2035,0.012063500058654992
81|NAM,no_climate,2040,0.012265309279779677
81|NAM,no_climate,2045,0.012255856694310724
81|NAM,no_climate,2050,0.012622133018565025
81|NAM,no_climate,2055,0.012740695775384276
81|NAM,no_climate,2060,0.012882809677119984
81|NAM,no_climate,2065,0.012907256468067979
81|NAM,no_climate,2070,0.013103571306733784
81|NAM,no_climate,2075,0.013254230266040355
81|NAM,no_climate,2080,0.013368585449626212
81|NAM,no_climate,2085,0.013457277840622306
81|NAM,no_climate,2090,0.013811345870875055
81|NAM,no_climate,2095,0.013931198996034665
81|NAM,no_climate,2100,0.013815258049223214
82|AFR,2p6,2025,0.0002403187752737792
82|AFR,2p6,2030,0.00034086768994479337
82|AFR,2p6,2035,0.0004788274779058017
82|AFR,2p6,2040,0.0006895905965991756
82|AFR,2p6,2045,0.0009948835770490407
82|AFR,2p6,2050,0.0013595473484127383
82|AFR,2p6,2055,0.0018242179487712178
82|AFR,2p6,2060,0.002392998621298986
82|AFR,2p6,2065,0.0030791642719908458
82|AFR,2p6,2070,0.003908125868525501
82|AFR,2p6,2075,0.005041767811544257
82|AFR,2p6,2080,0.005780934086094403
82|AFR,2p6,2085,0.006642681930891142
82|AFR,2p6,2090,0.007883423313908554
82|AFR,2p6,2095,0.009171705429504415
82|AFR,2p6,2100,0.010445427776177251
82|AFR,7p0,2025,0.00023103035356691955
82|AFR,7p0,2030,0.0003111172435842902
82|AFR,7p0,2035,0.0004082162572553078
82|AFR,7p0,2040,0.0005121045097519051
82|AFR,7p0,2045,0.0006615363077642389
82|AFR,7p0,2050,0.0008346902767908063
82|AFR,7p0,2055,0.0010208032280824531
82|AFR,7p0,2060,0.0012694564908578457
82|AFR,7p0,2065,0.0015650600458767831
82|AFR,7p0,2070,0.0018818828809348078
82|AFR,7p0,2075,0.002243902800144868
82|AFR,7p0,2080,0.0025721005601424467
82|AFR,7p0,2085,0.0028469554092140775
82|AFR,7p0,2090,0.0031178533350215763
82|AFR,7p0,2095,0.0035002286039228503
82|AFR,7p0,2100,0.00388068610185172
82|AFR,no_climate,2025,0.0002356745644203494
82|AFR,no_climate,2030,0.0003259924667645418
82|AFR,no_climate,2035,0.00044352186758055476
82|AFR,no_climate,2040,0.0006008475531755404
82|AFR,no_climate,2045,0.0008282099424066398
82|AFR,no_climate,2050,0.0010971188126017723
82|AFR,no_climate,2055,0.0014225105884268356
82|AFR,no_climate,2060,0.001831227556078416
82|AFR,no_climate,2065,0.0023221121589338143
82|AFR,no_climate,2070,0.0028950043747301545
82|AFR,no_climate,2075,0.003642835305844563
82|AFR,no_climate,2080,0.004176517323118425
82|AFR,no_climate,2085,0.00474481867005261
82|AFR,no_climate,2090,0.0055006383244650655
82|AFR,no_climate,2095,0.006335967016713633
82|AFR,no_climate,2100,0.007163056939014485
83|LAM,2p6,2025,0.018649332336712725
83|LAM,2p6,2030,0.024148215446829664
83|LAM,2p6,2035,0.031077621285161554
83|LAM,2p6,2040,0.0390044973217578
83|LAM,2p6,2045,0.05052391165804255
83|LAM,2p6,2050,0.06990740650141573
83|LAM,2p6,2055,0.08140475203778014
83|LAM,2p6,2060,0.08750197084851105
83|LAM,2p6,2065,0.09885451853005475
83|LAM,2p6,2070,0.11132753832690996
83|LAM,2p6,2075,0.12637894636981067
83|LAM,2p6,2080,0.12717215437192692
83|LAM,2p6,2085,0.1189604359049542
83|LAM,2p6,2090,0.10805624024400462
83|LAM,2p6,2095,0.09895560669669357
83|LAM,2p6,2100,0.09350607448825347
83|LAM,7p0,2025,0.018581877956402912
83|LAM,7p0,2030,0.02441068133294721
83|LAM,7p0,2035,0.031054066231003635
83|LAM,7p0,2040,0.036641051217522265
83|LAM,7p0,2045,0.04275299850291666
83|LAM,7p0,2050,0.050448146156679856
83|LAM,7p0,2055,0.06734925290705251
83|LAM,7p0,2060,0.08101606312123258
83|LAM,7p0,2065,0.08755109981594786
83|LAM,7p0,2070,0.09150478523402679
83|LAM,7p0,2075,0.09426483405182899
83|LAM,7p0,2080,0.09678179838516782
83|LAM,7p0,2085,0.10034301593096481
83|LAM,7p0,2090,0.10235427734580003
83|LAM,7p0,2095,0.10653055097748698
83|LAM,7p0,2100,0.10919302636867133
83|LAM,no_climate,2025,0.01861560514655782
83|LAM,no_climate,2030,0.024279448389888436
83|LAM,no_climate,2035,0.031065843758082592
83|LAM,no_climate,2040,0.037822774269640036
83|LAM,no_climate,2045,0.046638455080479604
83|LAM,no_climate,2050,0.06017777632904779
83|LAM,no_climate,2055,0.07437700247241633
83|LAM,no_climate,2060,0.08425901698487182
83|LAM,no_climate,2065,0.0932028091730013
83|LAM,no_climate,2070,0.10141616178046838
83|LAM,no_climate,2075,0.11032189021081984
83|LAM,no_climate,2080,0.11197697637854737
83|LAM,no_climate,2085,0.1096517259179595
83|LAM,no_climate,2090,0.10520525879490233
83|LAM,no_climate,2095,0.10274307883709027
83|LAM,no_climate,2100,0.1013495504284624
84|LAM,2p6,2025,0.03032015683739444
84|LAM,2p6,2030,0.03926026232315648
84|LAM,2p6,2035,0.05052611720819059
84|LAM,2p6,2040,0.06341366300987299
84|LAM,2p6,2045,0.08214197151148708
84|LAM,2p6,2050,0.11365573259938111
84|LAM,2p6,2055,0.13234816156049922
84|LAM,2p6,2060,0.1422610435487377
84|LAM,2p6,2065,0.16071805959594473
84|LAM,2p6,2070,0.1809967435535516
84|LAM,2p6,2075,0.20546738112088084
84|LAM,2p6,2080,0.20675698176687796
84|LAM,2p6,2085,0.19340633803723611
84|LAM,2p6,2090,0.1756782544438744
84|LAM,2p6,2095,0.16088240912929824
84|LAM,2p6,2100,0.1520225385308712
84|LAM,7p0,2025,0.030210489244290498
84|LAM,7p0,2030,0.03968698037868085
84|LAM,7p0,2035,0.05048782130979129
84|LAM,7p0,2040,0.059571163167876945
84|LAM,7p0,2045,0.06950799076734211
84|LAM,7p0,2050,0.08201879166554384
84|LAM,7p0,2055,0.10949667656483628
84|LAM,7p0,2060,0.13171622961259358
84|LAM,7p0,2065,0.14234091761452455
84|LAM,7p0,2070,0.14876883470010763
84|LAM,7p0,2075,0.15325613277189365
84|LAM,7p0,2080,0.15734822314612806
84|LAM,7p0,2085,0.16313806444291729
84|LAM,7p0,2090,0.16640798105107146
84|LAM,7p0,2095,0.1731977829175625
84|LAM,7p0,2100,0.17752644573395163
84|LAM,no_climate,2025,0.03026532304084247
84|LAM,no_climate,2030,0.03947362135091866
84|LAM,no_climate,2035,0.05050696925899094
84|LAM,no_climate,2040,0.061492413088874966
84|LAM,no_climate,2045,0.0758249811394146
84|LAM,no_climate,2050,0.09783726213246247
84|LAM,no_climate,2055,0.12092241906266775
84|LAM,no_climate,2060,0.13698863658066562
84|LAM,no_climate,2065,0.15152948860523463
84|LAM,no_climate,2070,0.16488278912682963
84|LAM,no_climate,2075,0.17936175694638723
84|LAM,no_climate,2080,0.182052602456503
84|LAM,no_climate,2085,0.1782722012400767
84|LAM,no_climate,2090,0.17104311774747294
84|LAM,no_climate,2095,0.16704009602343037
84|LAM,no_climate,2100,0.1647744921324114
85|MEA,2p6,2025,1.6998805293245884
85|MEA,2p6,2030,1.9664684255954843
85|MEA,2p6,2035,2.265738580159838
85|MEA,2p6,2040,2.419340478543033
85|MEA,2p6,2045,2.815401969222543
85|MEA,2p6,2050,3.5318164111373327
85|MEA,2p6,2055,4.470088065924805
85|MEA,2p6,2060,5.341837902967203
85|MEA,2p6,2065,5.828317840818655
85|MEA,2p6,2070,6.263639032426636
85|MEA,2p6,2075,6.405452324615474
85|MEA,2p6,2080,6.160591182600187
85|MEA,2p6,2085,6.229059946428473
85|MEA,2p6,2090,6.207070414794712
85|MEA,2p6,2095,6.117808764805456
85|MEA,2p6,2100,5.96499389142253
85|MEA,7p0,2025,1.4890327264367331
85|MEA,7p0,2030,1.7743673817563135
85|MEA,7p0,2035,2.008707863684526
85|MEA,7p0,2040,2.252692141777707
85|MEA,7p0,2045,2.3991397119152515
85|MEA,7p0,2050,2.370471512048023
85|MEA,7p0,2055,2.52789596941339
85|MEA,7p0,2060,2.5978525433910895
85|MEA,7p0,2065,2.870632111970148
85|MEA,7p0,2070,3.1308047043464198
85|MEA,7p0,2075,3.386695296947868
85|MEA,7p0,2080,3.7712536901093827
85|MEA,7p0,2085,3.8940600622098143
85|MEA,7p0,2090,4.076640166775127
85|MEA,7p0,2095,4.236757206070859
85|MEA,7p0,2100,4.425583410966461
85|MEA,no_climate,2025,1.594456627880661
85|MEA,no_climate,2030,1.8704179036758988
85|MEA,no_climate,2035,2.137223221922182
85|MEA,no_climate,2040,2.33601631016037
85|MEA,no_climate,2045,2.6072708405688974
85|MEA,no_climate,2050,2.9511439615926776
85|MEA,no_climate,2055,3.4989920176690976
85|MEA,no_climate,2060,3.9698452231791466
85|MEA,no_climate,2065,4.349474976394402
85|MEA,no_climate,2070,4.697221868386528
85|MEA,no_climate,2075,4.8960738107816715
85|MEA,no_climate,2080,4.965922436354784
85|MEA,no_climate,2085,5.061560004319143
85|MEA,no_climate,2090,5.141855290784919
85|MEA,no_climate,2095,5.177282985438158
85|MEA,no_climate,2100,5.195288651194495
85|WEU,2p6,2025,0.0755542969702416
85|WEU,2p6,2030,0.08801672447092738
85|WEU,2p6,2035,0.10214359667759786
85|WEU,2p6,2040,0.1181265736786135
85|WEU,2p6,2045,0.1307066482426039
85|WEU,2p6,2050,0.1467039165381394
85|WEU,2p6,2055,0.16186268180964083
85|WEU,2p6,2060,0.1646409501981768
85|WEU,2p6,2065,0.15413181549499327
85|WEU,2p6,2070,0.14422374028484672
85|WEU,2p6,2075,0.13969676846592333
85|WEU,2p6,2080,0.1320224412432843
85|WEU,2p6,2085,0.1277293901389437
85|WEU,2p6,2090,0.12323197477074362
85|WEU,2p6,2095,0.11849687529903634
85|WEU,2p6,2100,0.11474071492622914
85|WEU,7p0,2025,0.07525410206968221
85|WEU,7p0,2030,0.08776320992639733
85|WEU,7p0,2035,0.09658736250732523
85|WEU,7p0,2040,0.10881561908282762
85|WEU,7p0,2045,0.1160669243506804
85|WEU,7p0,2050,0.11883620902699216
85|WEU,7p0,2055,0.11999093511787355
85|WEU,7p0,2060,0.12200209908036996
85|WEU,7p0,2065,0.12359478192147548
85|WEU,7p0,2070,0.12648248528450143
85|WEU,7p0,2075,0.12957722501708993
85|WEU,7p0,2080,0.1314527553259895
85|WEU,7p0,2085,0.13062153047719882
85|WEU,7p0,2090,0.1341462751290665
85|WEU,7p0,2095,0.13503396698601575
85|WEU,7p0,2100,0.1354235137835106
85|WEU,no_climate,2025,0.07540419951996191
85|WEU,no_climate,2030,0.08788996719866235
85|WEU,no_climate,2035,0.09936547959246154
85|WEU,no_climate,2040,0.11347109638072056
85|WEU,no_climate,2045,0.12338678629664215
85|WEU,no_climate,2050,0.13277006278256578
85|WEU,no_climate,2055,0.14092680846375719
85|WEU,no_climate,2060,0.1433215246392734
85|WEU,no_climate,2065,0.13886329870823438
85|WEU,no_climate,2070,0.13535311278467407
85|WEU,no_climate,2075,0.13463699674150664
85|WEU,no_climate,2080,0.13173759828463688
85|WEU,no_climate,2085,0.12917546030807125
85|WEU,no_climate,2090,0.12868912494990506
85|WEU,no_climate,2095,0.12676542114252604
85|WEU,no_climate,2100,0.12508211435486988
86|WEU,2p6,2025,0.28811235829368287
86|WEU,2p6,2030,0.3356355240336915
86|WEU,2p6,2035,0.38950574227396456
86|WEU,2p6,2040,0.4504538733660986
86|WEU,2p6,2045,0.4984256644552171
86|WEU,2p6,2050,0.5594282927597176
86|WEU,2p6,2055,0.617233444634969
86|WEU,2p6,2060,0.6278278580501206
86|WEU,2p6,2065,0.5877532136635447
86|WEU,2p6,2070,0.5499705986513125
86|WEU,2p6,2075,0.5327078276511036
86|WEU,2p6,2080,0.503443198065538
86|WEU,2p6,2085,0.4870724405104244
86|WEU,2p6,2090,0.4699223775766282
86|WEU,2p6,2095,0.45186595020908765
86|WEU,2p6,2100,0.4375425263068707
86|WEU,7p0,2025,0.28696762047973734
86|WEU,7p0,2030,0.33466879313663783
86|WEU,7p0,2035,0.3683180693788054
86|WEU,7p0,2040,0.41494826754180164
86|WEU,7p0,2045,0.44259978102555936
86|WEU,7p0,2050,0.4531599367132364
86|WEU,7p0,2055,0.4575632714085234
86|WEU,7p0,2060,0.4652324737621411
86|WEU,7p0,2065,0.47130587564351295
86|WEU,7p0,2070,0.4823175991236705
86|WEU,7p0,2075,0.4941188175641309
86|WEU,7p0,2080,0.5012708060282836
86|WEU,7p0,2085,0.4981010835762076
86|WEU,7p0,2090,0.511542046363971
86|WEU,7p0,2095,0.514927095323456
86|WEU,7p0,2100,0.5164125600950521
86|WEU,no_climate,2025,0.2875399893867101
86|WEU,no_climate,2030,0.3351521585851647
86|WEU,no_climate,2035,0.378911905826385
86|WEU,no_climate,2040,0.4327010704539501
86|WEU,no_climate,2045,0.47051272274038825
86|WEU,no_climate,2050,0.506294114736477
86|WEU,no_climate,2055,0.5373983580217462
86|WEU,no_climate,2060,0.5465301659061309
86|WEU,no_climate,2065,0.5295295446535289
86|WEU,no_climate,2070,0.5161440988874915
86|WEU,no_climate,2075,0.5134133226076172
86|WEU,no_climate,2080,0.5023570020469108
86|WEU,no_climate,2085,0.492586762043316
86|WEU,no_climate,2090,0.4907322119702996
86|WEU,no_climate,2095,0.4833965227662719
86|WEU,no_climate,2100,0.4769775432009614
87|MEA,2p6,2025,0.6253208315802639
87|MEA,2p6,2030,0.7233882910926013
87|MEA,2p6,2035,0.8334782995908407
87|MEA,2p6,2040,0.8899825451377028
87|MEA,2p6,2045,1.0356783728362735
87|MEA,2p6,2050,1.299219761096227
87|MEA,2p6,2055,1.6443739065190315
87|MEA,2p6,2060,1.9650572272732878
87|MEA,2p6,2065,2.144014532823022
87|MEA,2p6,2070,2.304152498312263
87|MEA,2p6,2075,2.35632016790484
87|MEA,2p6,2080,2.2662451477459054
87|MEA,2p6,2085,2.291432179184749
87|MEA,2p6,2090,2.283343074115261
87|MEA,2p6,2095,2.2505071375675993
87|MEA,2p6,2100,2.194292408324473
87|MEA,7p0,2025,0.5477580139797281
87|MEA,7p0,2030,0.6527216869350279
87|MEA,7p0,2035,0.7389265598683589
87|MEA,7p0,2040,0.8286790154308438
87|MEA,7p0,2045,0.8825514580887429
87|MEA,7p0,2050,0.8720055272002896
87|MEA,7p0,2055,0.9299159455459227
87|MEA,7p0,2060,0.9556502852595629
87|MEA,7p0,2065,1.055995423473327
87|MEA,7p0,2070,1.1517029388031046
87|MEA,7p0,2075,1.2458352706927358
87|MEA,7p0,2080,1.3872995501256409
87|MEA,7p0,2085,1.4324753030097035
87|MEA,7p0,2090,1.499639518875013
87|MEA,7p0,2095,1.5585404348131224
87|MEA,7p0,2100,1.6280023513610924
87|MEA,no_climate,2025,0.586539422779996
87|MEA,no_climate,2030,0.6880549890138146
87|MEA,no_climate,2035,0.7862024297295997
87|MEA,no_climate,2040,0.8593307802842733
87|MEA,no_climate,2045,0.9591149154625083
87|MEA,no_climate,2050,1.0856126441482583
87|MEA,no_climate,2055,1.287144926032477
87|MEA,no_climate,2060,1.4603537562664253
87|MEA,no_climate,2065,1.6000049781481747
87|MEA,no_climate,2070,1.7279277185576838
87|MEA,no_climate,2075,1.801077719298788
87|MEA,no_climate,2080,1.8267723489357732
87|MEA,no_climate,2085,1.8619537410972264
87|MEA,no_climate,2090,1.891491296495137
87|MEA,no_climate,2095,1.904523786190361
87|MEA,no_climate,2100,1.9111473798427827
88|CHN,2p6,2025,0.05018894408379699
88|CHN,2p6,2030,0.06269191929291654
88|CHN,2p6,2035,0.07414372150372033
88|CHN,2p6,2040,0.08829286020439407
88|CHN,2p6,2045,0.11277293373648929
88|CHN,2p6,2050,0.13651815095665015
88|CHN,2p6,2055,0.14502875968125037
88|CHN,2p6,2060,0.17474155537373157
88|CHN,2p6,2065,0.24207639895755817
88|CHN,2p6,2070,0.24080062689290777
88|CHN,2p6,2075,0.21240022107232673
88|CHN,2p6,2080,0.18531239624756105
88|CHN,2p6,2085,0.16620011913228405
88|CHN,2p6,2090,0.14805278104984682
88|CHN,2p6,2095,0.13175182390302592
88|CHN,2p6,2100,0.12014069502107706
88|CHN,7p0,2025,0.050307493550021835
88|CHN,7p0,2030,0.06144562015495198
88|CHN,7p0,2035,0.07020217877992192
88|CHN,7p0,2040,0.07182169212726348
88|CHN,7p0,2045,0.07306586178977433
88|CHN,7p0,2050,0.07042446348114363
88|CHN,7p0,2055,0.0676604735855521
88|CHN,7p0,2060,0.06656254875109092
88|CHN,7p0,2065,0.06522314140824574
88|CHN,7p0,2070,0.06423305985963168
88|CHN,7p0,2075,0.06351813084244237
88|CHN,7p0,2080,0.062136145779006814
88|CHN,7p0,2085,0.059755667860636075
88|CHN,7p0,2090,0.058589551702991405
88|CHN,7p0,2095,0.05852099200328209
88|CHN,7p0,2100,0.05850430838454462
88|CHN,no_climate,2025,0.05024821881690941
88|CHN,no_climate,2030,0.062068769723934256
88|CHN,no_climate,2035,0.07217295014182112
88|CHN,no_climate,2040,0.08005727616582878
88|CHN,no_climate,2045,0.09291939776313181
88|CHN,no_climate,2050,0.10347130721889689
88|CHN,no_climate,2055,0.10634461663340124
88|CHN,no_climate,2060,0.12065205206241125
88|CHN,no_climate,2065,0.15364977018290196
88|CHN,no_climate,2070,0.15251684337626972
88|CHN,no_climate,2075,0.13795917595738455
88|CHN,no_climate,2080,0.12372427101328393
88|CHN,no_climate,2085,0.11297789349646006
88|CHN,no_climate,2090,0.10332116637641911
88|CHN,no_climate,2095,0.095136407953154
88|CHN,no_climate,2100,0.08932250170281084
88|PAS,2p6,2025,0.039418756462735884
88|PAS,2p6,2030,0.05599343015688525
88|PAS,2p6,2035,0.0736809896218884
88|PAS,2p6,2040,0.09771096740875569
88|PAS,2p6,2045,0.12799118760481906
88|PAS,2p6,2050,0.16204917340598907
88|PAS,2p6,2055,0.1982443977539455
88|PAS,2p6,2060,0.2544123159111136
88|PAS,2p6,2065,0.28777424755371783
88|PAS,2p6,2070,0.31493459203013957
88|PAS,2p6,2075,0.35331019019942966
88|PAS,2p6,2080,0.39101952467507994
88|PAS,2p6,2085,0.45276229861550876
88|PAS,2p6,2090,0.45204338327571125
88|PAS,2p6,2095,0.43210842142035305
88|PAS,2p6,2100,0.4039064785132071
88|PAS,7p0,2025,0.0403142694213294
88|PAS,7p0,2030,0.05438783545904221
88|PAS,7p0,2035,0.06891436537843355
88|PAS,7p0,2040,0.08655157908297392
88|PAS,7p0,2045,0.1050908552528763
88|PAS,7p0,2050,0.11935587458531612
88|PAS,7p0,2055,0.12754401587589612
88|PAS,7p0,2060,0.13350573371950952
88|PAS,7p0,2065,0.14462764072505463
88|PAS,7p0,2070,0.15271808735138773
88|PAS,7p0,2075,0.15911847051876973
88|PAS,7p0,2080,0.16510501418617468
88|PAS,7p0,2085,0.1706470248835278
88|PAS,7p0,2090,0.17756475358829518
88|PAS,7p0,2095,0.18207865347727867
88|PAS,7p0,2100,0.18909493811501205
88|PAS,no_climate,2025,0.03986651294203264
88|PAS,no_climate,2030,0.05519063280796373
88|PAS,no_climate,2035,0.07129767750016097
88|PAS,no_climate,2040,0.09213127324586481
88|PAS,no_climate,2045,0.11654102142884767
88|PAS,no_climate,2050,0.14070252399565258
88|PAS,no_climate,2055,0.1628942068149208
88|PAS,no_climate,2060,0.19395902481531155
88|PAS,no_climate,2065,0.21620094413938623
88|PAS,no_climate,2070,0.23382633969076366
88|PAS,no_climate,2075,0.2562143303590997
88|PAS,no_climate,2080,0.2780622694306273
88|PAS,no_climate,2085,0.3117046617495183
88|PAS,no_climate,2090,0.3148040684320032
88|PAS,no_climate,2095,0.30709353744881585
88|PAS,no_climate,2100,0.2965007083141096
88|RCPA,2p6,2025,0.07184134461529675
88|RCPA,2p6,2030,0.07306281309042294
88|RCPA,2p6,2035,0.07753159564099797
88|RCPA,2p6,2040,0.09853184684553283
88|RCPA,2p6,2045,0.13541888764488455
88|RCPA,2p6,2050,0.14352116852044455
88|RCPA,2p6,2055,0.14607406986058583
88|RCPA,2p6,2060,0.15044965141785424
88|RCPA,2p6,2065,0.1618821561068078
88|RCPA,2p6,2070,0.19126052722048417
88|RCPA,2p6,2075,0.1964423276310535
88|RCPA,2p6,2080,0.20720401871246721
88|RCPA,2p6,2085,0.24327610549490217
88|RCPA,2p6,2090,0.23299020267561538
88|RCPA,2p6,2095,0.20693105059070563
88|RCPA,2p6,2100,0.19072547934715064
88|RCPA,7p0,2025,0.07228435718383383
88|RCPA,7p0,2030,0.07131919725278707
88|RCPA,7p0,2035,0.06968418194995349
88|RCPA,7p0,2040,0.0720896222472558
88|RCPA,7p0,2045,0.07245514058340499
88|RCPA,7p0,2050,0.07588661284368226
88|RCPA,7p0,2055,0.07759134737043591
88|RCPA,7p0,2060,0.077661594474189
88|RCPA,7p0,2065,0.07832352981930533
88|RCPA,7p0,2070,0.07906309169113064
88|RCPA,7p0,2075,0.07936006248109997
88|RCPA,7p0,2080,0.07802967584089282
88|RCPA,7p0,2085,0.07893515623653259
88|RCPA,7p0,2090,0.08093365767190404
88|RCPA,7p0,2095,0.0857817980043585
88|RCPA,7p0,2100,0.09468269033752982
88|RCPA,no_climate,2025,0.0720628508995653
88|RCPA,no_climate,2030,0.07219100517160501
88|RCPA,no_climate,2035,0.07360788879547572
88|RCPA,no_climate,2040,0.08531073454639432
88|RCPA,no_climate,2045,0.10393701411414477
88|RCPA,no_climate,2050,0.1097038906820634
88|RCPA,no_climate,2055,0.11183270861551087
88|RCPA,no_climate,2060,0.11405562294602162
88|RCPA,no_climate,2065,0.12010284296305657
88|RCPA,no_climate,2070,0.1351618094558074
88|RCPA,no_climate,2075,0.13790119505607673
88|RCPA,no_climate,2080,0.14261684727668
88|RCPA,no_climate,2085,0.1611056308657174
88|RCPA,no_climate,2090,0.1569619301737597
88|RCPA,no_climate,2095,0.14635642429753207
88|RCPA,no_climate,2100,0.14270408484234023
8|AFR,2p6,2025,0.027888899643933537
8|AFR,2p6,2030,0.0395575617672808
8|AFR,2p6,2035,0.05556774106750259
8|AFR,2p6,2040,0.08002671835375748
8|AFR,2p6,2045,0.1154558490326397
8|AFR,2p6,2050,0.15777493671837878
8|AFR,2p6,2055,0.2116997776972847
8|AFR,2p6,2060,0.27770655173091846
8|AFR,2p6,2065,0.35733580645501895
8|AFR,2p6,2070,0.4535364747053135
8|AFR,2p6,2075,0.585095177702971
8|AFR,2p6,2080,0.670875134044811
8|AFR,2p6,2085,0.7708806335507604
8|AFR,2p6,2090,0.9148681845676424
8|AFR,2p6,2095,1.0643728189600077
8|AFR,2p6,2100,1.2121877978775957
8|AFR,7p0,2025,0.02681098194674974
8|AFR,7p0,2030,0.036105034131996915
8|AFR,7p0,2035,0.04737333659696626
8|AFR,7p0,2040,0.05942952756565148
8|AFR,7p0,2045,0.07677102913426917
8|AFR,7p0,2050,0.09686547934786265
8|AFR,7p0,2055,0.11846381437223123
8|AFR,7p0,2060,0.14731992802285782
8|AFR,7p0,2065,0.18162460467960767
8|AFR,7p0,2070,0.2183917704650261
8|AFR,7p0,2075,0.2604040401449636
8|AFR,7p0,2080,0.2984912615096229
8|AFR,7p0,2085,0.33038805897654794
8|AFR,7p0,2090,0.3618256570501406
8|AFR,7p0,2095,0.4062001570806143
8|AFR,7p0,2100,0.4503521005416794
8|AFR,no_climate,2025,0.027349940795341636
8|AFR,no_climate,2030,0.037831297949638854
8|AFR,no_climate,2035,0.05147053883223443
8|AFR,no_climate,2040,0.06972812295970449
8|AFR,no_climate,2045,0.09611343908345443
8|AFR,no_climate,2050,0.12732020803312072
8|AFR,no_climate,2055,0.16508179603475798
8|AFR,no_climate,2060,0.21251323987688814
8|AFR,no_climate,2065,0.26948020556731334
8|AFR,no_climate,2070,0.33596412258516983
8|AFR,no_climate,2075,0.4227496089239673
8|AFR,no_climate,2080,0.48468319777721697
8|AFR,no_climate,2085,0.5506343462636542
8|AFR,no_climate,2090,0.6383469208088914
8|AFR,no_climate,2095,0.7352864880203109
8|AFR,no_climate,2100,0.8312699492096376
90|NAM,2p6,2025,0.48069731202998023
90|NAM,2p6,2030,0.7474297033853712
90|NAM,2p6,2035,0.8176097577168587
90|NAM,2p6,2040,0.7987468466679497
90|NAM,2p6,2045,0.7689433995079379
90|NAM,2p6,2050,0.7723329205329079
90|NAM,2p6,2055,0.7473665099392008
90|NAM,2p6,2060,0.7376225737085848
90|NAM,2p6,2065,0.712629310586508
90|NAM,2p6,2070,0.7087873350230028
90|NAM,2p6,2075,0.700136683554522
90|NAM,2p6,2080,0.6916328978161524
90|NAM,2p6,2085,0.6788789517004121
90|NAM,2p6,2090,0.6643268037026564
90|NAM,2p6,2095,0.6495818817020171
90|NAM,2p6,2100,0.6268738680961663
90|NAM,7p0,2025,0.47668829757442366
90|NAM,7p0,2030,0.7361336850408473
90|NAM,7p0,2035,0.8185422083351431
90|NAM,7p0,2040,0.8647761603178712
90|NAM,7p0,2045,0.8932975694106469
90|NAM,7p0,2050,0.9395854823918233
90|NAM,7p0,2055,0.9806323577533972
90|NAM,7p0,2060,1.0096509604239057
90|NAM,7p0,2065,1.0379599001637756
90|NAM,7p0,2070,1.0684277229263937
90|NAM,7p0,2075,1.097511992438913
90|NAM,7p0,2080,1.1215255769539654
90|NAM,7p0,2085,1.1463087209970517
90|NAM,7p0,2090,1.2088825128790437
90|NAM,7p0,2095,1.2398829101077602
90|NAM,7p0,2100,1.246866050571559
90|NAM,no_climate,2025,0.47869280480220194
90|NAM,no_climate,2030,0.7417816942131092
90|NAM,no_climate,2035,0.8180759830260009
90|NAM,no_climate,2040,0.8317615034929104
90|NAM,no_climate,2045,0.8311204844592923
90|NAM,no_climate,2050,0.8559592014623656
90|NAM,no_climate,2055,0.8639994338462991
90|NAM,no_climate,2060,0.8736367670662453
90|NAM,no_climate,2065,0.8752946053751418
90|NAM,no_climate,2070,0.8886075289746982
90|NAM,no_climate,2075,0.8988243379967175
90|NAM,no_climate,2080,0.906579237385059
90|NAM,no_climate,2085,0.9125938363487319
90|NAM,no_climate,2090,0.93660465829085
90|NAM,no_climate,2095,0.9447323959048887
90|NAM,no_climate,2100,0.9368699593338626
91|PAO,2p6,2025,0.2865827462661153
91|PAO,2p6,2030,0.3344045289903934
91|PAO,2p6,2035,0.41744445129195384
91|PAO,2p6,2040,0.47833907449239915
91|PAO,2p6,2045,0.505500082311621
91|PAO,2p6,2050,0.520679182238302
91|PAO,2p6,2055,0.5379133926374386
91|PAO,2p6,2060,0.5262965617042835
91|PAO,2p6,2065,0.5502935993187509
91|PAO,2p6,2070,0.5728150900149357
91|PAO,2p6,2075,0.561198636931872
91|PAO,2p6,2080,0.5390066014925657
91|PAO,2p6,2085,0.5037691610068149
91|PAO,2p6,2090,0.48099480114902554
91|PAO,2p6,2095,0.4618235569201747
91|PAO,2p6,2100,0.4460663386857625
91|PAO,7p0,2025,0.3056160321662448
91|PAO,7p0,2030,0.4079160825441252
91|PAO,7p0,2035,0.46526514188581497
91|PAO,7p0,2040,0.5041011767831388
91|PAO,7p0,2045,0.5416173981381718
91|PAO,7p0,2050,0.5619404993588988
91|PAO,7p0,2055,0.5557875757766987
91|PAO,7p0,2060,0.49922505935220884
91|PAO,7p0,2065,0.5183517183780572
91|PAO,7p0,2070,0.5546275237685395
91|PAO,7p0,2075,0.5906636123172545
91|PAO,7p0,2080,0.6032678176707627
91|PAO,7p0,2085,0.61052260976235
91|PAO,7p0,2090,0.6190777373465481
91|PAO,7p0,2095,0.62645125366101
91|PAO,7p0,2100,0.632741275225934
91|PAO,no_climate,2025,0.29609938921618006
91|PAO,no_climate,2030,0.37116030576725934
91|PAO,no_climate,2035,0.44135479658888443
91|PAO,no_climate,2040,0.49122012563776896
91|PAO,no_climate,2045,0.5235587402248965
91|PAO,no_climate,2050,0.5413098407986003
91|PAO,no_climate,2055,0.5468504842070687
91|PAO,no_climate,2060,0.5127608105282462
91|PAO,no_climate,2065,0.534322658848404
91|PAO,no_climate,2070,0.5637213068917376
91|PAO,no_climate,2075,0.5759311246245633
91|PAO,no_climate,2080,0.5711372095816643
91|PAO,no_climate,2085,0.5571458853845824
91|PAO,no_climate,2090,0.5500362692477868
91|PAO,no_climate,2095,0.5441374052905923
91|PAO,no_climate,2100,0.5394038069558482
92|AFR,2p6,2025,0.0061404150315893255
92|AFR,2p6,2030,0.00870955290420253
92|AFR,2p6,2035,0.012234580671115759
92|AFR,2p6,2040,0.01761981543130074
92|AFR,2p6,2045,0.025420394491581906
92|AFR,2p6,2050,0.03473796404313586
92|AFR,2p6,2055,0.04661082056850847
92|AFR,2p6,2060,0.06114380654635462
92|AFR,2p6,2065,0.07867611075716206
92|AFR,2p6,2070,0.09985701200873007
92|AFR,2p6,2075,0.12882283883363072
92|AFR,2p6,2080,0.1477093686019389
92|AFR,2p6,2085,0.16972799537631955
92|AFR,2p6,2090,0.20143033336433402
92|AFR,2p6,2095,0.2343473905460732
92|AFR,2p6,2100,0.2668924292542264
92|AFR,7p0,2025,0.005903085408868147
92|AFR,7p0,2030,0.007949395534806775
92|AFR,7p0,2035,0.010430384556237876
92|AFR,7p0,2040,0.013084846266559579
92|AFR,7p0,2045,0.016902996794611432
92|AFR,7p0,2050,0.021327275476037015
92|AFR,7p0,2055,0.026082670731288095
92|AFR,7p0,2060,0.032436041293618614
92|AFR,7p0,2065,0.03998904463495834
92|AFR,7p0,2070,0.04808422444987188
92|AFR,7p0,2075,0.05733424060495484
92|AFR,7p0,2080,0.06572006254719473
92|AFR,7p0,2085,0.07274291311233241
92|AFR,7p0,2090,0.07966465983711372
92|AFR,7p0,2095,0.0894347780735875
92|AFR,7p0,2100,0.09915589510450552
92|AFR,no_climate,2025,0.0060217502202287365
92|AFR,no_climate,2030,0.008329474219504652
92|AFR,no_climate,2035,0.011332482613676817
92|AFR,no_climate,2040,0.01535233084893016
92|AFR,no_climate,2045,0.021161695643096667
92|AFR,no_climate,2050,0.028032619759586437
92|AFR,no_climate,2055,0.03634674564989828
92|AFR,no_climate,2060,0.04678992391998662
92|AFR,no_climate,2065,0.0593325776960602
92|AFR,no_climate,2070,0.07397061822930097
92|AFR,no_climate,2075,0.09307853971929278
92|AFR,no_climate,2080,0.10671471557456681
92|AFR,no_climate,2085,0.12123545424432598
92|AFR,no_climate,2090,0.14054749660072388
92|AFR,no_climate,2095,0.16189108430983035
92|AFR,no_climate,2100,0.18302416217936596
93|LAM,2p6,2025,0.01927047079691326
93|LAM,2p6,2030,0.024952500827583324
93|LAM,2p6,2035,0.032112698867738605
93|LAM,2p6,2040,0.04030358905168742
93|LAM,2p6,2045,0.05220667134745007
93|LAM,2p6,2050,0.07223575681696146
93|LAM,2p6,2055,0.08411603528485996
93|LAM,2p6,2060,0.09041632930682231
93|LAM,2p6,2065,0.10214698725306356
93|LAM,2p6,2070,0.11503543598704044
93|LAM,2p6,2075,0.13058814929099938
93|LAM,2p6,2080,0.1314077760403478
93|LAM,2p6,2085,0.12292255640603655
93|LAM,2p6,2090,0.11165518338408116
93|LAM,2p6,2095,0.10225144228276412
93|LAM,2p6,2100,0.09662040684495102
93|LAM,7p0,2025,0.019200769767277727
93|LAM,7p0,2030,0.025223708455947444
93|LAM,7p0,2035,0.032088359284150596
93|LAM,7p0,2040,0.037861425530257176
93|LAM,7p0,2045,0.04417693857645917
93|LAM,7p0,2050,0.05212838238487155
93|LAM,7p0,2055,0.06959240083809082
93|LAM,7p0,2060,0.08371440061611267
93|LAM,7p0,2065,0.09046709457365225
93|LAM,7p0,2070,0.09455246224331873
93|LAM,7p0,2075,0.0974044378090503
93|LAM,7p0,2080,0.10000523266898186
93|LAM,7p0,2085,0.10368506085149752
93|LAM,7p0,2090,0.10576330974855012
93|LAM,7p0,2095,0.11007867920019067
93|LAM,7p0,2100,0.11282983153888945
93|LAM,no_climate,2025,0.019235620282095495
93|LAM,no_climate,2030,0.025088104641765384
93|LAM,no_climate,2035,0.0321005290759446
93|LAM,no_climate,2040,0.0390825072909723
93|LAM,no_climate,2045,0.04819180496195462
93|LAM,no_climate,2050,0.062182069600916504
93|LAM,no_climate,2055,0.07685421806147538
93|LAM,no_climate,2060,0.0870653649614675
93|LAM,no_climate,2065,0.0963070409133579
93|LAM,no_climate,2070,0.10479394911517959
93|LAM,no_climate,2075,0.11399629355002483
93|LAM,no_climate,2080,0.11570650435466484
93|LAM,no_climate,2085,0.11330380862876704
93|LAM,no_climate,2090,0.10870924656631564
93|LAM,no_climate,2095,0.10616506074147739
93|LAM,no_climate,2100,0.10472511919192024
95|AFR,2p6,2025,0.019802797693495747
95|AFR,2p6,2030,0.028088250268985426
95|AFR,2p6,2035,0.03945644140476766
95|AFR,2p6,2040,0.056823787738737176
95|AFR,2p6,2045,0.08198060339829444
95|AFR,2p6,2050,0.11202970331666609
95|AFR,2p6,2055,0.15031958675390983
95|AFR,2p6,2060,0.1971883700073454
95|AFR,2p6,2065,0.2537299346412233
95|AFR,2p6,2070,0.32203820049831927
95|AFR,2p6,2075,0.41545279962353077
95|AFR,2p6,2080,0.47636173268585963
95|AFR,2p6,2085,0.547371657790025
95|AFR,2p6,2090,0.6496114872409315
95|AFR,2p6,2095,0.755768778023684
95|AFR,2p6,2100,0.8607263116999923
95|AFR,7p0,2025,0.019037411236514725
95|AFR,7p0,2030,0.025636747801493776
95|AFR,7p0,2035,0.0336379209173878
95|AFR,7p0,2040,0.04219854230278393
95|AFR,7p0,2045,0.05451205239637684
95|AFR,7p0,2050,0.0687803217588209
95|AFR,7p0,2055,0.08411643987264367
95|AFR,7p0,2060,0.1046060177383727
95|AFR,7p0,2065,0.12896440334869108
95|AFR,7p0,2070,0.15507130448525983
95|AFR,7p0,2075,0.18490254514868834
95|AFR,7p0,2080,0.21194676521549904
95|AFR,7p0,2085,0.23459541164373204
95|AFR,7p0,2090,0.2569179988583268
95|AFR,7p0,2095,0.28842656527982913
95|AFR,7p0,2100,0.31977710313887014
95|AFR,no_climate,2025,0.019420104465005236
95|AFR,no_climate,2030,0.0268624990352396
95|AFR,no_climate,2035,0.03654718116107773
95|AFR,no_climate,2040,0.049511165020760556
95|AFR,no_climate,2045,0.06824632789733565
95|AFR,no_climate,2050,0.0904050125377435
95|AFR,no_climate,2055,0.11721801331327675
95|AFR,no_climate,2060,0.15089719387285905
95|AFR,no_climate,2065,0.19134716899495718
95|AFR,no_climate,2070,0.23855475249178953
95|AFR,no_climate,2075,0.30017767238610954
95|AFR,no_climate,2080,0.34415424895067936
95|AFR,no_climate,2085,0.3909835347168785
95|AFR,no_climate,2090,0.45326474304962916
95|AFR,no_climate,2095,0.5220976716517566
95|AFR,no_climate,2100,0.5902517074194312
95|MEA,2p6,2025,0.7847382953996045
95|MEA,2p6,2030,0.9078067862051974
95|MEA,2p6,2035,1.0459628194707349
95|MEA,2p6,2040,1.1168720921095974
95|MEA,2p6,2045,1.2997111879799155
95|MEA,2p6,2050,1.6304390469378907
95|MEA,2p6,2055,2.063585780662901
95|MEA,2p6,2060,2.4660231692524075
95|MEA,2p6,2065,2.690603326851681
95|MEA,2p6,2070,2.891566396879611
95|MEA,2p6,2075,2.9570335395743346
95|MEA,2p6,2080,2.843995057234035
95|MEA,2p6,2085,2.8756031967990405
95|MEA,2p6,2090,2.865451878942739
95|MEA,2p6,2095,2.824244844772545
95|MEA,2p6,2100,2.753698896877094
95|MEA,7p0,2025,0.6874018399413439
95|MEA,7p0,2030,0.8191246446745025
95|MEA,7p0,2035,0.927306335775191
95|MEA,7p0,2040,1.0399400198442827
95|MEA,7p0,2045,1.1075465454633582
95|MEA,7p0,2050,1.0943120657997063
95|MEA,7p0,2055,1.1669859968177825
95|MEA,7p0,2060,1.1992809738283543
95|MEA,7p0,2065,1.3252078080815959
95|MEA,7p0,2070,1.445314717437263
95|MEA,7p0,2075,1.5634448706937636
95|MEA,7p0,2080,1.7409736397603066
95|MEA,7p0,2085,1.7976663669513129
95|MEA,7p0,2090,1.8819532315625533
95|MEA,7p0,2095,1.9558701747322524
95|MEA,7p0,2100,2.0430405091177093
95|MEA,no_climate,2025,0.7360700676704741
95|MEA,no_climate,2030,0.86346571543985
95|MEA,no_climate,2035,0.9866345776229629
95|MEA,no_climate,2040,1.0784060559769402
95|MEA,no_climate,2045,1.2036288667216368
95|MEA,no_climate,2050,1.3623755563687985
95|MEA,no_climate,2055,1.6152858887403418
95|MEA,no_climate,2060,1.832652071540381
95|MEA,no_climate,2065,2.0079055674666386
95|MEA,no_climate,2070,2.168440557158437
95|MEA,no_climate,2075,2.260239205134049
95|MEA,no_climate,2080,2.2924843484971706
95|MEA,no_climate,2085,2.3366347818751767
95|MEA,no_climate,2090,2.3737025552526463
95|MEA,no_climate,2095,2.3900575097523986
95|MEA,no_climate,2100,2.3983697029974014
96|AFR,2p6,2025,0.014740854163500756
96|AFR,2p6,2030,0.02090839927426106
96|AFR,2p6,2035,0.029370680727068544
96|AFR,2p6,2040,0.042298627751449894
96|AFR,2p6,2045,0.06102491868242306
96|AFR,2p6,2050,0.08339293993361557
96|AFR,2p6,2055,0.1118952554357953
96|AFR,2p6,2060,0.14678355301137186
96|AFR,2p6,2065,0.18887209884941272
96|AFR,2p6,2070,0.23971957003737598
96|AFR,2p6,2075,0.3092557539523846
96|AFR,2p6,2080,0.3545952920026631
96|AFR,2p6,2085,0.4074538307971799
96|AFR,2p6,2090,0.48355936088255835
96|AFR,2p6,2095,0.5625809802537886
96|AFR,2p6,2100,0.6407095215452722
96|AFR,7p0,2025,0.01417111395225871
96|AFR,7p0,2030,0.019083543972798985
96|AFR,7p0,2035,0.025039476455867054
96|AFR,7p0,2040,0.03141185238699711
96|AFR,7p0,2045,0.04057781263866728
96|AFR,7p0,2050,0.0511988612951617
96|AFR,7p0,2055,0.06261479777288151
96|AFR,7p0,2060,0.07786687901237264
96|AFR,7p0,2065,0.09599883266344454
96|AFR,7p0,2070,0.11543235050630431
96|AFR,7p0,2075,0.1376382011614532
96|AFR,7p0,2080,0.15776944272341775
96|AFR,7p0,2085,0.17462869661101021
96|AFR,7p0,2090,0.1912452377571355
96|AFR,7p0,2095,0.2146996601932591
96|AFR,7p0,2100,0.23803644894807333
96|AFR,no_climate,2025,0.014455984057879734
96|AFR,no_climate,2030,0.01999597162353002
96|AFR,no_climate,2035,0.0272050785914678
96|AFR,no_climate,2040,0.0368552400692235
96|AFR,no_climate,2045,0.05080136566054517
96|AFR,no_climate,2050,0.06729590061438864
96|AFR,no_climate,2055,0.0872550266043384
96|AFR,no_climate,2060,0.11232521601187226
96|AFR,no_climate,2065,0.14243546575642863
96|AFR,no_climate,2070,0.17757596027184014
96|AFR,no_climate,2075,0.2234469775569189
96|AFR,no_climate,2080,0.25618236736304045
96|AFR,no_climate,2085,0.29104126370409505
96|AFR,no_climate,2090,0.33740229931984694
96|AFR,no_climate,2095,0.3886403202235238
96|AFR,no_climate,2100,0.43937298524667273
96|MEA,2p6,2025,0.3685304350934916
96|MEA,2p6,2030,0.4263261164419965
96|MEA,2p6,2035,0.491207240950152
96|MEA,2p6,2040,0.5245078014694472
96|MEA,2p6,2045,0.6103730790380368
96|MEA,2p6,2050,0.7656901859943834
96|MEA,2p6,2055,0.9691054585442176
96|MEA,2p6,2060,1.158098944377933
96|MEA,2p6,2065,1.2635667464192237
96|MEA,2p6,2070,1.3579434425347148
96|MEA,2p6,2075,1.388688258638443
96|MEA,2p6,2080,1.335602890786011
96|MEA,2p6,2085,1.3504467712168182
96|MEA,2p6,2090,1.3456794881515126
96|MEA,2p6,2095,1.326327754814833
96|MEA,2p6,2100,1.2931978196193619
96|MEA,7p0,2025,0.32281908585670605
96|MEA,7p0,2030,0.3846790241630512
96|MEA,7p0,2035,0.4354835355832371
96|MEA,7p0,2040,0.48837880122721594
96|MEA,7p0,2045,0.5201283188022057
96|MEA,7p0,2050,0.5139131148580703
96|MEA,7p0,2055,0.5480423979261381
96|MEA,7p0,2060,0.5632088323907385
96|MEA,7p0,2065,0.6223468549510638
96|MEA,7p0,2070,0.6787517122417851
96|MEA,7p0,2075,0.7342282412100959
96|MEA,7p0,2080,0.8175996720288118
96|MEA,7p0,2085,0.8442238288219998
96|MEA,7p0,2090,0.8838068019863579
96|MEA,7p0,2095,0.9185198310137467
96|MEA,7p0,2100,0.9594569452678166
96|MEA,no_climate,2025,0.3456747604750988
96|MEA,no_climate,2030,0.4055025703025239
96|MEA,no_climate,2035,0.4633453882666946
96|MEA,no_climate,2040,0.5064433013483316
96|MEA,no_climate,2045,0.5652506989201213
96|MEA,no_climate,2050,0.6398016504262269
96|MEA,no_climate,2055,0.7585739282351778
96|MEA,no_climate,2060,0.8606538883843358
96|MEA,no_climate,2065,0.9429568006851438
96|MEA,no_climate,2070,1.01834757738825
96|MEA,no_climate,2075,1.0614582499242695
96|MEA,no_climate,2080,1.0766012814074113
96|MEA,no_climate,2085,1.097335300019409
96|MEA,no_climate,2090,1.1147431450689353
96|MEA,no_climate,2095,1.1224237929142897
96|MEA,no_climate,2100,1.126327382443589
97|LAM,2p6,2025,0.3597907973029718
97|LAM,2p6,2030,0.465877573105132
97|LAM,2p6,2035,0.5995625976623574
97|LAM,2p6,2040,0.7524912386365096
97|LAM,2p6,2045,0.9747286460506202
97|LAM,2p6,2050,1.3486832165574898
97|LAM,2p6,2055,1.5704948633612204
97|LAM,2p6,2060,1.6881249842489816
97|LAM,2p6,2065,1.907143129671907
97|LAM,2p6,2070,2.1477778964539826
97|LAM,2p6,2075,2.43815601844321
97|LAM,2p6,2080,2.453458922287477
97|LAM,2p6,2085,2.295034980823177
97|LAM,2p6,2090,2.0846666319747063
97|LAM,2p6,2095,1.9090933652844322
97|LAM,2p6,2100,1.8039586879242617
97|LAM,7p0,2025,0.3584894389039117
97|LAM,7p0,2030,0.4709411758511223
97|LAM,7p0,2035,0.5991081636074015
97|LAM,7p0,2040,0.7068946380251552
97|LAM,7p0,2045,0.8248089068677361
97|LAM,7p0,2050,0.9732669459934187
97|LAM,7p0,2055,1.2993302367981272
97|LAM,7p0,2060,1.5629961125929595
97|LAM,7p0,2065,1.6890728010418627
97|LAM,7p0,2070,1.7653489702458105
97|LAM,7p0,2075,1.8185969979404695
97|LAM,7p0,2080,1.8671553370769547
97|LAM,7p0,2085,1.935859850302305
97|LAM,7p0,2090,1.9746619551156628
97|LAM,7p0,2095,2.0552323901623946
97|LAM,7p0,2100,2.1065979900937113
97|LAM,no_climate,2025,0.35914011810344176
97|LAM,no_climate,2030,0.46840937447812714
97|LAM,no_climate,2035,0.5993353806348795
97|LAM,no_climate,2040,0.7296929383308324
97|LAM,no_climate,2045,0.8997687764591782
97|LAM,no_climate,2050,1.1609750812754542
97|LAM,no_climate,2055,1.4349125500796738
97|LAM,no_climate,2060,1.6255605484209705
97|LAM,no_climate,2065,1.798107965356885
97|LAM,no_climate,2070,1.9565634333498965
97|LAM,no_climate,2075,2.1283765081918395
97|LAM,no_climate,2080,2.1603071296822156
97|LAM,no_climate,2085,2.115447415562741
97|LAM,no_climate,2090,2.0296642935451845
97|LAM,no_climate,2095,1.9821628777234133
97|LAM,no_climate,2100,1.9552783390089865
97|NAM,2p6,2025,0.5732712741803364
97|NAM,2p6,2030,0.89137169627701
97|NAM,2p6,2035,0.9750672114417545
97|NAM,2p6,2040,0.9525716309982257
97|NAM,2p6,2045,0.9170285570079957
97|NAM,2p6,2050,0.9210708409738448
97|NAM,2p6,2055,0.8912963328695198
97|NAM,2p6,2060,0.8796758835791589
97|NAM,2p6,2065,0.8498693516153942
97|NAM,2p6,2070,0.8452874782170197
97|NAM,2p6,2075,0.8349708613653808
97|NAM,2p6,2080,0.8248293940353375
97|NAM,2p6,2085,0.809619259179951
97|NAM,2p6,2090,0.7922646199590561
97|NAM,2p6,2095,0.7746800818069705
97|NAM,2p6,2100,0.7475988987669484
97|NAM,7p0,2025,0.5684901930974429
97|NAM,7p0,2030,0.877900260786383
97|NAM,7p0,2035,0.9761792358710086
97|NAM,7p0,2040,1.031317044841902
97|NAM,7p0,2045,1.0653311824766354
97|NAM,7p0,2050,1.1205333443980496
97|NAM,7p0,2055,1.1694851357868548
97|NAM,7p0,2060,1.2040922178560338
97|NAM,7p0,2065,1.2378529682268564
97|NAM,7p0,2070,1.2741883650337713
97|NAM,7p0,2075,1.3088737602394063
97|NAM,7p0,2080,1.3375119444939556
97|NAM,7p0,2085,1.3670678920897035
97|NAM,7p0,2090,1.4416923106265966
97|NAM,7p0,2095,1.47866284650156
97|NAM,7p0,2100,1.4869908186604985
97|NAM,no_climate,2025,0.5708807336388897
97|NAM,no_climate,2030,0.8846359785316964
97|NAM,no_climate,2035,0.9756232236563815
97|NAM,no_climate,2040,0.9919443379200639
97|NAM,no_climate,2045,0.9911798697423155
97|NAM,no_climate,2050,1.0208020926859471
97|NAM,no_climate,2055,1.0303907343281873
97|NAM,no_climate,2060,1.0418840507175964
97|NAM,no_climate,2065,1.0438611599211254
97|NAM,no_climate,2070,1.0597379216253955
97|NAM,no_climate,2075,1.0719223108023934
97|NAM,no_climate,2080,1.0811706692646466
97|NAM,no_climate,2085,1.0883435756348272
97|NAM,no_climate,2090,1.1169784652928263
97|NAM,no_climate,2095,1.1266714641542652
97|NAM,no_climate,2100,1.1172948587137235
98|CHN,2p6,2025,0.6768564249610044
98|CHN,2p6,2030,0.845473622551197
98|CHN,2p6,2035,0.9999145267237073
98|CHN,2p6,2040,1.19073215821692
98|CHN,2p6,2045,1.5208744904814033
98|CHN,2p6,2050,1.841106428629496
98|CHN,2p6,2055,1.9558819095791846
98|CHN,2p6,2060,2.356593600871815
98|CHN,2p6,2065,3.2646824705512048
98|CHN,2p6,2070,3.2474771968697613
98|CHN,2p6,2075,2.864464613081091
98|CHN,2p6,2080,2.499153714325204
98|CHN,2p6,2085,2.2414023749164365
98|CHN,2p6,2090,1.9966643633629588
98|CHN,2p6,2095,1.7768269513740154
98|CHN,2p6,2100,1.6202373412862712
98|CHN,7p0,2025,0.6784552027268009
98|CHN,7p0,2030,0.8286658256478345
98|CHN,7p0,2035,0.9467582277506327
98|CHN,7p0,2040,0.9685992533882316
98|CHN,7p0,2045,0.9853783318324005
98|CHN,7p0,2050,0.9497559961025877
98|CHN,7p0,2055,0.9124803698962496
98|CHN,7p0,2060,0.8976735734613907
98|CHN,7p0,2065,0.8796101038627666
98|CHN,7p0,2070,0.866257699869252
98|CHN,7p0,2075,0.8566160485552159
98|CHN,7p0,2080,0.837978368754168
98|CHN,7p0,2085,0.805874848687341
98|CHN,7p0,2090,0.790148412756854
98|CHN,7p0,2095,0.7892238052742944
98|CHN,7p0,2100,0.7889988072246202
98|CHN,no_climate,2025,0.6776558138439026
98|CHN,no_climate,2030,0.8370697240995157
98|CHN,no_climate,2035,0.9733363772371699
98|CHN,no_climate,2040,1.0796657058025758
98|CHN,no_climate,2045,1.2531264111569018
98|CHN,no_climate,2050,1.395431212366042
98|CHN,no_climate,2055,1.434181139737717
98|CHN,no_climate,2060,1.6271335871666028
98|CHN,no_climate,2065,2.072146287206986
98|CHN,no_climate,2070,2.056867448369507
98|CHN,no_climate,2075,1.8605403308181536
98|CHN,no_climate,2080,1.6685660415396861
98|CHN,no_climate,2085,1.5236386118018888
98|CHN,no_climate,2090,1.3934063880599064
98|CHN,no_climate,2095,1.283025378324155
98|CHN,no_climate,2100,1.2046180742554458
98|PAS,2p6,2025,0.23934707838867822
98|PAS,2p6,2030,0.33998697877951345
98|PAS,2p6,2035,0.44738421962795527
98|PAS,2p6,2040,0.5932920435459585
98|PAS,2p6,2045,0.7771507668353385
98|PAS,2p6,2050,0.9839477368264958
98|PAS,2p6,2055,1.2037218234975406
98|PAS,2p6,2060,1.5447682774312501
98|PAS,2p6,2065,1.7473388703318338
98|PAS,2p6,2070,1.9122539940396819
98|PAS,2p6,2075,2.14526711082637
98|PAS,2p6,2080,2.3742347354966364
98|PAS,2p6,2085,2.7491312030760855
98|PAS,2p6,2090,2.744766014987212
98|PAS,2p6,2095,2.6237227526920073
98|PAS,2p6,2100,2.4524831387257278
98|PAS,7p0,2025,0.24478455104211372
98|PAS,7p0,2030,0.3302379548505528
98|PAS,7p0,2035,0.4184417138559612
98|PAS,7p0,2040,0.525533259858666
98|PAS,7p0,2045,0.6381020465199538
98|PAS,7p0,2050,0.7247179371963922
98|PAS,7p0,2055,0.7744355810593262
98|PAS,7p0,2060,0.81063458569803
98|PAS,7p0,2065,0.878165786242225
98|PAS,7p0,2070,0.9272902370529181
98|PAS,7p0,2075,0.9661527773547447
98|PAS,7p0,2080,1.0025025221214057
98|PAS,7p0,2085,1.0361531034142029
98|PAS,7p0,2090,1.078156918428936
98|PAS,7p0,2095,1.1055649050707397
98|PAS,7p0,2100,1.148167142682481
98|PAS,no_climate,2025,0.24206581471539595
98|PAS,no_climate,2030,0.33511246681503315
98|PAS,no_climate,2035,0.4329129667419582
98|PAS,no_climate,2040,0.5594126517023122
98|PAS,no_climate,2045,0.7076264066776461
98|PAS,no_climate,2050,0.854332837011444
98|PAS,no_climate,2055,0.9890787022784334
98|PAS,no_climate,2060,1.1777014315646401
98|PAS,no_climate,2065,1.3127523282870293
98|PAS,no_climate,2070,1.4197721155463001
98|PAS,no_climate,2075,1.5557099440905573
98|PAS,no_climate,2080,1.688368628809021
98|PAS,no_climate,2085,1.892642153245144
98|PAS,no_climate,2090,1.911461466708074
98|PAS,no_climate,2095,1.8646438288813734
98|PAS,no_climate,2100,1.8003251407041043
99|LAM,2p6,2025,0.02239757969267917
99|LAM,2p6,2030,0.029001659155466042
99|LAM,2p6,2035,0.03732377582349427
99|LAM,2p6,2040,0.046843839841772594
99|LAM,2p6,2045,0.06067849064597435
99|LAM,2p6,2050,0.083957788941412
99|LAM,2p6,2055,0.0977659354345739
99|LAM,2p6,2060,0.10508860746118652
99|LAM,2p6,2065,0.11872285381496964
99|LAM,2p6,2070,0.13370277105085243
99|LAM,2p6,2075,0.15177929545619337
99|LAM,2p6,2080,0.1527319268490768
99|LAM,2p6,2085,0.14286977117201807
99|LAM,2p6,2090,0.12977398914126392
99|LAM,2p6,2095,0.11884425924801147
99|LAM,2p6,2100,0.1122994495077678
99|LAM,7p0,2025,0.022316567952884326
99|LAM,7p0,2030,0.029316876906685743
99|LAM,7p0,2035,0.03729548654250866
99|LAM,7p0,2040,0.04400537509069088
99|LAM,7p0,2045,0.051345735803368535
99|LAM,7p0,2050,0.06058749736942761
99|LAM,7p0,2055,0.08088548329736107
99|LAM,7p0,2060,0.09729912564069741
99|LAM,7p0,2065,0.105147610643902
99|LAM,7p0,2070,0.10989592992055958
99|LAM,7p0,2075,0.11321070882182432
99|LAM,7p0,2080,0.1162335467562747
99|LAM,7p0,2085,0.12051051776761414
99|LAM,7p0,2090,0.12292601377617114
99|LAM,7p0,2095,0.12794165829337487
99|LAM,7p0,2100,0.1311392529137708
99|LAM,no_climate,2025,0.022357073822781747
99|LAM,no_climate,2030,0.029159268031075894
99|LAM,no_climate,2035,0.037309631183001464
99|LAM,no_climate,2040,0.04542460746623174
99|LAM,no_climate,2045,0.05601211322467144
99|LAM,no_climate,2050,0.0722726431554198
99|LAM,no_climate,2055,0.08932570936596748
99|LAM,no_climate,2060,0.10119386655094197
99|LAM,no_climate,2065,0.11193523222943583
99|LAM,no_climate,2070,0.121799350485706
99|LAM,no_climate,2075,0.13249500213900883
99|LAM,no_climate,2080,0.13448273680267575
99|LAM,no_climate,2085,0.1316901444698161
99|LAM,no_climate,2090,0.12635000145871753
99|LAM,no_climate,2095,0.12339295877069317
99|LAM,no_climate,2100,0.1217193512107693
9|LAM,2p6,2025,0.01645027774473721
9|LAM,2p6,2030,0.021300754577583056
9|LAM,2p6,2035,0.027413072626747925
9|LAM,2p6,2040,0.03440524318254891
9|LAM,2p6,2045,0.04456633430727247
9|LAM,2p6,2050,0.06166420505567781
9|LAM,2p6,2055,0.07180582964499796
9|LAM,2p6,2060,0.07718408882854574
9|LAM,2p6,2065,0.08719798954627432
9|LAM,2p6,2070,0.09820024079416222
9|LAM,2p6,2075,0.11147684707071337
9|LAM,2p6,2080,0.11217652316144788
9|LAM,2p6,2085,0.10493309765407126
9|LAM,2p6,2090,0.09531468108199587
9|LAM,2p6,2095,0.08728715780108852
9|LAM,2p6,2100,0.08248021260920867
9|LAM,7p0,2025,0.016390777314847227
9|LAM,7p0,2030,0.02153227153739682
9|LAM,7p0,2035,0.027392295090255248
9|LAM,7p0,2040,0.03232048517902218
9|LAM,7p0,2045,0.03771173611447808
9|LAM,7p0,2050,0.0444995027704441
9|LAM,7p0,2055,0.05940769868959572
9|LAM,7p0,2060,0.07146297336906998
9|LAM,7p0,2065,0.0772274247048686
9|LAM,7p0,2070,0.0807149073701156
9|LAM,7p0,2075,0.08314950228333397
9|LAM,7p0,2080,0.08536967626111827
9|LAM,7p0,2085,0.08851096929403111
9|LAM,7p0,2090,0.09028507081648511
9|LAM,7p0,2095,0.09396889498449726
9|LAM,7p0,2100,0.09631742193885312
9|LAM,no_climate,2025,0.016420527529792218
9|LAM,no_climate,2030,0.021416513057489938
9|LAM,no_climate,2035,0.027402683858501586
9|LAM,no_climate,2040,0.033362864180785545
9|LAM,no_climate,2045,0.04113903521087528
9|LAM,no_climate,2050,0.05308185391306096
9|LAM,no_climate,2055,0.06560676416729684
9|LAM,no_climate,2060,0.07432353109880786
9|LAM,no_climate,2065,0.08221270712557147
9|LAM,no_climate,2070,0.0894575740821389
9|LAM,no_climate,2075,0.09731317467702366
9|LAM,no_climate,2080,0.09877309971128308
9|LAM,no_climate,2085,0.09672203347405119
9|LAM,no_climate,2090,0.0927998759492405
9|LAM,no_climate,2095,0.09062802639279288
9|LAM,no_climate,2100,0.0893988172740309
